{
	"format_version": "1.12.0",
	"minecraft:geometry": [
		{
			"description": {
				"identifier": "geometry.unknown",
				"texture_width": 512,
				"texture_height": 512,
				"visible_bounds_width": 14,
				"visible_bounds_height": 8,
				"visible_bounds_offset": [0, 3, 0]
			},
			"bones": [
				{
					"name": "bb_main",
					"pivot": [0, 0, 0],
					"cubes": [
						{
							"origin": [-21, 2, -11],
							"size": [42, 56, 2],
							"uv": {
								"north": {"uv": [101, 112], "uv_size": [42, 56]}
							}
						}
					]
				},
				{
					"name": "RightArm",
					"pivot": [-1.15, 31.5, 0.3775],
					"cubes": [
						{
							"origin": [-2.89692, 31.11273, -1.1025],
							"size": [2.45, 1.1, 3],
							"pivot": [-1.77162, 31.7862, 0.4025],
							"rotation": [0, 0, -22.5],
							"uv": {
								"north": {"uv": [275, 110], "uv_size": [2, 1]},
								"east": {"uv": [268, 91], "uv_size": [3, 1]},
								"south": {"uv": [113, 275], "uv_size": [2, 1]},
								"west": {"uv": [99, 268], "uv_size": [3, 1]},
								"up": {"uv": [201, 252], "uv_size": [2, 3]},
								"down": {"uv": [204, 255], "uv_size": [2, -3]}
							}
						},
						{
							"origin": [-2.96808, 24.64541, -1.1225],
							"size": [2.6, 7.11, 2.75],
							"uv": {
								"north": {"uv": [203, 218], "uv_size": [3, 7]},
								"east": {"uv": [218, 211], "uv_size": [3, 7]},
								"south": {"uv": [213, 218], "uv_size": [3, 7]},
								"west": {"uv": [219, 0], "uv_size": [3, 7]},
								"up": {"uv": [239, 155], "uv_size": [3, 3]},
								"down": {"uv": [187, 242], "uv_size": [3, -3]}
							}
						}
					]
				},
				{
					"name": "RightArmC",
					"parent": "RightArm",
					"pivot": [-2.07832, 28.04855, 0.35],
					"cubes": [
						{
							"origin": [-3.06904, 24.69642, -1.15809],
							"size": [0.776, 7.00141, 3.00056],
							"pivot": [-2.90986, 28.3075, 0.34219],
							"rotation": [0, 0, 7.5],
							"uv": {
								"north": {"uv": [101, 247], "uv_size": [1, 7]},
								"east": {"uv": [219, 8], "uv_size": [3, 7]},
								"south": {"uv": [103, 247], "uv_size": [1, 7]},
								"west": {"uv": [219, 16], "uv_size": [3, 7]},
								"up": {"uv": [91, 268], "uv_size": [1, 3]},
								"down": {"uv": [268, 102], "uv_size": [1, -3]}
							}
						},
						{
							"origin": [-3.06232, 24.64714, -1.162],
							"size": [3.016, 7.14141, 3.024],
							"uv": {
								"north": {"uv": [219, 24], "uv_size": [3, 7]},
								"east": {"uv": [219, 32], "uv_size": [3, 7]},
								"south": {"uv": [219, 40], "uv_size": [3, 7]},
								"west": {"uv": [219, 127], "uv_size": [3, 7]},
								"up": {"uv": [200, 239], "uv_size": [3, 3]},
								"down": {"uv": [204, 242], "uv_size": [3, -3]}
							}
						}
					]
				},
				{
					"name": "RightForeArm",
					"parent": "RightArm",
					"pivot": [-1.69308, 24.64541, 0.4025],
					"cubes": [
						{
							"origin": [-2.86808, 23.69376, -1.05552],
							"size": [2.4, 2.05668, 2.05668],
							"pivot": [2.28192, 24.25044, 0.30115],
							"rotation": [-45, 0, 0],
							"uv": {
								"north": {"uv": [260, 200], "uv_size": [2, 2]},
								"east": {"uv": [260, 203], "uv_size": [2, 2]},
								"south": {"uv": [260, 216], "uv_size": [2, 2]},
								"west": {"uv": [224, 260], "uv_size": [2, 2]},
								"up": {"uv": [260, 234], "uv_size": [2, 2]},
								"down": {"uv": [243, 262], "uv_size": [2, -2]}
							}
						},
						{
							"origin": [-2.94308, 18.89541, -1.0975],
							"size": [2.55, 6, 2.7],
							"uv": {
								"north": {"uv": [101, 221], "uv_size": [3, 6]},
								"east": {"uv": [115, 221], "uv_size": [3, 6]},
								"south": {"uv": [119, 221], "uv_size": [3, 6]},
								"west": {"uv": [123, 221], "uv_size": [3, 6]},
								"up": {"uv": [239, 206], "uv_size": [3, 3]},
								"down": {"uv": [239, 228], "uv_size": [3, -3]}
							}
						}
					]
				},
				{
					"name": "RightForeArmC",
					"parent": "RightForeArm",
					"pivot": [-2.18754, 20.6231, 0.25],
					"cubes": [
						{
							"origin": [-2.86808, 23.69376, -1.05552],
							"size": [2.4, 2.05668, 2.05668],
							"inflate": 0.025,
							"pivot": [2.28192, 24.25044, 0.30115],
							"rotation": [-45, 0, 0],
							"uv": {
								"north": {"uv": [260, 248], "uv_size": [2, 2]},
								"east": {"uv": [256, 260], "uv_size": [2, 2]},
								"south": {"uv": [259, 260], "uv_size": [2, 2]},
								"west": {"uv": [12, 261], "uv_size": [2, 2]},
								"up": {"uv": [261, 12], "uv_size": [2, 2]},
								"down": {"uv": [15, 263], "uv_size": [2, -2]}
							}
						},
						{
							"origin": [-3.0443, 16.90485, -1.162],
							"size": [3.016, 7.76, 3.124],
							"uv": {
								"north": {"uv": [212, 36], "uv_size": [3, 8]},
								"east": {"uv": [212, 45], "uv_size": [3, 8]},
								"south": {"uv": [212, 127], "uv_size": [3, 8]},
								"west": {"uv": [130, 212], "uv_size": [3, 8]},
								"up": {"uv": [239, 229], "uv_size": [3, 3]},
								"down": {"uv": [239, 236], "uv_size": [3, -3]}
							}
						},
						{
							"origin": [-4.16425, 16.72757, -1.28581],
							"size": [1.43, 1, 3.36343],
							"pivot": [-3.15277, 20.72363, 0.24591],
							"rotation": [0, 0, 7.5],
							"uv": {
								"north": {"uv": [288, 150], "uv_size": [1, 1]},
								"east": {"uv": [103, 268], "uv_size": [3, 1]},
								"south": {"uv": [151, 288], "uv_size": [1, 1]},
								"west": {"uv": [268, 108], "uv_size": [3, 1]},
								"up": {"uv": [107, 268], "uv_size": [1, 3]},
								"down": {"uv": [113, 271], "uv_size": [1, -3]}
							}
						},
						{
							"origin": [-3.44572, 16.72882, -1.303],
							"size": [3.7576, 1, 3.4064],
							"uv": {
								"north": {"uv": [260, 143], "uv_size": [4, 1]},
								"east": {"uv": [268, 110], "uv_size": [3, 1]},
								"south": {"uv": [260, 177], "uv_size": [4, 1]},
								"west": {"uv": [166, 268], "uv_size": [3, 1]},
								"up": {"uv": [36, 233], "uv_size": [4, 3]},
								"down": {"uv": [78, 236], "uv_size": [4, -3]}
							}
						},
						{
							"origin": [-4.16425, 19.52757, -1.28581],
							"size": [1.03, 1, 3.36343],
							"pivot": [-3.15277, 20.72363, 0.24591],
							"rotation": [0, 0, 7.5],
							"uv": {
								"north": {"uv": [288, 152], "uv_size": [1, 1]},
								"east": {"uv": [268, 169], "uv_size": [3, 1]},
								"south": {"uv": [153, 288], "uv_size": [1, 1]},
								"west": {"uv": [268, 171], "uv_size": [3, 1]},
								"up": {"uv": [115, 268], "uv_size": [1, 3]},
								"down": {"uv": [138, 271], "uv_size": [1, -3]}
							}
						},
						{
							"origin": [-3.34572, 19.52882, -1.303],
							"size": [3.6576, 1, 3.4064],
							"uv": {
								"north": {"uv": [260, 183], "uv_size": [4, 1]},
								"east": {"uv": [172, 268], "uv_size": [3, 1]},
								"south": {"uv": [260, 237], "uv_size": [4, 1]},
								"west": {"uv": [268, 173], "uv_size": [3, 1]},
								"up": {"uv": [83, 233], "uv_size": [4, 3]},
								"down": {"uv": [137, 236], "uv_size": [4, -3]}
							}
						},
						{
							"origin": [-4.10635, 16.93308, -1.14637],
							"size": [1.5, 7.80141, 3.08494],
							"pivot": [-3.40635, 20.48378, 0.2461],
							"rotation": [0, 0, 7.5],
							"uv": {
								"north": {"uv": [225, 73], "uv_size": [2, 8]},
								"east": {"uv": [134, 212], "uv_size": [3, 8]},
								"south": {"uv": [105, 225], "uv_size": [2, 8]},
								"west": {"uv": [212, 136], "uv_size": [3, 8]},
								"up": {"uv": [252, 210], "uv_size": [2, 3]},
								"down": {"uv": [252, 225], "uv_size": [2, -3]}
							}
						}
					]
				},
				{
					"name": "RightHand",
					"parent": "RightForeArm",
					"pivot": [-1.99308, 19.17041, 0.4025],
					"cubes": [
						{
							"origin": [-2.84308, 18.35902, -0.9339],
							"size": [2.35, 1.82132, 1.82132],
							"pivot": [2.38192, 18.89541, -0.1975],
							"rotation": [-45, 0, 0],
							"uv": {
								"north": {"uv": [18, 261], "uv_size": [2, 2]},
								"east": {"uv": [261, 20], "uv_size": [2, 2]},
								"south": {"uv": [261, 23], "uv_size": [2, 2]},
								"west": {"uv": [261, 26], "uv_size": [2, 2]},
								"up": {"uv": [34, 261], "uv_size": [2, 2]},
								"down": {"uv": [261, 39], "uv_size": [2, -2]}
							}
						},
						{
							"origin": [-2.97308, 16.14541, -1.1275],
							"size": [2.6, 3, 2.75],
							"uv": {
								"north": {"uv": [239, 237], "uv_size": [3, 3]},
								"east": {"uv": [10, 240], "uv_size": [3, 3]},
								"south": {"uv": [240, 12], "uv_size": [3, 3]},
								"west": {"uv": [240, 16], "uv_size": [3, 3]},
								"up": {"uv": [28, 240], "uv_size": [3, 3]},
								"down": {"uv": [32, 243], "uv_size": [3, -3]}
							}
						}
					]
				},
				{
					"name": "RightHandLocator",
					"parent": "RightHand",
					"pivot": [-1.89808, 17.14541, 0.3975]
				},
				{
					"name": "LeftArm",
					"pivot": [1.15, 31.5, 0.3775],
					"cubes": [
						{
							"origin": [0.44692, 31.11273, -1.1025],
							"size": [2.45, 1.1, 3],
							"pivot": [1.77162, 31.7862, 0.4025],
							"rotation": [0, 0, 22.5],
							"uv": {
								"north": {"uv": [275, 85], "uv_size": [2, 1]},
								"east": {"uv": [41, 268], "uv_size": [3, 1]},
								"south": {"uv": [106, 275], "uv_size": [2, 1]},
								"west": {"uv": [268, 41], "uv_size": [3, 1]},
								"up": {"uv": [252, 186], "uv_size": [2, 3]},
								"down": {"uv": [187, 255], "uv_size": [2, -3]}
							}
						},
						{
							"origin": [0.36808, 24.64541, -1.1225],
							"size": [2.6, 7.11, 2.75],
							"uv": {
								"north": {"uv": [35, 218], "uv_size": [3, 7]},
								"east": {"uv": [39, 218], "uv_size": [3, 7]},
								"south": {"uv": [43, 218], "uv_size": [3, 7]},
								"west": {"uv": [47, 218], "uv_size": [3, 7]},
								"up": {"uv": [239, 51], "uv_size": [3, 3]},
								"down": {"uv": [239, 58], "uv_size": [3, -3]}
							}
						}
					]
				},
				{
					"name": "LeftArmC",
					"parent": "LeftArm",
					"pivot": [2.07832, 28.04855, 0.35],
					"cubes": [
						{
							"origin": [2.29304, 24.69642, -1.15809],
							"size": [0.776, 7.00141, 3.00056],
							"pivot": [2.90986, 28.3075, 0.34219],
							"rotation": [0, 0, -7.5],
							"uv": {
								"north": {"uv": [70, 247], "uv_size": [1, 7]},
								"east": {"uv": [51, 218], "uv_size": [3, 7]},
								"south": {"uv": [247, 98], "uv_size": [1, 7]},
								"west": {"uv": [55, 218], "uv_size": [3, 7]},
								"up": {"uv": [260, 267], "uv_size": [1, 3]},
								"down": {"uv": [28, 271], "uv_size": [1, -3]}
							}
						},
						{
							"origin": [0.04632, 24.64714, -1.162],
							"size": [3.016, 7.14141, 3.024],
							"uv": {
								"north": {"uv": [59, 218], "uv_size": [3, 7]},
								"east": {"uv": [63, 218], "uv_size": [3, 7]},
								"south": {"uv": [67, 218], "uv_size": [3, 7]},
								"west": {"uv": [218, 156], "uv_size": [3, 7]},
								"up": {"uv": [239, 59], "uv_size": [3, 3]},
								"down": {"uv": [239, 66], "uv_size": [3, -3]}
							}
						}
					]
				},
				{
					"name": "LeftForeArm",
					"parent": "LeftArm",
					"pivot": [1.69308, 24.64541, 0.4025],
					"cubes": [
						{
							"origin": [0.46808, 23.69376, -1.05552],
							"size": [2.4, 2.05668, 2.05668],
							"pivot": [-2.28192, 24.25044, 0.30115],
							"rotation": [-45, 0, 0],
							"uv": {
								"north": {"uv": [260, 132], "uv_size": [2, 2]},
								"east": {"uv": [260, 135], "uv_size": [2, 2]},
								"south": {"uv": [260, 140], "uv_size": [2, 2]},
								"west": {"uv": [141, 260], "uv_size": [2, 2]},
								"up": {"uv": [144, 260], "uv_size": [2, 2]},
								"down": {"uv": [260, 151], "uv_size": [2, -2]}
							}
						},
						{
							"origin": [0.39308, 18.89541, -1.0975],
							"size": [2.55, 6, 2.7],
							"uv": {
								"north": {"uv": [89, 221], "uv_size": [3, 6]},
								"east": {"uv": [93, 221], "uv_size": [3, 6]},
								"south": {"uv": [221, 96], "uv_size": [3, 6]},
								"west": {"uv": [97, 221], "uv_size": [3, 6]},
								"up": {"uv": [65, 239], "uv_size": [3, 3]},
								"down": {"uv": [239, 70], "uv_size": [3, -3]}
							}
						}
					]
				},
				{
					"name": "LeftForeArmC",
					"parent": "LeftForeArm",
					"pivot": [2.18754, 20.6231, 0.25],
					"cubes": [
						{
							"origin": [0.46808, 23.69376, -1.05552],
							"size": [2.4, 2.05668, 2.05668],
							"inflate": 0.025,
							"pivot": [-2.28192, 24.25044, 0.30115],
							"rotation": [-45, 0, 0],
							"uv": {
								"north": {"uv": [154, 260], "uv_size": [2, 2]},
								"east": {"uv": [260, 155], "uv_size": [2, 2]},
								"south": {"uv": [260, 158], "uv_size": [2, 2]},
								"west": {"uv": [260, 164], "uv_size": [2, 2]},
								"up": {"uv": [260, 167], "uv_size": [2, 2]},
								"down": {"uv": [170, 262], "uv_size": [2, -2]}
							}
						},
						{
							"origin": [0.0283, 16.90485, -1.162],
							"size": [3.016, 7.76, 3.124],
							"uv": {
								"north": {"uv": [205, 209], "uv_size": [3, 8]},
								"east": {"uv": [211, 77], "uv_size": [3, 8]},
								"south": {"uv": [211, 150], "uv_size": [3, 8]},
								"west": {"uv": [162, 211], "uv_size": [3, 8]},
								"up": {"uv": [69, 239], "uv_size": [3, 3]},
								"down": {"uv": [239, 85], "uv_size": [3, -3]}
							}
						},
						{
							"origin": [2.73425, 16.72757, -1.28581],
							"size": [1.43, 1, 3.36343],
							"pivot": [3.15277, 20.72363, 0.24591],
							"rotation": [0, 0, -7.5],
							"uv": {
								"north": {"uv": [288, 144], "uv_size": [1, 1]},
								"east": {"uv": [268, 43], "uv_size": [3, 1]},
								"south": {"uv": [146, 288], "uv_size": [1, 1]},
								"west": {"uv": [45, 268], "uv_size": [3, 1]},
								"up": {"uv": [49, 268], "uv_size": [1, 3]},
								"down": {"uv": [55, 271], "uv_size": [1, -3]}
							}
						},
						{
							"origin": [-0.31188, 16.72882, -1.303],
							"size": [3.7576, 1, 3.4064],
							"uv": {
								"north": {"uv": [259, 175], "uv_size": [4, 1]},
								"east": {"uv": [268, 45], "uv_size": [3, 1]},
								"south": {"uv": [259, 209], "uv_size": [4, 1]},
								"west": {"uv": [57, 268], "uv_size": [3, 1]},
								"up": {"uv": [232, 34], "uv_size": [4, 3]},
								"down": {"uv": [232, 78], "uv_size": [4, -3]}
							}
						},
						{
							"origin": [3.13425, 19.52757, -1.28581],
							"size": [1.03, 1, 3.36343],
							"pivot": [3.15277, 20.72363, 0.24591],
							"rotation": [0, 0, -7.5],
							"uv": {
								"north": {"uv": [288, 146], "uv_size": [1, 1]},
								"east": {"uv": [63, 268], "uv_size": [3, 1]},
								"south": {"uv": [288, 148], "uv_size": [1, 1]},
								"west": {"uv": [268, 77], "uv_size": [3, 1]},
								"up": {"uv": [67, 268], "uv_size": [1, 3]},
								"down": {"uv": [73, 271], "uv_size": [1, -3]}
							}
						},
						{
							"origin": [-0.31188, 19.52882, -1.303],
							"size": [3.6576, 1, 3.4064],
							"uv": {
								"north": {"uv": [260, 96], "uv_size": [4, 1]},
								"east": {"uv": [268, 79], "uv_size": [3, 1]},
								"south": {"uv": [260, 126], "uv_size": [4, 1]},
								"west": {"uv": [268, 89], "uv_size": [3, 1]},
								"up": {"uv": [233, 0], "uv_size": [4, 3]},
								"down": {"uv": [31, 236], "uv_size": [4, -3]}
							}
						},
						{
							"origin": [2.60635, 16.93308, -1.14637],
							"size": [1.5, 7.80141, 3.08494],
							"pivot": [3.40635, 20.48378, 0.2461],
							"rotation": [0, 0, -7.5],
							"uv": {
								"north": {"uv": [225, 55], "uv_size": [2, 8]},
								"east": {"uv": [166, 211], "uv_size": [3, 8]},
								"south": {"uv": [225, 64], "uv_size": [2, 8]},
								"west": {"uv": [209, 211], "uv_size": [3, 8]},
								"up": {"uv": [252, 194], "uv_size": [2, 3]},
								"down": {"uv": [198, 255], "uv_size": [2, -3]}
							}
						}
					]
				},
				{
					"name": "LeftHand",
					"parent": "LeftForeArm",
					"pivot": [1.99308, 19.17041, 0.4025],
					"cubes": [
						{
							"origin": [0.49308, 18.35902, -0.9339],
							"size": [2.35, 1.82132, 2.02132],
							"pivot": [-2.38192, 18.89541, -0.1975],
							"rotation": [-45, 0, 0],
							"uv": {
								"north": {"uv": [179, 260], "uv_size": [2, 2]},
								"east": {"uv": [182, 260], "uv_size": [2, 2]},
								"south": {"uv": [189, 260], "uv_size": [2, 2]},
								"west": {"uv": [260, 189], "uv_size": [2, 2]},
								"up": {"uv": [260, 192], "uv_size": [2, 2]},
								"down": {"uv": [260, 197], "uv_size": [2, -2]}
							}
						},
						{
							"origin": [0.37308, 16.14541, -1.1275],
							"size": [2.6, 3, 2.75],
							"uv": {
								"north": {"uv": [239, 86], "uv_size": [3, 3]},
								"east": {"uv": [239, 100], "uv_size": [3, 3]},
								"south": {"uv": [102, 239], "uv_size": [3, 3]},
								"west": {"uv": [239, 123], "uv_size": [3, 3]},
								"up": {"uv": [239, 133], "uv_size": [3, 3]},
								"down": {"uv": [239, 154], "uv_size": [3, -3]}
							}
						}
					]
				},
				{
					"name": "LeftHandLocator",
					"parent": "LeftHand",
					"pivot": [1.89808, 17.14541, 0.3975]
				}
			]
		}
	]
}