{
	"format_version": "1.12.0",
	"minecraft:geometry": [
		{
			"description": {
				"identifier": "geometry.unknown",
				"texture_width": 128,
				"texture_height": 128,
				"visible_bounds_width": 3,
				"visible_bounds_height": 4.5,
				"visible_bounds_offset": [0, 1.75, 0]
			},
			"bones": [
				{
					"name": "LeftArm",
					"pivot": [2.25, 30.1, 0],
					"cubes": [
						{
							"origin": [0.8375, 26.15, -1.8],
							"size": [3.4125, 5.25, 3.6],
							"uv": {
								"north": {"uv": [17, 86], "uv_size": [3, 5]},
								"east": {"uv": [79, 79], "uv_size": [4, 5]},
								"south": {"uv": [86, 42], "uv_size": [3, 5]},
								"west": {"uv": [6, 80], "uv_size": [4, 5]},
								"up": {"uv": [90, 68], "uv_size": [3, 4]},
								"down": {"uv": [86, 94], "uv_size": [3, -4]}
							}
						},
						{
							"origin": [0.5875, 25.9, -2.05],
							"size": [3.9125, 1, 4.1],
							"uv": {
								"north": {"uv": [107, 50], "uv_size": [4, 1]},
								"east": {"uv": [107, 51], "uv_size": [4, 1]},
								"south": {"uv": [107, 52], "uv_size": [4, 1]},
								"west": {"uv": [53, 107], "uv_size": [4, 1]},
								"up": {"uv": [4, 85], "uv_size": [4, 4]},
								"down": {"uv": [85, 24], "uv_size": [4, -4]}
							}
						},
						{
							"origin": [0.85312, 24.776, -1.5125],
							"size": [3.21876, 6.374, 3.125],
							"uv": {
								"north": {"uv": [82, 40], "uv_size": [3, 6]},
								"east": {"uv": [46, 82], "uv_size": [3, 6]},
								"south": {"uv": [72, 82], "uv_size": [3, 6]},
								"west": {"uv": [75, 82], "uv_size": [3, 6]},
								"up": {"uv": [95, 72], "uv_size": [3, 3]},
								"down": {"uv": [95, 88], "uv_size": [3, -3]}
							}
						}
					]
				},
				{
					"name": "LeftForeArm",
					"parent": "LeftArm",
					"pivot": [2.52488, 25.07393, 0.0422],
					"cubes": [
						{
							"origin": [1.025, 24.776, -1.45],
							"size": [3, 0.59475, 2.99],
							"inflate": -0.0001,
							"pivot": [2.525, 25.07337, 0.045],
							"rotation": [45, 0, 0],
							"uv": {
								"north": {"uv": [110, 89], "uv_size": [3, 1]},
								"east": {"uv": [110, 90], "uv_size": [3, 1]},
								"south": {"uv": [92, 110], "uv_size": [3, 1]},
								"west": {"uv": [95, 110], "uv_size": [3, 1]},
								"up": {"uv": [72, 97], "uv_size": [3, 3]},
								"down": {"uv": [75, 100], "uv_size": [3, -3]}
							}
						},
						{
							"origin": [1.025, 24.776, -1.45],
							"size": [3, 0.59475, 2.99],
							"inflate": -0.0001,
							"pivot": [2.525, 25.07337, 0.045],
							"rotation": [22.5, 0, 0],
							"uv": {
								"north": {"uv": [77, 110], "uv_size": [3, 1]},
								"east": {"uv": [80, 110], "uv_size": [3, 1]},
								"south": {"uv": [86, 110], "uv_size": [3, 1]},
								"west": {"uv": [89, 110], "uv_size": [3, 1]},
								"up": {"uv": [66, 97], "uv_size": [3, 3]},
								"down": {"uv": [69, 100], "uv_size": [3, -3]}
							}
						},
						{
							"origin": [1.02313, 24.78492, -1.45],
							"size": [3.00187, 0.58583, 2.94515],
							"inflate": -0.0001,
							"uv": {
								"north": {"uv": [110, 58], "uv_size": [3, 1]},
								"east": {"uv": [110, 66], "uv_size": [3, 1]},
								"south": {"uv": [110, 67], "uv_size": [3, 1]},
								"west": {"uv": [70, 110], "uv_size": [3, 1]},
								"up": {"uv": [40, 97], "uv_size": [3, 3]},
								"down": {"uv": [63, 100], "uv_size": [3, -3]}
							}
						},
						{
							"origin": [1.025, 24.776, -1.45],
							"size": [3, 0.59475, 2.99],
							"inflate": -0.0001,
							"pivot": [2.525, 25.07337, 0.045],
							"rotation": [-22.5, 0, 0],
							"uv": {
								"north": {"uv": [110, 54], "uv_size": [3, 1]},
								"east": {"uv": [110, 55], "uv_size": [3, 1]},
								"south": {"uv": [110, 56], "uv_size": [3, 1]},
								"west": {"uv": [110, 57], "uv_size": [3, 1]},
								"up": {"uv": [34, 97], "uv_size": [3, 3]},
								"down": {"uv": [37, 100], "uv_size": [3, -3]}
							}
						},
						{
							"origin": [1.025, 24.776, -1.45],
							"size": [3, 0.59475, 2.99],
							"inflate": -0.0001,
							"pivot": [2.525, 25.07337, 0.045],
							"rotation": [-45, 0, 0],
							"uv": {
								"north": {"uv": [110, 18], "uv_size": [3, 1]},
								"east": {"uv": [110, 21], "uv_size": [3, 1]},
								"south": {"uv": [110, 32], "uv_size": [3, 1]},
								"west": {"uv": [110, 53], "uv_size": [3, 1]},
								"up": {"uv": [97, 30], "uv_size": [3, 3]},
								"down": {"uv": [31, 100], "uv_size": [3, -3]}
							}
						},
						{
							"origin": [1.025, 23.57837, -0.25237],
							"size": [3, 2.99, 0.59474],
							"inflate": -0.0001,
							"pivot": [2.525, 25.07337, 0.045],
							"rotation": [22.5, 0, 0],
							"uv": {
								"north": {"uv": [97, 22], "uv_size": [3, 3]},
								"east": {"uv": [6, 110], "uv_size": [1, 3]},
								"south": {"uv": [28, 97], "uv_size": [3, 3]},
								"west": {"uv": [7, 110], "uv_size": [1, 3]},
								"up": {"uv": [10, 110], "uv_size": [3, 1]},
								"down": {"uv": [15, 111], "uv_size": [3, -1]}
							}
						},
						{
							"origin": [1.025, 23.57837, -0.25237],
							"size": [3, 2.99, 0.59474],
							"inflate": -0.0001,
							"uv": {
								"north": {"uv": [97, 12], "uv_size": [3, 3]},
								"east": {"uv": [4, 110], "uv_size": [1, 3]},
								"south": {"uv": [97, 15], "uv_size": [3, 3]},
								"west": {"uv": [5, 110], "uv_size": [1, 3]},
								"up": {"uv": [110, 4], "uv_size": [3, 1]},
								"down": {"uv": [110, 6], "uv_size": [3, -1]}
							}
						},
						{
							"origin": [1.025, 23.57837, -0.25237],
							"size": [3, 2.99, 0.59474],
							"inflate": -0.0001,
							"pivot": [2.525, 25.07337, 0.045],
							"rotation": [-22.5, 0, 0],
							"uv": {
								"north": {"uv": [97, 6], "uv_size": [3, 3]},
								"east": {"uv": [0, 110], "uv_size": [1, 3]},
								"south": {"uv": [97, 9], "uv_size": [3, 3]},
								"west": {"uv": [110, 0], "uv_size": [1, 3]},
								"up": {"uv": [1, 110], "uv_size": [3, 1]},
								"down": {"uv": [110, 4], "uv_size": [3, -1]}
							}
						}
					]
				},
				{
					"name": "bone3",
					"parent": "LeftForeArm",
					"pivot": [-1, 1, 0],
					"cubes": [
						{
							"origin": [0.975, 18.776, -1.449],
							"size": [3.049, 5.999, 2.998],
							"inflate": 0.001,
							"uv": {
								"north": {"uv": [36, 83], "uv_size": [3, 6]},
								"east": {"uv": [83, 46], "uv_size": [3, 6]},
								"south": {"uv": [83, 52], "uv_size": [3, 6]},
								"west": {"uv": [83, 58], "uv_size": [3, 6]},
								"up": {"uv": [96, 40], "uv_size": [3, 3]},
								"down": {"uv": [96, 46], "uv_size": [3, -3]}
							}
						},
						{
							"origin": [1.025, 15.775, -1.45],
							"size": [3, 3, 3],
							"uv": {
								"north": {"uv": [95, 88], "uv_size": [3, 3]},
								"east": {"uv": [95, 91], "uv_size": [3, 3]},
								"south": {"uv": [95, 94], "uv_size": [3, 3]},
								"west": {"uv": [20, 96], "uv_size": [3, 3]},
								"up": {"uv": [96, 34], "uv_size": [3, 3]},
								"down": {"uv": [96, 40], "uv_size": [3, -3]}
							}
						}
					]
				},
				{
					"name": "LeftHand",
					"parent": "LeftForeArm",
					"pivot": [2.5, 17.1, 0]
				},
				{
					"name": "LeftHandLocator",
					"parent": "LeftHand",
					"pivot": [2.5, 16.6, 0]
				},
				{
					"name": "BladeLocator2",
					"parent": "LeftHand",
					"pivot": [2.5, 17.1, 0]
				},
				{
					"name": "RightArm",
					"pivot": [-2.25, 30.1, 0],
					"cubes": [
						{
							"origin": [-4.25, 26.15, -1.8],
							"size": [3.4125, 5.25, 3.6],
							"uv": {
								"north": {"uv": [11, 86], "uv_size": [3, 5]},
								"east": {"uv": [36, 78], "uv_size": [4, 5]},
								"south": {"uv": [14, 86], "uv_size": [3, 5]},
								"west": {"uv": [78, 42], "uv_size": [4, 5]},
								"up": {"uv": [22, 88], "uv_size": [3, 4]},
								"down": {"uv": [88, 28], "uv_size": [3, -4]}
							}
						},
						{
							"origin": [-4.5, 25.9, -2.05],
							"size": [3.9125, 1, 4.1],
							"uv": {
								"north": {"uv": [107, 47], "uv_size": [4, 1]},
								"east": {"uv": [107, 48], "uv_size": [4, 1]},
								"south": {"uv": [49, 107], "uv_size": [4, 1]},
								"west": {"uv": [107, 49], "uv_size": [4, 1]},
								"up": {"uv": [0, 85], "uv_size": [4, 4]},
								"down": {"uv": [85, 4], "uv_size": [4, -4]}
							}
						},
						{
							"origin": [-4.04063, 24.776, -1.46562],
							"size": [3.15625, 6.374, 3.03125],
							"uv": {
								"north": {"uv": [40, 81], "uv_size": [3, 6]},
								"east": {"uv": [43, 81], "uv_size": [3, 6]},
								"south": {"uv": [22, 82], "uv_size": [3, 6]},
								"west": {"uv": [25, 82], "uv_size": [3, 6]},
								"up": {"uv": [95, 19], "uv_size": [3, 3]},
								"down": {"uv": [95, 30], "uv_size": [3, -3]}
							}
						}
					]
				},
				{
					"name": "RightForeArm",
					"parent": "RightArm",
					"pivot": [-2.51914, 25.07337, 0.045],
					"cubes": [
						{
							"origin": [-4.025, 23.57837, -0.25237],
							"size": [3, 2.99, 0.59474],
							"inflate": -0.0001,
							"pivot": [-2.525, 25.07337, 0.045],
							"rotation": [-22.5, 0, 0],
							"uv": {
								"north": {"uv": [3, 97], "uv_size": [3, 3]},
								"east": {"uv": [109, 100], "uv_size": [1, 3]},
								"south": {"uv": [97, 3], "uv_size": [3, 3]},
								"west": {"uv": [109, 103], "uv_size": [1, 3]},
								"up": {"uv": [104, 109], "uv_size": [3, 1]},
								"down": {"uv": [107, 110], "uv_size": [3, -1]}
							}
						},
						{
							"origin": [-4.025, 23.57837, -0.25237],
							"size": [3, 2.99, 0.59474],
							"inflate": -0.0001,
							"uv": {
								"north": {"uv": [96, 81], "uv_size": [3, 3]},
								"east": {"uv": [25, 109], "uv_size": [1, 3]},
								"south": {"uv": [0, 97], "uv_size": [3, 3]},
								"west": {"uv": [109, 95], "uv_size": [1, 3]},
								"up": {"uv": [109, 98], "uv_size": [3, 1]},
								"down": {"uv": [109, 100], "uv_size": [3, -1]}
							}
						},
						{
							"origin": [-4.025, 23.57837, -0.25237],
							"size": [3, 2.99, 0.59474],
							"inflate": -0.0001,
							"pivot": [-2.525, 25.07337, 0.045],
							"rotation": [22.5, 0, 0],
							"uv": {
								"north": {"uv": [96, 75], "uv_size": [3, 3]},
								"east": {"uv": [13, 109], "uv_size": [1, 3]},
								"south": {"uv": [96, 78], "uv_size": [3, 3]},
								"west": {"uv": [18, 109], "uv_size": [1, 3]},
								"up": {"uv": [93, 109], "uv_size": [3, 1]},
								"down": {"uv": [109, 95], "uv_size": [3, -1]}
							}
						},
						{
							"origin": [-4.025, 24.776, -1.45],
							"size": [3, 0.59475, 2.99],
							"inflate": -0.0001,
							"pivot": [-2.525, 25.07337, 0.045],
							"rotation": [-45, 0, 0],
							"uv": {
								"north": {"uv": [109, 74], "uv_size": [3, 1]},
								"east": {"uv": [109, 75], "uv_size": [3, 1]},
								"south": {"uv": [109, 76], "uv_size": [3, 1]},
								"west": {"uv": [90, 109], "uv_size": [3, 1]},
								"up": {"uv": [96, 64], "uv_size": [3, 3]},
								"down": {"uv": [96, 70], "uv_size": [3, -3]}
							}
						},
						{
							"origin": [-4.025, 24.776, -1.45],
							"size": [3, 0.59475, 2.99],
							"inflate": -0.0001,
							"pivot": [-2.525, 25.07337, 0.045],
							"rotation": [-22.5, 0, 0],
							"uv": {
								"north": {"uv": [109, 70], "uv_size": [3, 1]},
								"east": {"uv": [109, 71], "uv_size": [3, 1]},
								"south": {"uv": [109, 72], "uv_size": [3, 1]},
								"west": {"uv": [109, 73], "uv_size": [3, 1]},
								"up": {"uv": [96, 58], "uv_size": [3, 3]},
								"down": {"uv": [96, 64], "uv_size": [3, -3]}
							}
						},
						{
							"origin": [-4.025, 24.78492, -1.45],
							"size": [3.00187, 0.58583, 2.94515],
							"inflate": -0.0001,
							"uv": {
								"north": {"uv": [109, 63], "uv_size": [3, 1]},
								"east": {"uv": [109, 64], "uv_size": [3, 1]},
								"south": {"uv": [109, 68], "uv_size": [3, 1]},
								"west": {"uv": [109, 69], "uv_size": [3, 1]},
								"up": {"uv": [96, 52], "uv_size": [3, 3]},
								"down": {"uv": [96, 58], "uv_size": [3, -3]}
							}
						},
						{
							"origin": [-4.025, 24.776, -1.45],
							"size": [3, 0.59475, 2.99],
							"inflate": -0.0001,
							"pivot": [-2.525, 25.07337, 0.045],
							"rotation": [22.5, 0, 0],
							"uv": {
								"north": {"uv": [109, 59], "uv_size": [3, 1]},
								"east": {"uv": [109, 60], "uv_size": [3, 1]},
								"south": {"uv": [109, 61], "uv_size": [3, 1]},
								"west": {"uv": [109, 62], "uv_size": [3, 1]},
								"up": {"uv": [96, 49], "uv_size": [3, 3]},
								"down": {"uv": [52, 99], "uv_size": [3, -3]}
							}
						},
						{
							"origin": [-4.025, 24.776, -1.45],
							"size": [3, 0.59475, 2.99],
							"inflate": -0.0001,
							"pivot": [-2.525, 25.07337, 0.045],
							"rotation": [45, 0, 0],
							"uv": {
								"north": {"uv": [109, 33], "uv_size": [3, 1]},
								"east": {"uv": [109, 34], "uv_size": [3, 1]},
								"south": {"uv": [109, 35], "uv_size": [3, 1]},
								"west": {"uv": [109, 36], "uv_size": [3, 1]},
								"up": {"uv": [96, 46], "uv_size": [3, 3]},
								"down": {"uv": [49, 99], "uv_size": [3, -3]}
							}
						}
					]
				},
				{
					"name": "bone2",
					"parent": "RightForeArm",
					"pivot": [1, 1, 0],
					"cubes": [
						{
							"origin": [-4.024, 18.776, -1.449],
							"size": [3.049, 5.999, 2.998],
							"inflate": 0.001,
							"uv": {
								"north": {"uv": [81, 9], "uv_size": [3, 6]},
								"east": {"uv": [81, 15], "uv_size": [3, 6]},
								"south": {"uv": [30, 81], "uv_size": [3, 6]},
								"west": {"uv": [81, 34], "uv_size": [3, 6]},
								"up": {"uv": [86, 94], "uv_size": [3, 3]},
								"down": {"uv": [89, 97], "uv_size": [3, -3]}
							}
						},
						{
							"origin": [-4.025, 15.775, -1.45],
							"size": [3, 3, 3],
							"uv": {
								"north": {"uv": [63, 94], "uv_size": [3, 3]},
								"east": {"uv": [66, 94], "uv_size": [3, 3]},
								"south": {"uv": [69, 94], "uv_size": [3, 3]},
								"west": {"uv": [72, 94], "uv_size": [3, 3]},
								"up": {"uv": [75, 94], "uv_size": [3, 3]},
								"down": {"uv": [78, 97], "uv_size": [3, -3]}
							}
						}
					]
				},
				{
					"name": "RightHand",
					"parent": "RightForeArm",
					"pivot": [-2.5, 17.1, 0]
				},
				{
					"name": "RightHandLocator",
					"parent": "RightHand",
					"pivot": [-2.5, 16.6, 0]
				},
				{
					"name": "BladeLocator",
					"parent": "RightHand",
					"pivot": [-2.5, 17.1, 0]
				}
			]
		}
	]
}