{
	"format_version": "1.8.0",
	"animations": {
		"use_mainhand:pre_eat": {
			"loop": true,
			"animation_length": 1.2,
			"bones": {
				"AllBody": {
					"scale": {
						"0.64": {
							"pre": [1, 0.98, 1],
							"post": [1, 0.98, 1],
							"lerp_mode": "catmullrom"
						},
						"1.04": {
							"post": [1, 0.98, 1],
							"lerp_mode": "catmullrom"
						},
						"1.2": {
							"post": [1, 0.98, 1],
							"lerp_mode": "catmullrom"
						},
						"1.4": {
							"post": [1, 0.98, 1],
							"lerp_mode": "catmullrom"
						}
					}
				},
				"UpperBody": {
					"scale": {
						"0.0": {
							"post": [1, 1, 1],
							"lerp_mode": "catmullrom"
						},
						"0.28": {
							"post": [1, 0.98, 1],
							"lerp_mode": "catmullrom"
						},
						"0.36": {
							"post": [1, 0.99, 1],
							"lerp_mode": "catmullrom"
						},
						"0.64": {
							"post": [1, 0.98, 1],
							"lerp_mode": "catmullrom"
						},
						"0.76": {
							"post": [1, 0.99, 1],
							"lerp_mode": "catmullrom"
						},
						"1.04": {
							"post": [1, 0.98, 1],
							"lerp_mode": "catmullrom"
						},
						"1.12": {
							"post": [1, 0.99, 1],
							"lerp_mode": "catmullrom"
						},
						"1.2": {
							"post": [1, 0.99, 1],
							"lerp_mode": "catmullrom"
						}
					}
				},
				"normal_Brow": {
					"position": {
						"0.0": [0, -0.2, 0],
						"1.2": [0, -0.2, 0]
					}
				},
				"LeftEyebrow": {
					"rotation": {
						"0.0": [0, 0, 4],
						"1.2": [0, 0, 4]
					},
					"position": {
						"0.0": [-0.00698, -1.49976, 0],
						"1.2": [-0.01, -1.5, 0]
					}
				},
				"RightEyebrow": {
					"rotation": {
						"0.0": [0, 0, -4],
						"1.2": [0, 0, -4]
					},
					"position": {
						"0.0": [0.00698, -1.49976, 0],
						"1.2": [0.01, -1.5, 0]
					}
				},
				"RightEyelid": {
					"scale": {
						"0.0": [1, -0.02, 1],
						"1.2": [1, -0.02, 1]
					}
				},
				"LeftEyelid": {
					"scale": {
						"0.0": [1, -0.02, 1],
						"1.2": [1, -0.02, 1]
					}
				},
				"cute_laugh": {
					"position": {
						"0.0": [0, 0, -0.1],
						"1.2": [0, 0, -0.1]
					},
					"scale": {
						"0.0": [0.77, 0.36, 1],
						"0.28": [0.64, 0.66, 1],
						"0.36": [0.8, 0.35, 1],
						"0.64": [0.64, 0.66, 1],
						"0.76": [0.8, 0.35, 1],
						"1.04": [0.64, 0.66, 1],
						"1.12": [0.8, 0.35, 1],
						"1.2": [0.8, 0.35, 1]
					}
				},
				"saihong_left": {
					"position": {
						"0.0": [0, 0.2, -0.3],
						"1.2": [0, 0.2, -0.3]
					}
				},
				"saihong_right": {
					"position": {
						"0.0": [0, 0.2, -0.3],
						"1.2": [0, 0.2, -0.3]
					}
				},
				"RightArm": {
					"rotation": {
						"0.0": [-37.83681, -12.36015, 20.09521],
						"1.2": [-37.84, -12.36, 20.1]
					}
				},
				"RightForeArm": {
					"rotation": {
						"0.0": [-101.00163, -0.98163, 0.19083],
						"0.28": [-104.5517, -0.94206, 0.28634],
						"0.56": [-109.21942, -0.89862, 0.39122],
						"0.84": [-114.25262, -0.86199, 0.47964],
						"1.08": [-117.96725, -0.84266, 0.52632],
						"1.12": [-119.6091, -0.83654, 0.5411],
						"1.16": [-120.60893, -0.83362, 0.54813],
						"1.2": [-121.85869, -0.83093, 0.55463]
					}
				},
				"xiukou_right": {
					"rotation": {
						"0.0": [0, -28, -30],
						"1.2": [0, -20, -30]
					},
					"position": {
						"0.0": [0.64304, 0.48673, 0.19899],
						"1.2": [0.69, 0.4034, 0.2]
					}
				},
				"cute_righthand": {
					"rotation": {
						"0.0": [-58.98101, -275.82899, -59.11202],
						"1.2": [-58.98, -275.83, -59.11]
					}
				},
				"kongju": {
					"scale": 0
				},
				"jingya": {
					"scale": 0
				},
				"xiao": {
					"scale": 0
				},
				"weixiao": {
					"scale": 0
				}
			}
		},
		"use_mainhand:pre_eat2": {
			"loop": true,
			"animation_length": 1.2,
			"bones": {
				"AllBody": {
					"scale": {
						"0.64": {
							"pre": [1, 0.98, 1],
							"post": [1, 0.98, 1],
							"lerp_mode": "catmullrom"
						},
						"1.04": {
							"post": [1, 0.98, 1],
							"lerp_mode": "catmullrom"
						},
						"1.2": {
							"post": [1, 0.98, 1],
							"lerp_mode": "catmullrom"
						},
						"1.4": {
							"post": [1, 0.98, 1],
							"lerp_mode": "catmullrom"
						}
					}
				},
				"UpperBody": {
					"scale": {
						"0.0": {
							"post": [1, 1, 1],
							"lerp_mode": "catmullrom"
						},
						"0.28": {
							"post": [1, 0.98, 1],
							"lerp_mode": "catmullrom"
						},
						"0.36": {
							"post": [1, 0.99, 1],
							"lerp_mode": "catmullrom"
						},
						"0.64": {
							"post": [1, 0.98, 1],
							"lerp_mode": "catmullrom"
						},
						"0.76": {
							"post": [1, 0.99, 1],
							"lerp_mode": "catmullrom"
						},
						"1.04": {
							"post": [1, 0.98, 1],
							"lerp_mode": "catmullrom"
						},
						"1.12": {
							"post": [1, 0.99, 1],
							"lerp_mode": "catmullrom"
						},
						"1.2": {
							"post": [1, 0.99, 1],
							"lerp_mode": "catmullrom"
						}
					}
				},
				"normal_Brow": {
					"position": {
						"0.0": [0, -0.2, 0],
						"1.2": [0, -0.2, 0]
					}
				},
				"LeftEyebrow": {
					"rotation": {
						"0.0": [0, 0, 4],
						"1.2": [0, 0, 4]
					},
					"position": {
						"0.0": [-0.00698, -1.49976, 0],
						"1.2": [-0.01, -1.5, 0]
					}
				},
				"RightEyebrow": {
					"rotation": {
						"0.0": [0, 0, -4],
						"1.2": [0, 0, -4]
					},
					"position": {
						"0.0": [0.00698, -1.49976, 0],
						"1.2": [0.01, -1.5, 0]
					}
				},
				"RightEyelid": {
					"scale": {
						"0.0": [1, -0.02, 1],
						"1.2": [1, -0.02, 1]
					}
				},
				"LeftEyelid": {
					"scale": {
						"0.0": [1, -0.02, 1],
						"1.2": [1, -0.02, 1]
					}
				},
				"cute_laugh": {
					"position": {
						"0.0": [0, 0, -0.1],
						"1.2": [0, 0, -0.1]
					},
					"scale": {
						"0.0": [0.77, 0.36, 1],
						"0.28": [0.64, 0.66, 1],
						"0.36": [0.8, 0.35, 1],
						"0.64": [0.64, 0.66, 1],
						"0.76": [0.8, 0.35, 1],
						"1.04": [0.64, 0.66, 1],
						"1.12": [0.8, 0.35, 1],
						"1.2": [0.8, 0.35, 1]
					}
				},
				"saihong_left": {
					"position": {
						"0.0": [0, 0.2, -0.3],
						"1.2": [0, 0.2, -0.3]
					}
				},
				"saihong_right": {
					"position": {
						"0.0": [0, 0.2, -0.3],
						"1.2": [0, 0.2, -0.3]
					}
				},
				"RightArm": {
					"rotation": {
						"0.0": [-37.83681, -12.36015, 20.09521],
						"1.2": [-37.84, -12.36, 20.1]
					}
				},
				"RightForeArm": {
					"rotation": [-121.85869, -0.83093, 0.55463]
				},
				"xiukou_right": {
					"rotation": [0, -20, -30],
					"position": [0.69, 0.4034, 0.2]
				},
				"cute_righthand": {
					"rotation": {
						"0.0": [-58.98101, -275.82899, -59.11202],
						"1.2": [-58.98, -275.83, -59.11]
					}
				},
				"kongju": {
					"scale": 0
				},
				"jingya": {
					"scale": 0
				},
				"xiao": {
					"scale": 0
				},
				"weixiao": {
					"scale": 0
				}
			}
		},
		"use_offhand:pre_eat": {
			"loop": true,
			"animation_length": 1.2,
			"bones": {
				"AllBody": {
					"scale": {
						"0.64": {
							"pre": [1, 0.98, 1],
							"post": [1, 0.98, 1],
							"lerp_mode": "catmullrom"
						},
						"1.0": {
							"post": [1, 0.98, 1],
							"lerp_mode": "catmullrom"
						},
						"1.2": {
							"post": [1, 0.98, 1],
							"lerp_mode": "catmullrom"
						},
						"1.4": {
							"post": [1, 0.98, 1],
							"lerp_mode": "catmullrom"
						}
					}
				},
				"UpperBody": {
					"scale": {
						"0.0": {
							"post": [1, 1, 1],
							"lerp_mode": "catmullrom"
						},
						"0.28": {
							"post": [1, 0.98, 1],
							"lerp_mode": "catmullrom"
						},
						"0.36": {
							"post": [1, 0.99, 1],
							"lerp_mode": "catmullrom"
						},
						"0.64": {
							"post": [1, 0.98, 1],
							"lerp_mode": "catmullrom"
						},
						"0.72": {
							"post": [1, 0.99, 1],
							"lerp_mode": "catmullrom"
						},
						"1.0": {
							"post": [1, 0.98, 1],
							"lerp_mode": "catmullrom"
						},
						"1.12": {
							"post": [1, 0.99, 1],
							"lerp_mode": "catmullrom"
						},
						"1.2": {
							"post": [1, 0.99, 1],
							"lerp_mode": "catmullrom"
						}
					}
				},
				"normal_Brow": {
					"position": {
						"0.0": [0, -0.2, 0],
						"1.2": [0, -0.2, 0]
					}
				},
				"LeftEyebrow": {
					"rotation": {
						"0.0": [0, 0, 4],
						"1.2": [0, 0, 4]
					},
					"position": {
						"0.0": [-0.00698, -1.49976, 0],
						"1.2": [-0.01, -1.5, 0]
					}
				},
				"RightEyebrow": {
					"rotation": {
						"0.0": [0, 0, -4],
						"1.2": [0, 0, -4]
					},
					"position": {
						"0.0": [0.00698, -1.49976, 0],
						"1.2": [0.01, -1.5, 0]
					}
				},
				"RightEyelid": {
					"scale": {
						"0.0": [1, -0.02, 1],
						"1.2": [1, -0.02, 1]
					}
				},
				"LeftEyelid": {
					"scale": {
						"0.0": [1, -0.02, 1],
						"1.2": [1, -0.02, 1]
					}
				},
				"cute_laugh": {
					"position": {
						"0.0": [0, 0, -0.1],
						"1.2": [0, 0, -0.1]
					},
					"scale": {
						"0.0": [0.77, 0.36, 1],
						"0.28": [0.64, 0.66, 1],
						"0.36": [0.8, 0.35, 1],
						"0.64": [0.64, 0.66, 1],
						"0.72": [0.8, 0.35, 1],
						"1.0": [0.64, 0.66, 1],
						"1.12": [0.8, 0.35, 1],
						"1.2": [0.8, 0.35, 1]
					}
				},
				"saihong_left": {
					"position": {
						"0.0": [0, 0.2, -0.3],
						"1.2": [0, 0.2, -0.3]
					}
				},
				"saihong_right": {
					"position": {
						"0.0": [0, 0.2, -0.3],
						"1.2": [0, 0.2, -0.3]
					}
				},
				"LeftArm": {
					"rotation": {
						"0.0": [-37.83681, 12.36015, -20.09521],
						"1.2": [-37.84, 12.36, -20.1]
					}
				},
				"LeftForeArm": {
					"rotation": {
						"0.0": [-101.00163, 0.98163, -0.19083],
						"0.28": [-104.5517, 0.94206, -0.28634],
						"0.56": [-109.21942, 0.89862, -0.39122],
						"0.84": [-114.25262, 0.86199, -0.47964],
						"1.04": [-117.96725, 0.84266, -0.52632],
						"1.12": [-119.6091, 0.83654, -0.5411],
						"1.16": [-121.85869, 0.83093, -0.55463],
						"1.2": [-124.00405, 0.82902, -0.55923]
					}
				},
				"xiukou_left": {
					"rotation": {
						"0.0": [0, 28, 30],
						"1.2": [2.53979, 19.84463, 37.44435]
					},
					"position": {
						"0.0": [-0.64304, 0.48673, 0.19899],
						"1.2": [-0.69, 0.4034, 0.2]
					}
				},
				"cute_lefthand": {
					"rotation": {
						"0.0": [-81.84909, -82.92928, 81.91026],
						"1.2": [-81.85, -82.93, 81.91]
					}
				},
				"kongju": {
					"scale": 0
				},
				"jingya": {
					"scale": 0
				},
				"xiao": {
					"scale": 0
				},
				"weixiao": {
					"scale": 0
				}
			}
		},
		"use_offhand:pre_eat2": {
			"loop": true,
			"animation_length": 1.2,
			"bones": {
				"AllBody": {
					"scale": {
						"0.64": {
							"pre": [1, 0.98, 1],
							"post": [1, 0.98, 1],
							"lerp_mode": "catmullrom"
						},
						"1.0": {
							"post": [1, 0.98, 1],
							"lerp_mode": "catmullrom"
						},
						"1.2": {
							"post": [1, 0.98, 1],
							"lerp_mode": "catmullrom"
						},
						"1.4": {
							"post": [1, 0.98, 1],
							"lerp_mode": "catmullrom"
						}
					}
				},
				"UpperBody": {
					"scale": {
						"0.0": {
							"post": [1, 1, 1],
							"lerp_mode": "catmullrom"
						},
						"0.28": {
							"post": [1, 0.98, 1],
							"lerp_mode": "catmullrom"
						},
						"0.36": {
							"post": [1, 0.99, 1],
							"lerp_mode": "catmullrom"
						},
						"0.64": {
							"post": [1, 0.98, 1],
							"lerp_mode": "catmullrom"
						},
						"0.72": {
							"post": [1, 0.99, 1],
							"lerp_mode": "catmullrom"
						},
						"1.0": {
							"post": [1, 0.98, 1],
							"lerp_mode": "catmullrom"
						},
						"1.12": {
							"post": [1, 0.99, 1],
							"lerp_mode": "catmullrom"
						},
						"1.2": {
							"post": [1, 0.99, 1],
							"lerp_mode": "catmullrom"
						}
					}
				},
				"normal_Brow": {
					"position": {
						"0.0": [0, -0.2, 0],
						"1.2": [0, -0.2, 0]
					}
				},
				"LeftEyebrow": {
					"rotation": {
						"0.0": [0, 0, 4],
						"1.2": [0, 0, 4]
					},
					"position": {
						"0.0": [-0.00698, -1.49976, 0],
						"1.2": [-0.01, -1.5, 0]
					}
				},
				"RightEyebrow": {
					"rotation": {
						"0.0": [0, 0, -4],
						"1.2": [0, 0, -4]
					},
					"position": {
						"0.0": [0.00698, -1.49976, 0],
						"1.2": [0.01, -1.5, 0]
					}
				},
				"RightEyelid": {
					"scale": {
						"0.0": [1, -0.02, 1],
						"1.2": [1, -0.02, 1]
					}
				},
				"LeftEyelid": {
					"scale": {
						"0.0": [1, -0.02, 1],
						"1.2": [1, -0.02, 1]
					}
				},
				"cute_laugh": {
					"position": {
						"0.0": [0, 0, -0.1],
						"1.2": [0, 0, -0.1]
					},
					"scale": {
						"0.0": [0.77, 0.36, 1],
						"0.28": [0.64, 0.66, 1],
						"0.36": [0.8, 0.35, 1],
						"0.64": [0.64, 0.66, 1],
						"0.72": [0.8, 0.35, 1],
						"1.0": [0.64, 0.66, 1],
						"1.12": [0.8, 0.35, 1],
						"1.2": [0.8, 0.35, 1]
					}
				},
				"saihong_left": {
					"position": {
						"0.0": [0, 0.2, -0.3],
						"1.2": [0, 0.2, -0.3]
					}
				},
				"saihong_right": {
					"position": {
						"0.0": [0, 0.2, -0.3],
						"1.2": [0, 0.2, -0.3]
					}
				},
				"LeftArm": {
					"rotation": {
						"0.0": [-37.83681, 12.36015, -20.09521],
						"1.2": [-37.84, 12.36, -20.1]
					}
				},
				"LeftForeArm": {
					"rotation": [-124.00405, 0.82902, -0.55923]
				},
				"xiukou_left": {
					"rotation": [2.53979, 19.84463, 37.44435],
					"position": [-0.69, 0.4034, 0.2]
				},
				"cute_lefthand": {
					"rotation": {
						"0.0": [-81.84909, -82.92928, 81.91026],
						"1.2": [-81.85, -82.93, 81.91]
					}
				},
				"kongju": {
					"scale": 0
				},
				"jingya": {
					"scale": 0
				},
				"xiao": {
					"scale": 0
				},
				"weixiao": {
					"scale": 0
				}
			}
		},
		"use:eat_after": {
			"animation_length": 4.08,
			"bones": {
				"LeftEyebrow": {
					"rotation": {
						"0.0": [0, 0, 4],
						"0.96": [0, 0, 4],
						"1.68": [0, 0, 4],
						"2.64": [0, 0, 4],
						"3.36": [0, 0, 4],
						"3.6": [0, 0, 4],
						"3.84": [0, 0, 1],
						"4.08": [0, 0, 4]
					},
					"position": {
						"0.0": [-0.00698, -1.49976, 0],
						"0.96": [-0.00698, -1.49976, 0],
						"1.68": [-0.00698, -1.49976, 0],
						"2.64": [-0.00698, -1.49976, 0],
						"3.36": [-0.00698, -1.49976, 0]
					}
				},
				"RightEyebrow": {
					"rotation": {
						"0.0": [0, 0, -4],
						"0.96": [0, 0, -4],
						"1.68": [0, 0, -4],
						"2.64": [0, 0, -4],
						"3.36": [0, 0, -4],
						"3.6": [0, 0, -4],
						"3.84": [0, 0, -1],
						"4.08": [0, 0, -4]
					},
					"position": {
						"0.0": [0.00698, -1.49976, 0],
						"0.96": [0.00698, -1.49976, 0],
						"1.68": [0.00698, -1.49976, 0],
						"2.64": [0.00698, -1.49976, 0],
						"3.36": [0.00698, -1.49976, 0]
					}
				},
				"RightEyelid": {
					"scale": {
						"0.0": [1, -0.02, 1],
						"0.96": [1, -0.02, 1],
						"1.68": [1, -0.02, 1],
						"2.64": [1, -0.02, 1],
						"3.36": [1, -0.02, 1]
					}
				},
				"LeftEyelid": {
					"scale": {
						"0.0": [1, -0.02, 1],
						"0.96": [1, -0.02, 1],
						"1.68": [1, -0.02, 1],
						"2.64": [1, -0.02, 1],
						"3.36": [1, -0.02, 1]
					}
				},
				"wusuowei": {
					"position": {
						"3.52": [0, 0, 0],
						"3.6": [0, 0, -0.5]
					},
					"scale": {
						"0.0": [1, 1, 1],
						"3.52": [1, 1, 1],
						"3.6": [1, 1, 1],
						"3.84": [1, 0.51, 1],
						"4.0": [1, 0.8367, 1],
						"4.04": [0, 0, 0]
					}
				},
				"eat": {
					"position": {
						"0.0": [0, 0, -0.1],
						"0.96": [0, 0, -0.1],
						"1.68": [0, 0, -0.1],
						"2.64": [0, 0, -0.1],
						"3.36": [0, 0, -0.1]
					},
					"scale": {
						"0.0": [1.07, 1.15, 1],
						"1.68": [1.07, 1.15, 1],
						"3.36": {
							"pre": [1.07, 1.15, 1],
							"post": [1.07, 1.15, 1],
							"lerp_mode": "catmullrom"
						},
						"3.6": {
							"post": [0, 0, 1],
							"lerp_mode": "catmullrom"
						}
					}
				},
				"left_": {
					"rotation": {
						"0.0": [0, 0, 0],
						"0.36": [0, 0, 17],
						"0.72": [0, 0, -5],
						"0.96": [0, 0, 0],
						"1.32": [0, 0, 17],
						"1.56": [0, 0, -5],
						"1.68": [0, 0, 0],
						"2.04": [0, 0, 17],
						"2.4": [0, 0, -5],
						"2.64": [0, 0, 0],
						"3.0": [0, 0, 17],
						"3.24": [0, 0, -5],
						"3.36": [0, 0, 0]
					},
					"position": {
						"0.0": [0, 0, 0],
						"0.36": [-0.14958, 0.05892, 0],
						"0.72": [-0.08982, -0.01986, 0],
						"0.96": [0, 0, 0],
						"1.32": [-0.14958, 0.05892, 0],
						"1.56": [-0.08982, -0.01986, 0],
						"1.68": [0, 0, 0],
						"2.04": [-0.14958, 0.05892, 0],
						"2.4": [-0.08982, -0.01986, 0],
						"2.64": [0, 0, 0],
						"3.0": [-0.14958, 0.05892, 0],
						"3.24": [-0.08982, -0.01986, 0],
						"3.36": [0, 0, 0]
					}
				},
				"right_": {
					"rotation": {
						"0.0": [0, 0, 0],
						"0.36": [0, 0, -15],
						"0.72": [0, 0, -11],
						"0.96": [0, 0, 0],
						"1.32": [0, 0, -15],
						"1.56": [0, 0, -11],
						"1.68": [0, 0, 0],
						"2.04": [0, 0, -15],
						"2.4": [0, 0, -11],
						"2.64": [0, 0, 0],
						"3.0": [0, 0, -15],
						"3.24": [0, 0, -11],
						"3.36": [0, 0, 0]
					}
				},
				"middle": {
					"rotation": {
						"0.0": [0, 0, 0],
						"0.36": [0, 0, -5],
						"0.72": [0, 0, 5],
						"0.96": [0, 0, 0],
						"1.32": [0, 0, -5],
						"1.56": [0, 0, 5],
						"1.68": [0, 0, 0],
						"2.04": [0, 0, -5],
						"2.4": [0, 0, 5],
						"2.64": [0, 0, 0],
						"3.0": [0, 0, -5],
						"3.24": [0, 0, 5],
						"3.36": [0, 0, 0]
					},
					"position": {
						"0.0": [0, 0, 0],
						"0.36": [-0.1, 0, 0],
						"0.96": [0, 0, 0],
						"1.32": [-0.1, 0, 0],
						"1.68": [0, 0, 0],
						"2.04": [-0.1, 0, 0],
						"2.64": [0, 0, 0],
						"3.0": [-0.1, 0, 0],
						"3.36": [0, 0, 0]
					}
				},
				"UpperBody": {
					"scale": {
						"0.0": [1, 1, 1],
						"3.6": [1, 1, 1],
						"3.84": [1, 0.98, 1],
						"4.08": [1, 1, 1]
					}
				},
				"Head": {
					"scale": {
						"3.6": [1, 1, 1],
						"4.08": [1, 1, 1]
					}
				},
				"xingfu": {
					"position": {
						"4.0": [0, 0, 0],
						"4.04": [0, 0, -0.1]
					}
				},
				"weixiao": {
					"scale": 0
				}
			}
		},
		"use_offhand:eat": {
			"loop": true,
			"animation_length": 0.48,
			"timeline": {
				"0.0": "v.main_eat=0;"
			}
		},
		"use_mainhand:eat": {
			"loop": true,
			"animation_length": 0.48,
			"timeline": {
				"0.0": "v.main_eat=1;"
			}
		}
	}
}