{
  "general": {
    "dumpCraftingConfig": {
      "value": false,
      "comment": "If true, then all recipes for all items in packs will be dumped into the config file at boot.  WARNING: this will overwrite your existing crafting overrides file!"
    },
    "opSignEditingOnly": {
      "value": false,
      "comment": "If true, only OPs will be able to edit signs on servers.  Does not affect client worlds."
    },
    "opPickupVehiclesOnly": {
      "value": false,
      "comment": "If true, only OPs will be able to pick up vehicles with wrenches.  Does not affect client worlds."
    },
    "creativePickupVehiclesOnly": {
      "value": false,
      "comment": "If true, vehicles can only be picked up in creative mode."
    },
    "keyRequiredToStartVehicles": {
      "value": true,
      "comment": "If true, vehicles can only be started if the player has the key in their hand."
    },
    "blockBreakage": {
      "value": true,
      "comment": "Whether or not vehicles and guns can break blocks when they hit them.  If false, vehicles will simply stop when they hit blocks, and guns won't break blocks when they hit them.  This will also disable explosive block breakage (though not explosions themselves) and prevent incendiary bullets from setting blocks on fire."
    },
    "vehicleDestruction": {
      "value": true,
      "comment": "Whether or not vehicles can be destroyed by ramming into blocks at high speeds.  Set this to false if you don't like loosing vehicles to badly-placed walls."
    },
    "noclipVehicles": {
      "value": false,
      "comment": "If true, vehicles will not be able to collide with blocks.  This also prevents them from moving if they do not have wheels on them, as otherwise they would phase through the ground into the void."
    },
    "creativeDamage": {
      "value": false,
      "comment": "If true, damage from vehicles and guns will be applied to creative players."
    },
    "chunkloadVehicles": {
      "value": true,
      "comment": "If true, vehicles will be chunkloaded when on roads/tracks.  This allows them to travel into unloaded chunks."
    },
    "doLegacyLightCompats": {
      "value": true,
      "comment": "If true, legacy compatibility code will be performed on all models to make their lights work with newer versions.  This code will significantly slow down boot times due to needing to parse all models on boot, however, packs may not have functional lights without it.  Choose wisely if you want speed or features."
    },
    "useHSV": {
      "value": false,
      "comment": "If enabled, the MTS dev mode will export color values as HSV instead of hex."
    },
    "allPlanesWithNav": {
      "value": false,
      "comment": "If true, all planes will have the ability to use beacons for navigation.  This is false to allow pack authors to define new/old planes that have this capability, but can be turned on if you don't care about realism."
    },
    "giveManualsOnJoin": {
      "value": true,
      "comment": "If true, then whenever a new player joins a world, they will be given a copy of the mod manuals."
    },
    "devMode": {
      "value": false,
      "comment": "If enabled, MTS will allow access to the dev mode GUI while sitting in vehicles.  The GUI allows editing JSONs in-game without the need to restart."
    },
    "roadMaxLength": {
      "value": 32,
      "comment": "How long a single segment of road can be, in blocks.  While you can have longer segements, be aware they have more collision boxes and will generate more lag when broken or interacted with, and may not render if outside the chunk they are in.  Must be a whole number."
    },
    "aircraftSpeedFactor": {
      "value": 0.35,
      "comment": "Factor to apply to aircraft movement.  1 is the realistic value, but this makes vehicles move too fast for Minecraft. Adjust with caution."
    },
    "carSpeedFactor": {
      "value": 0.35,
      "comment": "Factor to apply to car movement.  1 is the realistic value, but this makes vehicles move too fast for Minecraft. Adjust with caution."
    },
    "fuelUsageFactor": {
      "value": 1.0,
      "comment": "Factor times which engines use fuel.  Change this if you think engines use fuel too fast or slow.  Setting it to 0 will disable fuel and allow engines to run without it."
    },
    "engineHoursFactor": {
      "value": 1.0,
      "comment": "Factor times which engines hours accumulate.  Change this if you want to adjust how fast engines wear out."
    },
    "climbSpeed": {
      "value": 0.125,
      "comment": "How far a vehicle will 'climb' blocks every tick when the wheels go into the ground.  Higher values make vehicles climb blocks quicker at the cost of smooth movement."
    },
    "gravityFactor": {
      "value": 1.0,
      "comment": "Factor for gravitational forces applied to vehicles.  Can be adjusted if you think cars are too 'floaty'.  Does not affect aircraft."
    },
    "engineSpeedTempFactor": {
      "value": 1.0,
      "comment": "Factor for how RPM affects engine temp.  Higher values will make engines heat up quicker at higher RPMs."
    },
    "engineBiomeTempFactor": {
      "value": 1.0,
      "comment": "Factor for how biome temp affects engine temp.  Higher values will make engines heat up quicker in hotter biomes."
    },
    "rfToElectricityFactor": {
      "value": 0.02,
      "comment": "Factor for converting RF to internal electicity for vehicles.  Default value is 1/100, but can be adjusted."
    },
    "engineDimensionBlacklist": {
      "value": [],
      "comment": "Blacklist of dimension names where engines will be prevented from being started.  Can be used to disable vehicles in specific dimensions.  Think Galacticraft, where you don't want folks flying planes on the moon."
    },
    "engineDimensionWhitelist": {
      "value": [],
      "comment": "Whitelist of dimension names where engines will only be alowed to work.  Overrides the blacklist if this exists."
    },
    "packVehicleScales": {
      "value": {
        "mts": 1.0,
        "mtsofficialpack": 1.0
      },
      "comment": "Scale of all vehicles for this pack.  You probably won't want to change this, but if you do want the vehicles to be smaller for some reason, you can."
    },
    "packSpeedFactors": {
      "value": {
        "mts": 1.0,
        "mtsofficialpack": 1.0
      },
      "comment": "A mapping of pack-speciifc speed factors.  These values will only apply to the vehicles in the pack modified.  This allows for speeding up packs with slower vehicles, or slowing down packs with fast vehicles for a more even play experience.  Note that this applies on top of the global speed factor.  So if that is set to 0.30, and a pack is set to 0.5, then the total speed factor will be 0.15"
    },
    "itemWeights": {
      "comment1": "The following section is used for calculating item weights.  Any item that contains the text bits will have its weight multiplied by the following factor.",
      "comment2": "This mass factors into vehicle performance, with particular emphasis on vehicle payloads.  Some defaults are presented here, but you can add/remove to your liking.",
      "comment3": "Note that the part of the name searched is the item's registry name, NOT the in-game display name.  This is similar to what is in the /give command.",
      "weights": {
        "gold": 4.0,
        "diamond": 4.0,
        "ore": 2.5,
        "iron": 4.0,
        "coal": 2.0,
        "stone": 1.5
      }
    },
    "joinedPlayers": {
      "value": [
        "9143d72a-96ee-4faa-b686-41dc816a79d2"
      ],
      "comment": "Listing of players that have joined this world.  Players will be given the manual on their first join."
    }
  },
  "damage": {
    "explosions": {
      "value": true,
      "comment": "Whether or not vehicles explode when crashed or shot down."
    },
    "wheelBreakage": {
      "value": true,
      "comment": "Whether or not wheels can be broken (go flat)."
    },
    "wheelDamageIgnoreVelocity": {
      "value": false,
      "comment": "Whether or not velocity is ignored when calculating wheel damage."
    },
    "allowExternalDamage": {
      "value": false,
      "comment": "Whether or not non-IV things can damage vehicles.  This is normally false, as external damage is a hassle for most people, but can be true if you want other mod's guns to be able to attack vehicles in addition to IV's."
    },
    "propellerDamageFactor": {
      "value": 1.0,
      "comment": "Factor for damage caused by a propeller."
    },
    "jetDamageFactor": {
      "value": 1.0,
      "comment": "Factor for damage caused by a jet engine."
    },
    "wheelDamageFactor": {
      "value": 1.0,
      "comment": "Factor for damage caused by wheels on vehicles."
    },
    "crashDamageFactor": {
      "value": 1.0,
      "comment": "Factor for damage caused by crashes."
    },
    "bulletDamageFactor": {
      "value": 1.0,
      "comment": "Factor for damage caused by bullets on vehicles."
    },
    "engineLeakProbability": {
      "value": 0.01,
      "comment": "Chance an engine will spring a leak if hit.  Explosions cause 10x this chance."
    },
    "wheelDamageMinimumVelocity": {
      "value": 0.2,
      "comment": "Minimum velocity (blocks/second) which vehicles must be going to damage entities with their wheels."
    }
  },
  "fuel": {
    "comment1": "The following section is used for fuel configs for engines.  Each entry here is a single fuel type for engines.",
    "comment2": "Inside each entry exist values for the potency of the fluids that can be considered to be that fuel type.",
    "comment3": "You can make engines take different types of fluids for their fuels by editing these values.  See the in-game handbook for more information.",
    "comment4": "If you are having troubles getting the name for a particular fluid, run the game with the mods you want and check the 'lastLoadedFluids' list.  This contains all the fluids that were present during the last run of the game.",
    "comment5": "The first entry in the list is the registered fluid name, while the second entry will be the displayed name.  Only use the first name, as the second name changes based on game language settings.",
    "fuels": {
      "furnace": {
        "lava": 1.0
      },
      "diesel": {
        "creosote": 0.7,
        "diesel": 1.0,
        "oil": 0.5,
        "biodiesel": 0.8
      },
      "avgas": {
        "gasoline": 1.0
      },
      "gasoline": {
        "gasoline": 1.0,
        "ethanol": 0.85
      }
    },
    "lastLoadedFluids": {
      "seed_oil": "Seed Oil",
      "americium_241": "Molten Americium-241",
      "americium_242": "Molten Americium-242",
      "depleted_tbu": "Molten Depleted TBU",
      "magnesium_nak": "Eutectic NaK-Magnesium Mixture",
      "brine": "Brine",
      "leb_248": "Molten LEB-248",
      "lead_nak_hot": "Hot Eutectic NaK-Lead Mixture",
      "etching_acid": "Etching Acid",
      "heu_235": "Molten HEU-235",
      "bas": "Molten Boron Arsenide",
      "heu_233": "Molten HEU-233",
      "sulfur": "Molten Sulfur",
      "fluoromethane": "Fluoromethane",
      "leb_248_fluoride_flibe": "Molten FLiBe Salt Solution of LEB-248 Fluoride Fuel",
      "silver_nak": "Eutectic NaK-Silver Mixture",
      "irradiated_borax_solution": "Irradiated Borax Solution",
      "lep_239": "Molten LEP-239",
      "bef2": "Molten Beryllium Fluoride",
      "hecm_247_fluoride": "Molten HECm-247 Fluoride",
      "creeper_acid": "Creeper Acid",
      "milk": "Milk",
      "depleted_leb_248_fluoride_flibe": "Molten FLiBe Salt Solution of Depleted LEB-248 Fluoride Fuel",
      "crude_oil": "Crude Oil",
      "chocolate_liquor": "Chocolate Liquor",
      "lecm_245_fluoride": "Molten LECm-245 Fluoride",
      "fluorite_nak_hot": "Hot Eutectic NaK-Fluorite Mixture",
      "lecf_251_fluoride": "Molten LECf-251 Fluoride",
      "liquid_helium_nak_hot": "Hot Eutectic NaK-Helium Mixture",
      "silver_nak_hot": "Hot Eutectic NaK-Silver Mixture",
      "unsweetened_chocolate": "Molten Unsweetened Chocolate",
      "depleted_lep_241_fluoride_flibe": "Molten FLiBe Salt Solution of Depleted LEP-241 Fluoride Fuel",
      "barium_nitrate_solution": "Barium Nitrate Solution",
      "redstone": "Destabilized Redstone",
      "americium_243": "Molten Americium-243",
      "depleted_leb_248_fluoride": "Molten Depleted LEB-248 Fluoride",
      "neptunium_236": "Molten Neptunium-236",
      "neptunium_237": "Molten Neptunium-237",
      "californium_251": "Molten Californium-251",
      "californium_252": "Molten Californium-252",
      "slime": "Molten Slime",
      "gold": "Molten Gold",
      "californium_250": "Molten Californium-250",
      "hard_carbon": "Molten Hard Carbon",
      "depleted_lea_242": "Molten Depleted LEA-242",
      "end_stone": "Molten End Stone",
      "calcium_sulfate_solution": "Calcium Sulfate Solution",
      "potion_lingering": "Lingering Potion",
      "copper_nak_hot": "Hot Eutectic NaK-Copper Mixture",
      "californium_249": "Molten Californium-249",
      "lep_241_fluoride_flibe": "Molten FLiBe Salt Solution of LEP-241 Fluoride Fuel",
      "helium": "Helium",
      "plasma": "Plasma",
      "depleted_len_236": "Molten Depleted LEN-236",
      "aluminum_nak_hot": "Hot Eutectic NaK-Aluminum Mixture",
      "tbu_fluoride_flibe": "Molten FLiBe Salt Solution of TBU Fluoride Fuel",
      "hen_236_fluoride": "Molten HEN-236 Fluoride",
      "low_pressure_steam": "Low Pressure Steam",
      "hecm_243_fluoride_flibe": "Molten FLiBe Salt Solution of HECm-243 Fluoride Fuel",
      "latex": "Latex",
      "lithium": "Molten Lithium",
      "nether_brick_nak_hot": "Hot Eutectic NaK-Nether Brick Mixture",
      "depleted_hecf_251_fluoride": "Molten Depleted HECf-251 Fluoride",
      "tin": "Molten Tin",
      "leu_233_fluoride": "Molten LEU-233 Fluoride",
      "ruthenium_106": "Molten Ruthenium-106",
      "depleted_hen_236_fluoride": "Molten Depleted HEN-236 Fluoride",
      "cryotheum_nak": "Eutectic NaK-Cryotheum Mixture",
      "lecf_249_fluoride_flibe": "Molten FLiBe Salt Solution of LECf-249 Fluoride Fuel",
      "iron_nak": "Eutectic NaK-Iron Mixture",
      "liquid_nitrogen_nak_hot": "Hot Eutectic NaK-Nitrogen Mixture",
      "arsenic": "Sublimated Arsenic",
      "depleted_lea_242_fluoride": "Molten Depleted LEA-242 Fluoride",
      "sodium": "Molten Sodium",
      "depleted_lep_241": "Molten Depleted LEP-241",
      "emerald_nak_hot": "Hot Eutectic NaK-Emerald Mixture",
      "depleted_tbu_fluoride": "Molten Depleted TBU Fluoride",
      "mushroom_stew": "Mushroom Stew",
      "enderium_nak_hot": "Hot Eutectic NaK-Enderium Mixture",
      "lead_nak": "Eutectic NaK-Lead Mixture",
      "emerald": "Molten Emerald",
      "manganese_nak": "Eutectic NaK-Manganese Mixture",
      "aluminum_nak": "Eutectic NaK-Aluminum Mixture",
      "depleted_hep_239_fluoride_flibe": "Molten FLiBe Salt Solution of Depleted HEP-239 Fluoride Fuel",
      "heu_233_fluoride": "Molten HEU-233 Fluoride",
      "slime_nak": "Eutectic NaK-Slime Mixture",
      "diamond_nak_hot": "Hot Eutectic NaK-Diamond Mixture",
      "heb_248_fluoride_flibe": "Molten FLiBe Salt Solution of HEB-248 Fluoride Fuel",
      "gasoline": "Gasoline",
      "depleted_hecm_243_fluoride_flibe": "Molten FLiBe Salt Solution of Depleted HECm-243 Fluoride Fuel",
      "depleted_heu_233_fluoride": "Molten Depleted HEU-233 Fluoride",
      "heavy_water": "Heavy Water",
      "obsidian_nak_hot": "Hot Eutectic NaK-Obsidian Mixture",
      "slime_nak_hot": "Hot Eutectic NaK-Slime Mixture",
      "uranium_233": "Molten Uranium-233",
      "potion": "Potion",
      "deuterium-tritium_mixture": "Deuterium-Tritium Mixture",
      "depleted_hecf_249_fluoride": "Molten Depleted HECf-249 Fluoride",
      "uranium_238": "Molten Uranium-238",
      "nitrogen": "Nitrogen",
      "uranium_235": "Molten Uranium-235",
      "plantoil": "Plant Oil",
      "syrup": "Syrup",
      "depleted_leb_248": "Molten Depleted LEB-248",
      "copper_nak": "Eutectic NaK-Copper Mixture",
      "lea_242_fluoride_flibe": "Molten FLiBe Salt Solution of LEA-242 Fluoride Fuel",
      "hep_241_fluoride_flibe": "Molten FLiBe Salt Solution of HEP-241 Fluoride Fuel",
      "depleted_lecm_243_fluoride_flibe": "Molten FLiBe Salt Solution of Depleted LECm-243 Fluoride Fuel",
      "iron": "Molten Iron",
      "distwater": "Distilled Water",
      "depleted_hen_236": "Molten Depleted HEN-236",
      "boron_10": "Molten Boron-10",
      "boron_11": "Molten Boron-11",
      "depleted_lecm_243_fluoride": "Molten Depleted LECm-243 Fluoride",
      "glowstone": "Energized Glowstone",
      "hea_242": "Molten HEA-242",
      "depleted_leu_235_fluoride": "Molten Depleted LEU-235 Fluoride",
      "low_quality_steam": "Low Quality Steam",
      "nak": "Eutectic NaK Alloy",
      "hep_239_fluoride_flibe": "Molten FLiBe Salt Solution of HEP-239 Fluoride Fuel",
      "purpur": "Molten Purpur",
      "depleted_hecf_249_fluoride_flibe": "Molten FLiBe Salt Solution of Depleted HECf-249 Fluoride Fuel",
      "oxygen_difluoride": "Oxygen Difluoride",
      "tough": "Molten Tough Alloy",
      "manganese_dioxide": "Molten Manganese Dioxide",
      "depleted_lep_241_fluoride": "Molten Depleted LEP-241 Fluoride",
      "radaway": "RadAway Fluid",
      "highpressuresteam": "High Pressure Steam",
      "villiaumite_nak_hot": "Hot Eutectic NaK-Villiaumite Mixture",
      "silver": "Molten Silver",
      "tin_nak_hot": "Hot Eutectic NaK-Tin Mixture",
      "tnt": "Molten TNT",
      "carbon_monoxide": "Carbon Monoxide",
      "curium_245": "Molten Curium-245",
      "enderium_nak": "Eutectic NaK-Enderium Mixture",
      "curium_246": "Molten Curium-246",
      "depleted_heu_235_fluoride_flibe": "Molten FLiBe Salt Solution of Depleted HEU-235 Fluoride Fuel",
      "curium_247": "Molten Curium-247",
      "curium_243": "Molten Curium-243",
      "hot_spring_water": "Hot Spring Water",
      "diborane": "Diborane",
      "moltensalt": "Molten Salt",
      "sodium_hydroxide_solution": "Sodium Hydroxide Solution",
      "alugentum": "Molten Alugentum",
      "strontium_90": "Molten Strontium-90",
      "ethanol": "Ethanol",
      "len_236_fluoride": "Molten LEN-236 Fluoride",
      "hea_242_fluoride": "Molten HEA-242 Fluoride",
      "hea_242_fluoride_flibe": "Molten FLiBe Salt Solution of HEA-242 Fluoride Fuel",
      "lecm_243_fluoride_flibe": "Molten FLiBe Salt Solution of LECm-243 Fluoride Fuel",
      "depleted_lep_239": "Molten Depleted LEP-239",
      "zirconium": "Molten Zirconium",
      "high_pressure_steam": "High Pressure Steam",
      "depleted_lep_239_fluoride_flibe": "Molten FLiBe Salt Solution of Depleted LEP-239 Fluoride Fuel",
      "plutonium_238": "Molten Plutonium-238",
      "blaze_juice": "Blaze Juice",
      "plutonium_239": "Molten Plutonium-239",
      "pyrotheum": "Blazing Pyrotheum",
      "depleted_heb_248_fluoride": "Molten Depleted HEB-248 Fluoride",
      "slurry_ice": "Slurry Ice",
      "depleted_heu_233_fluoride_flibe": "Molten FLiBe Salt Solution of Depleted HEU-233 Fluoride Fuel",
      "leu_235": "Molten LEU-235",
      "lecf_249_fluoride": "Molten LECf-249 Fluoride",
      "lep_239_fluoride_flibe": "Molten FLiBe Salt Solution of LEP-239 Fluoride Fuel",
      "biocrude": "Biocrude",
      "depleted_hea_242_fluoride_flibe": "Molten FLiBe Salt Solution of Depleted HEA-242 Fluoride Fuel",
      "hecm_245": "Molten HECm-245",
      "depleted_tbu_fluoride_flibe": "Molten FLiBe Salt Solution of Depleted TBU Fluoride Fuel",
      "hecm_243": "Molten HECm-243",
      "end_stone_nak": "Eutectic NaK-End Stone Mixture",
      "carobbiite_nak": "Eutectic NaK-Carobbiite Mixture",
      "lecm_245_fluoride_flibe": "Molten FLiBe Salt Solution of LECm-245 Fluoride Fuel",
      "hecm_247": "Molten HECm-247",
      "plutonium_241": "Molten Plutonium-241",
      "plutonium_242": "Molten Plutonium-242",
      "leu_233": "Molten LEU-233",
      "tbu_fluoride": "Molten TBU Fluoride",
      "lea_242": "Molten LEA-242",
      "nitric_oxide": "Nitric Oxide",
      "ink_cyan": "Cyan Ink",
      "deuterium": "Deuterium",
      "prismarine_nak": "Eutectic NaK-Prismarine Mixture",
      "fluorite_water": "Fluorite Water",
      "cryotheum_nak_hot": "Hot Eutectic NaK-Cryotheum Mixture",
      "oxygen": "Oxygen",
      "heu_235_fluoride_flibe": "Molten FLiBe Salt Solution of HEU-235 Fluoride Fuel",
      "depleted_mix_239_fluoride": "Molten Depleted MF4-239",
      "condensate_water": "Condensate Water",
      "mix_239_fluoride": "Molten MF4-239",
      "depleted_lep_239_fluoride": "Molten Depleted LEP-239 Fluoride",
      "prismarine_nak_hot": "Hot Eutectic NaK-Prismarine Mixture",
      "coal": "Liquifacted Coal",
      "uranium": "Molten Uranium",
      "depleted_hecm_245_fluoride": "Molten Depleted HECm-245 Fluoride",
      "purpur_nak": "Eutectic NaK-Purpur Mixture",
      "potassium": "Molten Potassium",
      "fluorite_nak": "Eutectic NaK-Fluorite Mixture",
      "villiaumite_nak": "Eutectic NaK-Villiaumite Mixture",
      "tin_nak": "Eutectic NaK-Tin Mixture",
      "depleted_hecm_245_fluoride_flibe": "Molten FLiBe Salt Solution of Depleted HECm-245 Fluoride Fuel",
      "oil": "Crude Oil",
      "lep_239_fluoride": "Molten LEP-239 Fluoride",
      "depleted_lea_242_fluoride_flibe": "Molten FLiBe Salt Solution of Depleted LEA-242 Fluoride Fuel",
      "moltensodium": "Molten Sodium",
      "depleted_hecf_251": "Molten Depleted HECf-251",
      "depleted_leu_235_fluoride_flibe": "Molten FLiBe Salt Solution of Depleted LEU-235 Fluoride Fuel",
      "gold_nak": "Eutectic NaK-Gold Mixture",
      "exhaust_steam": "Exhaust Steam",
      "carobbiite_nak_hot": "Hot Eutectic NaK-Carobbiite Mixture",
      "sulfur_dioxide": "Sulfur Dioxide",
      "quartz": "Molten Quartz",
      "depleted_lecm_247": "Molten Depleted LECm-247",
      "depleted_lecm_245": "Molten Depleted LECm-245",
      "liquid_helium": "Liquid Helium",
      "depleted_lecm_243": "Molten Depleted LECm-243",
      "mix_241_fluoride": "Molten MF4-241",
      "emergency_coolant_heated": "Heated Emergency Coolant",
      "depleted_lecf_251_fluoride": "Molten Depleted LECf-251 Fluoride",
      "depleted_hecf_249": "Molten Depleted HECf-249",
      "obsidian_nak": "Eutectic NaK-Obsidian Mixture",
      "depleted_hep_239": "Molten Depleted HEP-239",
      "lubricant": "Lubricant",
      "depleted_mix_241_fluoride": "Molten Depleted MF4-241",
      "depleted_hep_241": "Molten Depleted HEP-241",
      "depleted_lecf_251_fluoride_flibe": "Molten FLiBe Salt Solution of Depleted LECf-251 Fluoride Fuel",
      "mix_241_fluoride_flibe": "Molten FLiBe Salt Solution of MF4-241 Fuel",
      "manganese_nak_hot": "Hot Eutectic NaK-Manganese Mixture",
      "nitrogen_dioxide": "Nitrogen Dioxide",
      "marshmallow": "Liquid Marshmallow",
      "depleted_lecf_249": "Molten Depleted LECf-249",
      "hecf_251_fluoride_flibe": "Molten FLiBe Salt Solution of HECf-251 Fluoride Fuel",
      "lecm_247_fluoride_flibe": "Molten FLiBe Salt Solution of LECm-247 Fluoride Fuel",
      "quartz_nak": "Eutectic NaK-Quartz Mixture",
      "thorium": "Molten Thorium",
      "fluorite": "Molten Fluorite",
      "lapis": "Molten Lapis",
      "depleted_lecf_251": "Molten Depleted LECf-251",
      "glowstone_nak_hot": "Hot Eutectic NaK-Glowstone Mixture",
      "helium_3": "Helium-3",
      "molybdenum": "Molten Molybdenum",
      "nak_hot": "Hot Eutectic NaK Alloy",
      "leu_235_fluoride": "Molten LEU-235 Fluoride",
      "lithium_6": "Molten Lithium-6",
      "napalm": "Napalm",
      "iron_nak_hot": "Hot Eutectic NaK-Iron Mixture",
      "lithium_7": "Molten Lithium-7",
      "leu_235_fluoride_flibe": "Molten FLiBe Salt Solution of LEU-235 Fluoride Fuel",
      "nether_brick": "Molten Nether Brick",
      "sodium_fluoride_solution": "Sodium Fluoride Solution",
      "flibe": "Molten FLiBe Salt Mixture",
      "mix_241": "Molten MIX-241",
      "corium": "Corium",
      "sic_vapor": "Silicon Carbide Vapor",
      "lep_241_fluoride": "Molten LEP-241 Fluoride",
      "aerotheum": "Zephyrean Aerotheum",
      "depleted_heb_248": "Molten Depleted HEB-248",
      "lapis_nak": "Eutectic NaK-Lapis Mixture",
      "depleted_mix_241_fluoride_flibe": "Molten FLiBe Salt Solution of Depleted MF4-241 Fuel",
      "aluminum": "Molten Aluminum",
      "manganese": "Molten Manganese",
      "mix_239": "Molten MIX-239",
      "ethene": "Ethylene",
      "hecm_247_fluoride_flibe": "Molten FLiBe Salt Solution of HECm-247 Fluoride Fuel",
      "glowstone_nak": "Eutectic NaK-Glowstone Mixture",
      "copper": "Molten Copper",
      "lecf_251_fluoride_flibe": "Molten FLiBe Salt Solution of LECf-251 Fluoride Fuel",
      "superheatedmoltensodium": "Superheated Molten Sodium",
      "lecm_243_fluoride": "Molten LECm-243 Fluoride",
      "depleted_lecf_249_fluoride": "Molten Depleted LECf-249 Fluoride",
      "depleted_hea_242_fluoride": "Molten Depleted HEA-242 Fluoride",
      "redstone_ethanol": "Redstone-Infused Ethanol",
      "depleted_hep_241_fluoride": "Molten Depleted HEP-241 Fluoride",
      "formic_acid": "Formic Acid",
      "fuelium": "Fuelium",
      "lithium_nak_hot": "Hot Eutectic NaK-Lithium Mixture",
      "mana": "Primal Mana",
      "hecm_245_fluoride": "Molten HECm-245 Fluoride",
      "refined_biofuel": "Grassoline",
      "heb_248_fluoride": "Molten HEB-248 Fluoride",
      "lif": "Molten Lithium Fluoride",
      "ice": "Crushed Ice",
      "heb_248": "Molten HEB-248",
      "hecf_249": "Molten HECf-249",
      "redstone_nak_hot": "Hot Eutectic NaK-Redstone Mixture",
      "beryllium": "Molten Beryllium",
      "depleted_len_236_fluoride": "Molten Depleted LEN-236 Fluoride",
      "obsidian": "Molten Obsidian",
      "lea_242_fluoride": "Molten LEA-242 Fluoride",
      "hecf_251": "Molten HECf-251",
      "depleted_hen_236_fluoride_flibe": "Molten FLiBe Salt Solution of Depleted HEN-236 Fluoride Fuel",
      "depleted_lecm_247_fluoride": "Molten Depleted LECm-247 Fluoride",
      "depleted_leu_233_fluoride": "Molten Depleted LEU-233 Fluoride",
      "liquid_nitrogen_nak": "Eutectic NaK-Nitrogen Mixture",
      "end_stone_nak_hot": "Hot Eutectic NaK-End Stone Mixture",
      "sulfuric_acid": "Sulfuric Acid",
      "depleted_hea_242": "Molten Depleted HEA-242",
      "depleted_lecm_247_fluoride_flibe": "Molten FLiBe Salt Solution of Depleted LECm-247 Fluoride Fuel",
      "ink_yellow": "Yellow Ink",
      "ink_magenta": "Magenta Ink",
      "depleted_mix_239_fluoride_flibe": "Molten FLiBe Salt Solution of Depleted MF4-239 Fuel",
      "depleted_hecf_251_fluoride_flibe": "Molten FLiBe Salt Solution of Depleted HECf-251 Fluoride Fuel",
      "lava": "Lava",
      "alumina": "Molten Alumina",
      "boron_nitride_solution": "Boron Nitride Solution",
      "diamond_nak": "Eutectic NaK-Diamond Mixture",
      "hydrated_gelatin": "Hydrated Gelatin",
      "hep_239": "Molten HEP-239",
      "redstone_nak": "Eutectic NaK-Redstone Mixture",
      "fluorine": "Fluorine",
      "milk_chocolate": "Molten Milk Chocolate",
      "quartz_nak_hot": "Hot Eutectic NaK-Quartz Mixture",
      "depleted_hecm_243_fluoride": "Molten Depleted HECm-243 Fluoride",
      "depleted_hecm_245": "Molten Depleted HECm-245",
      "depleted_hecm_247_fluoride_flibe": "Molten FLiBe Salt Solution of Depleted HECm-247 Fluoride Fuel",
      "chlorine": "Chlorine",
      "depleted_hecm_243": "Molten Depleted HECm-243",
      "depleted_hecm_247": "Molten Depleted HECm-247",
      "depleted_leu_233_fluoride_flibe": "Molten FLiBe Salt Solution of Depleted LEU-233 Fluoride Fuel",
      "berkelium_247": "Molten Berkelium-247",
      "berkelium_248": "Molten Berkelium-248",
      "nether_brick_nak": "Eutectic NaK-Nether Brick Mixture",
      "naoh": "Molten Sodium Hydroxide",
      "petrotheum": "Tectonic Petrotheum",
      "depleted_hecm_247_fluoride": "Molten Depleted HECm-247 Fluoride",
      "potion_splash": "Splash Potion",
      "ammonia": "Ammonia",
      "radaway_slow": "Slow-Acting RadAway Fluid",
      "depleted_mix_241": "Molten Depleted MIX-241",
      "ender": "Resonant Ender",
      "hydrogen": "Hydrogen",
      "refined_fuel": "Refined Fuel",
      "liquid_nitrogen": "Liquid Nitrogen",
      "depleted_mix_239": "Molten Depleted MIX-239",
      "arsenic_nak": "Eutectic NaK-Arsenic Mixture",
      "tree_oil": "Tree Oil",
      "depleted_lecm_245_fluoride_flibe": "Molten FLiBe Salt Solution of Depleted LECm-245 Fluoride Fuel",
      "heu_235_fluoride": "Molten HEU-235 Fluoride",
      "depleted_lecf_249_fluoride_flibe": "Molten FLiBe Salt Solution of Depleted LECf-249 Fluoride Fuel",
      "len_236_fluoride_flibe": "Molten FLiBe Salt Solution of LEN-236 Fluoride Fuel",
      "potassium_fluoride_solution": "Potassium Fluoride Solution",
      "biodiesel": "Biodiesel",
      "tritium": "Tritium",
      "depleted_heu_233": "Molten Depleted HEU-233",
      "hydrofluoric_acid": "Hydrofluoric Acid",
      "magnesium": "Molten Magnesium",
      "depleted_heu_235": "Molten Depleted HEU-235",
      "hecm_245_fluoride_flibe": "Molten FLiBe Salt Solution of HECm-245 Fluoride Fuel",
      "hep_241": "Molten HEP-241",
      "heu_233_fluoride_flibe": "Molten FLiBe Salt Solution of HEU-233 Fluoride Fuel",
      "leb_248_fluoride": "Molten LEB-248 Fluoride",
      "diesel": "Diesel",
      "steel": "Molten Steel",
      "liquid_helium_nak": "Eutectic NaK-Helium Mixture",
      "depleted_len_236_fluoride_flibe": "Molten FLiBe Salt Solution of Depleted LEN-236 Fluoride Fuel",
      "ferroboron": "Molten Ferroboron",
      "hecm_243_fluoride": "Molten HECm-243 Fluoride",
      "refined_oil": "Naphtha",
      "europium_155": "Molten Europium-155",
      "depleted_lecm_245_fluoride": "Molten Depleted LECm-245 Fluoride",
      "methanol": "Methanol",
      "nitric_acid": "Nitric Acid",
      "len_236": "Molten LEN-236",
      "magnesium_nak_hot": "Hot Eutectic NaK-Magnesium Mixture",
      "hen_236_fluoride_flibe": "Molten FLiBe Salt Solution of HEN-236 Fluoride Fuel",
      "lecm_243": "Molten LECm-243",
      "caesium_137": "Molten Caesium-137",
      "lecm_245": "Molten LECm-245",
      "lecm_247": "Molten LECm-247",
      "hecf_249_fluoride_flibe": "Molten FLiBe Salt Solution of HECf-249 Fluoride Fuel",
      "lead": "Molten Lead",
      "hep_241_fluoride": "Molten HEP-241 Fluoride",
      "purpur_nak_hot": "Hot Eutectic NaK-Purpur Mixture",
      "lead_platinum": "Molten Lead Platinum",
      "sulfur_trioxide": "Sulfur Trioxide",
      "hecf_249_fluoride": "Molten HECf-249 Fluoride",
      "prismarine": "Molten Prismarine",
      "arsenic_nak_hot": "Hot Eutectic NaK-Arsenic Mixture",
      "koh": "Molten Potassium Hydroxide",
      "hep_239_fluoride": "Molten HEP-239 Fluoride",
      "emerald_nak": "Eutectic NaK-Emerald Mixture",
      "exhauststeam": "Exhaust Steam",
      "boric_acid": "Boric Acid",
      "experience": "Essence of Knowledge",
      "dark_chocolate": "Molten Dark Chocolate",
      "depleted_leu_235": "Molten Depleted LEU-235",
      "lithium_nak": "Eutectic NaK-Lithium Mixture",
      "boron_nak_hot": "Hot Eutectic NaK-Boron Mixture",
      "carobbiite": "Molten Carobbiite",
      "ender_sap": "Ender Sap",
      "depleted_leu_233": "Molten Depleted LEU-233",
      "lecf_249": "Molten LECf-249",
      "borax_solution": "Borax Solution",
      "lecf_251": "Molten LECf-251",
      "cryotheum": "Gelid Cryotheum",
      "gold_nak_hot": "Hot Eutectic NaK-Gold Mixture",
      "witherite_water": "Witherite Water",
      "water": "Water",
      "depleted_hep_241_fluoride_flibe": "Molten FLiBe Salt Solution of Depleted HEP-241 Fluoride Fuel",
      "resin": "Resin",
      "depleted_heb_248_fluoride_flibe": "Molten FLiBe Salt Solution of Depleted HEB-248 Fluoride Fuel",
      "carbon_dioxide": "Carbon Dioxide",
      "sugar": "Molten Sugar",
      "boron_nak": "Eutectic NaK-Boron Mixture",
      "concrete": "Liquid Concrete",
      "preheated_water": "Preheated Water",
      "tbu": "Molten TBU",
      "emergency_coolant": "Emergency Coolant",
      "leu_233_fluoride_flibe": "Molten FLiBe Salt Solution of LEU-233 Fluoride Fuel",
      "potassium_hydroxide_solution": "Potassium Hydroxide Solution",
      "enderium": "Molten Enderium",
      "lep_241": "Molten LEP-241",
      "steam": "Steam",
      "depleted_heu_235_fluoride": "Molten Depleted HEU-235 Fluoride",
      "hecf_251_fluoride": "Molten HECf-251 Fluoride",
      "creosote": "Creosote Oil",
      "promethium_147": "Molten Promethium-147",
      "sap": "Sap",
      "fluegas": "Flue Gas",
      "cocoa_butter": "Cocoa Butter",
      "ink": "Ink",
      "villiaumite": "Molten Villiaumite",
      "depleted_hep_239_fluoride": "Molten Depleted HEP-239 Fluoride",
      "mustard_gas": "Mustard Gas",
      "diamond": "Molten Diamond",
      "mix_239_fluoride_flibe": "Molten FLiBe Salt Solution of MF4-239 Fuel",
      "lapis_nak_hot": "Hot Eutectic NaK-Lapis Mixture",
      "hen_236": "Molten HEN-236",
      "gelatin": "Molten Gelatin",
      "lecm_247_fluoride": "Molten LECm-247 Fluoride",
      "boron": "Molten Boron",
      "baratol": "Molten Baratol"
    }
  }
}