{
	"format_version": "1.8.0",
	"animations": {
		"摇": {
			"loop": true,
			"animation_length": 2,
			"bones": {
				"Root": {
					"rotation": {
						"0.0": [0, 0, 5],
						"0.0417": [0, 0, 4.93],
						"0.0833": [0, 0, 4.75],
						"0.125": [0, 0, 4.47],
						"0.1667": [0, 0, 4.13],
						"0.2083": [0, 0, 3.73],
						"0.25": [0, 0, 3.27],
						"0.2917": [0, 0, 2.78],
						"0.3333": [0, 0, 2.26],
						"0.375": [0, 0, 1.72],
						"0.4167": [0, 0, 1.15],
						"0.4583": [0, 0, 0.58],
						"0.5": [0, 0, 0],
						"0.5417": [0, 0, -0.58],
						"0.5833": [0, 0, -1.15],
						"0.625": [0, 0, -1.72],
						"0.6667": [0, 0, -2.26],
						"0.7083": [0, 0, -2.78],
						"0.75": [0, 0, -3.27],
						"0.7917": [0, 0, -3.73],
						"0.8333": [0, 0, -4.13],
						"0.875": [0, 0, -4.47],
						"0.9167": [0, 0, -4.75],
						"0.9583": [0, 0, -4.93],
						"1.0": [0, 0, -5],
						"1.0417": [0, 0, -4.94],
						"1.0833": [0, 0, -4.76],
						"1.125": [0, 0, -4.5],
						"1.1667": [0, 0, -4.15],
						"1.2083": [0, 0, -3.75],
						"1.25": [0, 0, -3.3],
						"1.2917": [0, 0, -2.8],
						"1.3333": [0, 0, -2.28],
						"1.375": [0, 0, -1.73],
						"1.4167": [0, 0, -1.16],
						"1.4583": [0, 0, -0.58],
						"1.5": [0, 0, 0],
						"1.5417": [0, 0, 0.58],
						"1.5833": [0, 0, 1.16],
						"1.625": [0, 0, 1.73],
						"1.6667": [0, 0, 2.28],
						"1.7083": [0, 0, 2.8],
						"1.75": [0, 0, 3.3],
						"1.7917": [0, 0, 3.75],
						"1.8333": [0, 0, 4.15],
						"1.875": [0, 0, 4.5],
						"1.9167": [0, 0, 4.76],
						"1.9583": [0, 0, 4.94],
						"2.0": [0, 0, 5]
					},
					"position": {
						"0.0": [-3.25, 0, 0],
						"0.0417": [-3.21, 0, 0],
						"0.0833": [-3.11, 0, 0],
						"0.125": [-2.95, 0, 0],
						"0.1667": [-2.73, 0, 0],
						"0.2083": [-2.48, 0, 0],
						"0.25": [-2.19, 0, 0],
						"0.2917": [-1.87, 0, 0],
						"0.3333": [-1.52, 0, 0],
						"0.375": [-1.16, 0, 0],
						"0.4167": [-0.78, 0, 0],
						"0.4583": [-0.39, 0, 0],
						"0.5": [0, 0, 0],
						"0.5417": [0.39, 0, 0],
						"0.5833": [0.78, 0, 0],
						"0.625": [1.16, 0, 0],
						"0.6667": [1.52, 0, 0],
						"0.7083": [1.87, 0, 0],
						"0.75": [2.19, 0, 0],
						"0.7917": [2.48, 0, 0],
						"0.8333": [2.73, 0, 0],
						"0.875": [2.95, 0, 0],
						"0.9167": [3.11, 0, 0],
						"0.9583": [3.21, 0, 0],
						"1.0": [3.25, 0, 0],
						"1.0417": [3.21, 0, 0],
						"1.0833": [3.11, 0, 0],
						"1.125": [2.95, 0, 0],
						"1.1667": [2.73, 0, 0],
						"1.2083": [2.48, 0, 0],
						"1.25": [2.19, 0, 0],
						"1.2917": [1.87, 0, 0],
						"1.3333": [1.52, 0, 0],
						"1.375": [1.16, 0, 0],
						"1.4167": [0.78, 0, 0],
						"1.4583": [0.39, 0, 0],
						"1.5": [0, 0, 0],
						"1.5417": [-0.39, 0, 0],
						"1.5833": [-0.78, 0, 0],
						"1.625": [-1.16, 0, 0],
						"1.6667": [-1.52, 0, 0],
						"1.7083": [-1.87, 0, 0],
						"1.75": [-2.19, 0, 0],
						"1.7917": [-2.48, 0, 0],
						"1.8333": [-2.73, 0, 0],
						"1.875": [-2.95, 0, 0],
						"1.9167": [-3.11, 0, 0],
						"1.9583": [-3.21, 0, 0],
						"2.0": [-3.25, 0, 0]
					}
				},
				"AllBody": {
					"rotation": {
						"0.0": [0, -1, 0],
						"0.0417": [0, -0.99, 0],
						"0.0833": [0, -0.97, 0],
						"0.125": [0, -0.93, 0],
						"0.1667": [0, -0.87, 0],
						"0.2083": [0, -0.8, 0],
						"0.25": [0, -0.71, 0],
						"0.2917": [0, -0.61, 0],
						"0.3333": [0, -0.51, 0],
						"0.375": [0, -0.39, 0],
						"0.4167": [0, -0.26, 0],
						"0.4583": [0, -0.13, 0],
						"0.5": [0, 0, 0],
						"0.5417": [0, 0.13, 0],
						"0.5833": [0, 0.26, 0],
						"0.625": [0, 0.39, 0],
						"0.6667": [0, 0.51, 0],
						"0.7083": [0, 0.61, 0],
						"0.75": [0, 0.71, 0],
						"0.7917": [0, 0.8, 0],
						"0.8333": [0, 0.87, 0],
						"0.875": [0, 0.93, 0],
						"0.9167": [0, 0.97, 0],
						"0.9583": [0, 0.99, 0],
						"1.0": [0, 1, 0],
						"1.0417": [0, 0.99, 0],
						"1.0833": [0, 0.97, 0],
						"1.125": [0, 0.93, 0],
						"1.1667": [0, 0.87, 0],
						"1.2083": [0, 0.8, 0],
						"1.25": [0, 0.71, 0],
						"1.2917": [0, 0.61, 0],
						"1.3333": [0, 0.51, 0],
						"1.375": [0, 0.39, 0],
						"1.4167": [0, 0.26, 0],
						"1.4583": [0, 0.13, 0],
						"1.5": [0, 0, 0],
						"1.5417": [0, -0.13, 0],
						"1.5833": [0, -0.26, 0],
						"1.625": [0, -0.39, 0],
						"1.6667": [0, -0.51, 0],
						"1.7083": [0, -0.61, 0],
						"1.75": [0, -0.71, 0],
						"1.7917": [0, -0.8, 0],
						"1.8333": [0, -0.87, 0],
						"1.875": [0, -0.93, 0],
						"1.9167": [0, -0.97, 0],
						"1.9583": [0, -0.99, 0],
						"2.0": [0, -1, 0]
					}
				},
				"UpBody": {
					"rotation": {
						"0.0": [0, 0, -3.81],
						"0.0417": [0, 0, -3.95],
						"0.0833": [0, 0, -4],
						"0.125": [0, 0, -3.94],
						"0.1667": [0, 0, -3.8],
						"0.2083": [0, 0, -3.58],
						"0.25": [0, 0, -3.3],
						"0.2917": [0, 0, -2.98],
						"0.3333": [0, 0, -2.62],
						"0.375": [0, 0, -2.23],
						"0.4167": [0, 0, -1.81],
						"0.4583": [0, 0, -1.37],
						"0.5": [0, 0, -0.92],
						"0.5417": [0, 0, -0.46],
						"0.5833": [0, 0, 0],
						"0.625": [0, 0, 0.46],
						"0.6667": [0, 0, 0.92],
						"0.7083": [0, 0, 1.37],
						"0.75": [0, 0, 1.81],
						"0.7917": [0, 0, 2.23],
						"0.8333": [0, 0, 2.62],
						"0.875": [0, 0, 2.98],
						"0.9167": [0, 0, 3.3],
						"0.9583": [0, 0, 3.58],
						"1.0": [0, 0, 3.8],
						"1.0417": [0, 0, 3.94],
						"1.0833": [0, 0, 4],
						"1.125": [0, 0, 3.95],
						"1.1667": [0, 0, 3.81],
						"1.2083": [0, 0, 3.6],
						"1.25": [0, 0, 3.33],
						"1.2917": [0, 0, 3],
						"1.3333": [0, 0, 2.64],
						"1.375": [0, 0, 2.25],
						"1.4167": [0, 0, 1.83],
						"1.4583": [0, 0, 1.39],
						"1.5": [0, 0, 0.93],
						"1.5417": [0, 0, 0.47],
						"1.5833": [0, 0, 0],
						"1.625": [0, 0, -0.47],
						"1.6667": [0, 0, -0.93],
						"1.7083": [0, 0, -1.39],
						"1.75": [0, 0, -1.83],
						"1.7917": [0, 0, -2.25],
						"1.8333": [0, 0, -2.64],
						"1.875": [0, 0, -3],
						"1.9167": [0, 0, -3.33],
						"1.9583": [0, 0, -3.6],
						"2.0": [0, 0, -3.81]
					}
				},
				"Head": {
					"rotation": {
						"0.0": [0, 0, -0.6],
						"0.0417": [0, 0, -0.67],
						"0.0833": [0, 0, -0.72],
						"0.125": [0, 0, -0.76],
						"0.1667": [0, 0, -0.79],
						"0.2083": [0, 0, -0.8],
						"0.25": [0, 0, -0.79],
						"0.2917": [0, 0, -0.76],
						"0.3333": [0, 0, -0.72],
						"0.375": [0, 0, -0.66],
						"0.4167": [0, 0, -0.6],
						"0.4583": [0, 0, -0.52],
						"0.5": [0, 0, -0.45],
						"0.5417": [0, 0, -0.36],
						"0.5833": [0, 0, -0.27],
						"0.625": [0, 0, -0.18],
						"0.6667": [0, 0, -0.09],
						"0.7083": [0, 0, 0],
						"0.75": [0, 0, 0.09],
						"0.7917": [0, 0, 0.18],
						"0.8333": [0, 0, 0.27],
						"0.875": [0, 0, 0.36],
						"0.9167": [0, 0, 0.45],
						"0.9583": [0, 0, 0.52],
						"1.0": [0, 0, 0.6],
						"1.0417": [0, 0, 0.66],
						"1.0833": [0, 0, 0.72],
						"1.125": [0, 0, 0.76],
						"1.1667": [0, 0, 0.79],
						"1.2083": [0, 0, 0.8],
						"1.25": [0, 0, 0.79],
						"1.2917": [0, 0, 0.76],
						"1.3333": [0, 0, 0.72],
						"1.375": [0, 0, 0.67],
						"1.4167": [0, 0, 0.6],
						"1.4583": [0, 0, 0.53],
						"1.5": [0, 0, 0.45],
						"1.5417": [0, 0, 0.37],
						"1.5833": [0, 0, 0.28],
						"1.625": [0, 0, 0.19],
						"1.6667": [0, 0, 0.09],
						"1.7083": [0, 0, 0],
						"1.75": [0, 0, -0.09],
						"1.7917": [0, 0, -0.19],
						"1.8333": [0, 0, -0.28],
						"1.875": [0, 0, -0.37],
						"1.9167": [0, 0, -0.45],
						"1.9583": [0, 0, -0.53],
						"2.0": [0, 0, -0.6]
					}
				},
				"LeftArm": {
					"rotation": [-20, 0, 0]
				},
				"LeftForeArm": {
					"rotation": [-97.5, 90, 0]
				},
				"RightArm": {
					"rotation": [-32.5, 12.5, -7.5]
				},
				"RightForeArm": {
					"rotation": [-97.5, -90, 0]
				},
				"LeftLeg": {
					"rotation": {
						"0.0": [-0.1, -6.25, -13.5],
						"0.0417": [-0.1, -6.21, -13.39],
						"0.0833": [-0.09, -6.1, -13.09],
						"0.125": [-0.09, -5.94, -12.63],
						"0.1667": [-0.09, -5.73, -12.02],
						"0.2083": [-0.08, -5.48, -11.3],
						"0.25": [-0.08, -5.2, -10.48],
						"0.2917": [-0.07, -4.89, -9.57],
						"0.3333": [-0.07, -4.56, -8.58],
						"0.375": [-0.06, -4.22, -7.55],
						"0.4167": [-0.06, -3.86, -6.47],
						"0.4583": [-0.05, -3.49, -5.37],
						"0.5": [-0.05, -3.12, -4.25],
						"0.5417": [-0.05, -2.75, -3.13],
						"0.5833": [-0.04, -2.39, -2.03],
						"0.625": [-0.04, -2.03, -0.95],
						"0.6667": [-0.03, -1.68, 0.08],
						"0.7083": [-0.03, -1.36, 1.07],
						"0.75": [-0.02, -1.05, 1.98],
						"0.7917": [-0.02, -0.77, 2.8],
						"0.8333": [-0.01, -0.52, 3.52],
						"0.875": [-0.01, -0.31, 4.13],
						"0.9167": [-0.01, -0.14, 4.59],
						"0.9583": [0, -0.04, 4.89],
						"1.0": [0, 0, 5],
						"1.0417": [0, -0.04, 4.91],
						"1.0833": [-0.01, -0.14, 4.62],
						"1.125": [-0.01, -0.31, 4.17],
						"1.1667": [-0.01, -0.52, 3.57],
						"1.2083": [-0.02, -0.77, 2.85],
						"1.25": [-0.02, -1.05, 2.02],
						"1.2917": [-0.03, -1.36, 1.11],
						"1.3333": [-0.03, -1.68, 0.12],
						"1.375": [-0.04, -2.03, -0.93],
						"1.4167": [-0.04, -2.39, -2.01],
						"1.4583": [-0.05, -2.75, -3.12],
						"1.5": [-0.05, -3.12, -4.25],
						"1.5417": [-0.05, -3.49, -5.38],
						"1.5833": [-0.06, -3.86, -6.49],
						"1.625": [-0.06, -4.22, -7.57],
						"1.6667": [-0.07, -4.56, -8.62],
						"1.7083": [-0.07, -4.89, -9.61],
						"1.75": [-0.08, -5.2, -10.52],
						"1.7917": [-0.08, -5.48, -11.35],
						"1.8333": [-0.09, -5.73, -12.07],
						"1.875": [-0.09, -5.94, -12.67],
						"1.9167": [-0.09, -6.1, -13.12],
						"1.9583": [-0.1, -6.21, -13.41],
						"2.0": [-0.1, -6.25, -13.5]
					},
					"position": {
						"0.0": [0, 0, 0],
						"0.0417": [0, 0, 0],
						"0.0833": [0, 0, 0],
						"0.125": [0, -0.01, 0],
						"0.1667": [0, -0.01, 0],
						"0.2083": [0, -0.02, 0],
						"0.25": [0, -0.02, 0],
						"0.2917": [0, -0.03, 0],
						"0.3333": [0, -0.03, 0],
						"0.375": [0, -0.04, 0],
						"0.4167": [0, -0.05, 0],
						"0.4583": [-0.01, -0.06, 0],
						"0.5": [-0.01, -0.06, 0],
						"0.5417": [-0.01, -0.07, 0],
						"0.5833": [-0.01, -0.08, 0],
						"0.625": [-0.01, -0.09, 0],
						"0.6667": [-0.01, -0.09, 0],
						"0.7083": [-0.01, -0.1, 0],
						"0.75": [-0.01, -0.11, 0],
						"0.7917": [-0.01, -0.11, 0],
						"0.8333": [-0.01, -0.12, 0],
						"0.875": [-0.01, -0.12, 0],
						"0.9167": [-0.01, -0.13, 0],
						"0.9583": [-0.01, -0.13, 0],
						"1.0": [-0.01, -0.13, 0],
						"1.0417": [-0.01, -0.13, 0],
						"1.0833": [-0.01, -0.12, 0],
						"1.125": [-0.01, -0.12, 0],
						"1.1667": [-0.01, -0.11, 0],
						"1.2083": [-0.01, -0.11, 0],
						"1.25": [-0.01, -0.1, 0],
						"1.2917": [-0.01, -0.1, 0],
						"1.3333": [-0.01, -0.09, 0],
						"1.375": [-0.01, -0.08, 0],
						"1.4167": [-0.01, -0.08, 0],
						"1.4583": [-0.01, -0.07, 0],
						"1.5": [-0.01, -0.06, 0],
						"1.5417": [-0.01, -0.06, 0],
						"1.5833": [0, -0.05, 0],
						"1.625": [0, -0.05, 0],
						"1.6667": [0, -0.04, 0],
						"1.7083": [0, -0.03, 0],
						"1.75": [0, -0.03, 0],
						"1.7917": [0, -0.02, 0],
						"1.8333": [0, -0.02, 0],
						"1.875": [0, -0.01, 0],
						"1.9167": [0, -0.01, 0],
						"1.9583": [0, 0, 0],
						"2.0": [0, 0, 0]
					}
				},
				"LeftFoot": {
					"rotation": {
						"0.0": [0, 6.25, 7.75],
						"0.0417": [0, 6.2, 7.71],
						"0.0833": [0, 6.06, 7.6],
						"0.125": [0, 5.83, 7.42],
						"0.1667": [0, 5.53, 7.18],
						"0.2083": [0, 5.18, 6.88],
						"0.25": [0, 4.78, 6.54],
						"0.2917": [0, 4.35, 6.15],
						"0.3333": [0, 3.89, 5.74],
						"0.375": [0, 3.41, 5.29],
						"0.4167": [0, 2.9, 4.83],
						"0.4583": [0, 2.39, 4.36],
						"0.5": [0, 1.88, 3.87],
						"0.5417": [0, 1.36, 3.39],
						"0.5833": [0, 0.85, 2.92],
						"0.625": [0, 0.34, 2.46],
						"0.6667": [0, -0.14, 2.01],
						"0.7083": [0, -0.6, 1.6],
						"0.75": [0, -1.03, 1.21],
						"0.7917": [0, -1.43, 0.87],
						"0.8333": [0, -1.78, 0.57],
						"0.875": [0, -2.08, 0.33],
						"0.9167": [0, -2.31, 0.15],
						"0.9583": [0, -2.45, 0.04],
						"1.0": [0, -2.5, 0],
						"1.0417": [0, -2.44, 0.04],
						"1.0833": [0, -2.28, 0.16],
						"1.125": [0, -2.04, 0.35],
						"1.1667": [0, -1.74, 0.59],
						"1.2083": [0, -1.39, 0.89],
						"1.25": [0, -0.99, 1.23],
						"1.2917": [0, -0.57, 1.62],
						"1.3333": [0, -0.11, 2.03],
						"1.375": [0, 0.37, 2.47],
						"1.4167": [0, 0.86, 2.93],
						"1.4583": [0, 1.37, 3.4],
						"1.5": [0, 1.88, 3.88],
						"1.5417": [0, 2.38, 4.35],
						"1.5833": [0, 2.89, 4.82],
						"1.625": [0, 3.38, 5.28],
						"1.6667": [0, 3.86, 5.72],
						"1.7083": [0, 4.32, 6.13],
						"1.75": [0, 4.74, 6.52],
						"1.7917": [0, 5.14, 6.86],
						"1.8333": [0, 5.49, 7.16],
						"1.875": [0, 5.79, 7.4],
						"1.9167": [0, 6.03, 7.59],
						"1.9583": [0, 6.19, 7.71],
						"2.0": [0, 6.25, 7.75]
					}
				},
				"RightLeg": {
					"rotation": {
						"0.0": [0, 0, -5],
						"0.0417": [0, 0.04, -4.91],
						"0.0833": [-0.01, 0.14, -4.62],
						"0.125": [-0.01, 0.31, -4.17],
						"0.1667": [-0.01, 0.52, -3.57],
						"0.2083": [-0.02, 0.77, -2.85],
						"0.25": [-0.02, 1.05, -2.02],
						"0.2917": [-0.03, 1.36, -1.11],
						"0.3333": [-0.03, 1.68, -0.12],
						"0.375": [-0.04, 2.03, 0.93],
						"0.4167": [-0.04, 2.39, 2.01],
						"0.4583": [-0.05, 2.75, 3.12],
						"0.5": [-0.05, 3.12, 4.25],
						"0.5417": [-0.05, 3.49, 5.38],
						"0.5833": [-0.06, 3.86, 6.49],
						"0.625": [-0.06, 4.22, 7.57],
						"0.6667": [-0.07, 4.56, 8.62],
						"0.7083": [-0.07, 4.89, 9.61],
						"0.75": [-0.08, 5.2, 10.52],
						"0.7917": [-0.08, 5.48, 11.35],
						"0.8333": [-0.09, 5.73, 12.07],
						"0.875": [-0.09, 5.94, 12.67],
						"0.9167": [-0.09, 6.1, 13.12],
						"0.9583": [-0.1, 6.21, 13.41],
						"1.0": [-0.1, 6.25, 13.5],
						"1.0417": [-0.1, 6.21, 13.39],
						"1.0833": [-0.09, 6.1, 13.09],
						"1.125": [-0.09, 5.94, 12.63],
						"1.1667": [-0.09, 5.73, 12.02],
						"1.2083": [-0.08, 5.48, 11.3],
						"1.25": [-0.08, 5.2, 10.48],
						"1.2917": [-0.07, 4.89, 9.57],
						"1.3333": [-0.07, 4.56, 8.58],
						"1.375": [-0.06, 4.22, 7.55],
						"1.4167": [-0.06, 3.86, 6.47],
						"1.4583": [-0.05, 3.49, 5.37],
						"1.5": [-0.05, 3.12, 4.25],
						"1.5417": [-0.05, 2.75, 3.13],
						"1.5833": [-0.04, 2.39, 2.03],
						"1.625": [-0.04, 2.03, 0.95],
						"1.6667": [-0.03, 1.68, -0.08],
						"1.7083": [-0.03, 1.36, -1.07],
						"1.75": [-0.02, 1.05, -1.98],
						"1.7917": [-0.02, 0.77, -2.8],
						"1.8333": [-0.01, 0.52, -3.52],
						"1.875": [-0.01, 0.31, -4.13],
						"1.9167": [-0.01, 0.14, -4.59],
						"1.9583": [0, 0.04, -4.89],
						"2.0": [0, 0, -5]
					},
					"position": {
						"0.0": [0.01, -0.13, 0],
						"0.0417": [0.01, -0.13, 0],
						"0.0833": [0.01, -0.12, 0],
						"0.125": [0.01, -0.12, 0],
						"0.1667": [0.01, -0.11, 0],
						"0.2083": [0.01, -0.11, 0],
						"0.25": [0.01, -0.1, 0],
						"0.2917": [0.01, -0.1, 0],
						"0.3333": [0.01, -0.09, 0],
						"0.375": [0.01, -0.08, 0],
						"0.4167": [0.01, -0.08, 0],
						"0.4583": [0.01, -0.07, 0],
						"0.5": [0.01, -0.06, 0],
						"0.5417": [0.01, -0.06, 0],
						"0.5833": [0, -0.05, 0],
						"0.625": [0, -0.05, 0],
						"0.6667": [0, -0.04, 0],
						"0.7083": [0, -0.03, 0],
						"0.75": [0, -0.03, 0],
						"0.7917": [0, -0.02, 0],
						"0.8333": [0, -0.02, 0],
						"0.875": [0, -0.01, 0],
						"0.9167": [0, -0.01, 0],
						"0.9583": [0, 0, 0],
						"1.0": [0, 0, 0],
						"1.0417": [0, 0, 0],
						"1.0833": [0, 0, 0],
						"1.125": [0, -0.01, 0],
						"1.1667": [0, -0.01, 0],
						"1.2083": [0, -0.02, 0],
						"1.25": [0, -0.02, 0],
						"1.2917": [0, -0.03, 0],
						"1.3333": [0, -0.03, 0],
						"1.375": [0, -0.04, 0],
						"1.4167": [0, -0.05, 0],
						"1.4583": [0.01, -0.06, 0],
						"1.5": [0.01, -0.06, 0],
						"1.5417": [0.01, -0.07, 0],
						"1.5833": [0.01, -0.08, 0],
						"1.625": [0.01, -0.09, 0],
						"1.6667": [0.01, -0.09, 0],
						"1.7083": [0.01, -0.1, 0],
						"1.75": [0.01, -0.11, 0],
						"1.7917": [0.01, -0.11, 0],
						"1.8333": [0.01, -0.12, 0],
						"1.875": [0.01, -0.12, 0],
						"1.9167": [0.01, -0.13, 0],
						"1.9583": [0.01, -0.13, 0],
						"2.0": [0.01, -0.13, 0]
					}
				},
				"RightFoot": {
					"rotation": {
						"0.0": [0, 2.5, 0],
						"0.0417": [0, 2.44, -0.04],
						"0.0833": [0, 2.28, -0.16],
						"0.125": [0, 2.04, -0.35],
						"0.1667": [0, 1.74, -0.59],
						"0.2083": [0, 1.39, -0.89],
						"0.25": [0, 0.99, -1.23],
						"0.2917": [0, 0.57, -1.62],
						"0.3333": [0, 0.11, -2.03],
						"0.375": [0, -0.37, -2.47],
						"0.4167": [0, -0.86, -2.93],
						"0.4583": [0, -1.37, -3.4],
						"0.5": [0, -1.87, -3.88],
						"0.5417": [0, -2.38, -4.35],
						"0.5833": [0, -2.89, -4.82],
						"0.625": [0, -3.38, -5.28],
						"0.6667": [0, -3.86, -5.72],
						"0.7083": [0, -4.32, -6.13],
						"0.75": [0, -4.74, -6.52],
						"0.7917": [0, -5.14, -6.86],
						"0.8333": [0, -5.49, -7.16],
						"0.875": [0, -5.79, -7.4],
						"0.9167": [0, -6.03, -7.59],
						"0.9583": [0, -6.19, -7.71],
						"1.0": [0, -6.25, -7.75],
						"1.0417": [0, -6.2, -7.71],
						"1.0833": [0, -6.06, -7.6],
						"1.125": [0, -5.83, -7.42],
						"1.1667": [0, -5.53, -7.18],
						"1.2083": [0, -5.18, -6.88],
						"1.25": [0, -4.78, -6.54],
						"1.2917": [0, -4.35, -6.15],
						"1.3333": [0, -3.89, -5.74],
						"1.375": [0, -3.41, -5.29],
						"1.4167": [0, -2.9, -4.83],
						"1.4583": [0, -2.39, -4.36],
						"1.5": [0, -1.87, -3.87],
						"1.5417": [0, -1.36, -3.39],
						"1.5833": [0, -0.85, -2.92],
						"1.625": [0, -0.34, -2.46],
						"1.6667": [0, 0.14, -2.01],
						"1.7083": [0, 0.6, -1.6],
						"1.75": [0, 1.03, -1.21],
						"1.7917": [0, 1.43, -0.87],
						"1.8333": [0, 1.78, -0.57],
						"1.875": [0, 2.08, -0.33],
						"1.9167": [0, 2.31, -0.15],
						"1.9583": [0, 2.45, -0.04],
						"2.0": [0, 2.5, 0]
					}
				},
				"Skirt": {
					"rotation": {
						"0.0": [0, 0, -4.9],
						"0.0417": [0, 0, -4.17],
						"0.0833": [0, 0, -3.39],
						"0.125": [0, 0, -2.58],
						"0.1667": [0, 0, -1.72],
						"0.2083": [0, 0, -0.87],
						"0.25": [0, 0, 0],
						"0.2917": [0, 0, 0.87],
						"0.3333": [0, 0, 1.73],
						"0.375": [0, 0, 2.58],
						"0.4167": [0, 0, 3.39],
						"0.4583": [0, 0, 4.17],
						"0.5": [0, 0, 4.91],
						"0.5417": [0, 0, 5.6],
						"0.5833": [0, 0, 6.2],
						"0.625": [0, 0, 6.71],
						"0.6667": [0, 0, 7.13],
						"0.7083": [0, 0, 7.4],
						"0.75": [0, 0, 7.5],
						"0.7917": [0, 0, 7.41],
						"0.8333": [0, 0, 7.14],
						"0.875": [0, 0, 6.75],
						"0.9167": [0, 0, 6.23],
						"0.9583": [0, 0, 5.63],
						"1.0": [0, 0, 4.95],
						"1.0417": [0, 0, 4.2],
						"1.0833": [0, 0, 3.42],
						"1.125": [0, 0, 2.6],
						"1.1667": [0, 0, 1.74],
						"1.2083": [0, 0, 0.87],
						"1.25": [0, 0, 0],
						"1.2917": [0, 0, -0.87],
						"1.3333": [0, 0, -1.74],
						"1.375": [0, 0, -2.59],
						"1.4167": [0, 0, -3.42],
						"1.4583": [0, 0, -4.2],
						"1.5": [0, 0, -4.95],
						"1.5417": [0, 0, -5.62],
						"1.5833": [0, 0, -6.22],
						"1.625": [0, 0, -6.75],
						"1.6667": [0, 0, -7.14],
						"1.7083": [0, 0, -7.41],
						"1.75": [0, 0, -7.5],
						"1.7917": [0, 0, -7.39],
						"1.8333": [0, 0, -7.12],
						"1.875": [0, 0, -6.7],
						"1.9167": [0, 0, -6.19],
						"1.9583": [0, 0, -5.59],
						"2.0": [0, 0, -4.9]
					},
					"scale": [1.05, 1, 1]
				},
				"haipa": {
					"position": [0, 0, 0]
				},
				"maozuixiao": {
					"position": [0, 0, 0]
				},
				"dajiao": {
					"position": [0, 0, 0]
				},
				"huyaxiao": {
					"position": [0, 0, 0]
				},
				"D": {
					"position": [0, 0, 0]
				},
				"v": {
					"position": [0, 0, 0]
				},
				"o": {
					"position": [0, 0, 0]
				},
				"huaixiao": {
					"position": [0, 0, 0]
				},
				"zhangzui": {
					"position": [0, 0, 0]
				},
				"duzui": {
					"position": [0, 0, -1]
				},
				"fadai": {
					"position": [0, 0, 0]
				}
			}
		},
		"转圈圈": {
			"loop": true,
			"animation_length": 2.5,
			"bones": {
				"Root": {
					"rotation": {
						"0.0": [0, 30, 0],
						"0.5": {
							"pre": [0, -12.5, 0],
							"post": [0, -12.5, 0],
							"lerp_mode": "catmullrom"
						},
						"0.9167": {
							"post": [0, 158, 0],
							"lerp_mode": "catmullrom"
						},
						"1.375": {
							"post": [0, 340, 0],
							"lerp_mode": "catmullrom"
						},
						"2.0": {
							"post": [0, 408.5, 0],
							"lerp_mode": "catmullrom"
						},
						"2.5": {
							"post": [0, 390, 0],
							"lerp_mode": "catmullrom"
						},
						"3.0": {
							"post": [0, 390, 0],
							"lerp_mode": "catmullrom"
						}
					},
					"position": {
						"0.0": {
							"post": [0, 1, 0],
							"lerp_mode": "catmullrom"
						},
						"0.5": {
							"post": [0, 0, 0],
							"lerp_mode": "catmullrom"
						},
						"0.7083": {
							"post": [0, 1, 0],
							"lerp_mode": "catmullrom"
						},
						"2.0": {
							"post": [0, 1, 0],
							"lerp_mode": "catmullrom"
						},
						"2.5": {
							"post": [0, 1, 0],
							"lerp_mode": "catmullrom"
						}
					}
				},
				"AllBody": {
					"position": {
						"0.0": {
							"post": [2.38547, 0, 1.51971],
							"lerp_mode": "catmullrom"
						},
						"0.5": {
							"post": [3.83806, 0, 1.08683],
							"lerp_mode": "catmullrom"
						},
						"0.7083": {
							"post": [2.38547, 0, 1.51971],
							"lerp_mode": "catmullrom"
						},
						"1.2083": {
							"post": [1.16837, 0, 1.37919],
							"lerp_mode": "catmullrom"
						},
						"1.5833": {
							"post": [1.16837, 0, 1.37919],
							"lerp_mode": "catmullrom"
						},
						"2.0": {
							"post": [2.38547, 0, 1.51971],
							"lerp_mode": "catmullrom"
						},
						"2.5": {
							"post": [2.39, 0, 1.52],
							"lerp_mode": "catmullrom"
						}
					}
				},
				"UpBody": {
					"rotation": {
						"0.0": {
							"post": [0, 0, 0],
							"lerp_mode": "catmullrom"
						},
						"0.5": {
							"post": [7.5, -10, 0],
							"lerp_mode": "catmullrom"
						},
						"0.7083": {
							"post": [0, 0, 0],
							"lerp_mode": "catmullrom"
						},
						"1.3333": {
							"post": [-2.1, 2.2, 0],
							"lerp_mode": "catmullrom"
						},
						"2.0": {
							"post": [-2, 2, 0],
							"lerp_mode": "catmullrom"
						},
						"2.5": {
							"post": [0, 0, 0],
							"lerp_mode": "catmullrom"
						}
					}
				},
				"UpperBody": {
					"rotation": {
						"0.0": {
							"post": [0, 0, 0],
							"lerp_mode": "catmullrom"
						},
						"0.5": {
							"post": [-4.71591, -27.66478, -1.52427],
							"lerp_mode": "catmullrom"
						},
						"0.7083": {
							"post": [0, 0, 0],
							"lerp_mode": "catmullrom"
						},
						"1.3333": {
							"post": [1.7, 5.4, 0],
							"lerp_mode": "catmullrom"
						},
						"2.0": {
							"post": [-1.1, 5.2, 0],
							"lerp_mode": "catmullrom"
						},
						"2.5": {
							"post": [0, 0, 0],
							"lerp_mode": "catmullrom"
						}
					}
				},
				"Head": {
					"rotation": {
						"0.0": {
							"post": [0, -35, 0],
							"lerp_mode": "catmullrom"
						},
						"0.5": {
							"post": [0, 25, -5],
							"lerp_mode": "catmullrom"
						},
						"1.125": {
							"post": [0, 13, 0],
							"lerp_mode": "catmullrom"
						},
						"1.5417": {
							"post": [0, -18.5, 0],
							"lerp_mode": "catmullrom"
						},
						"1.9583": {
							"post": [0, -48.5, 0],
							"lerp_mode": "catmullrom"
						},
						"2.5": {
							"post": [0, -35, 0],
							"lerp_mode": "catmullrom"
						}
					}
				},
				"LeftLongHair": {
					"rotation": {
						"0.0": {
							"post": [0, 0, -10],
							"lerp_mode": "catmullrom"
						},
						"0.25": {
							"post": [0, 0, 0],
							"lerp_mode": "catmullrom"
						},
						"0.5417": {
							"post": [0, 0, 11],
							"lerp_mode": "catmullrom"
						},
						"0.875": {
							"post": [0, 0, 19],
							"lerp_mode": "catmullrom"
						},
						"1.3333": {
							"post": [0, 0, 15],
							"lerp_mode": "catmullrom"
						},
						"1.7083": {
							"post": [0, 0, -14],
							"lerp_mode": "catmullrom"
						},
						"2.1667": {
							"post": [0, 0, -22],
							"lerp_mode": "catmullrom"
						},
						"2.5": {
							"post": [0, 0, -10],
							"lerp_mode": "catmullrom"
						}
					}
				},
				"LeftLongHair2": {
					"rotation": {
						"0.0": {
							"post": [0, 0, -10.27],
							"lerp_mode": "catmullrom"
						},
						"0.1667": {
							"post": [0, 0, -6],
							"lerp_mode": "catmullrom"
						},
						"0.4167": {
							"post": [0, 0, 0],
							"lerp_mode": "catmullrom"
						},
						"0.7083": {
							"post": [0, 0, 6.6],
							"lerp_mode": "catmullrom"
						},
						"1.0417": {
							"post": [0, 0, 11.4],
							"lerp_mode": "catmullrom"
						},
						"1.5": {
							"post": [0, 0, 9],
							"lerp_mode": "catmullrom"
						},
						"1.875": {
							"post": [0, 0, -8.4],
							"lerp_mode": "catmullrom"
						},
						"2.3333": {
							"post": [0, 0, -13.2],
							"lerp_mode": "catmullrom"
						},
						"2.5": {
							"post": [0, 0, -10.27],
							"lerp_mode": "catmullrom"
						}
					}
				},
				"LeftLongHair3": {
					"rotation": {
						"0.0": {
							"post": [0, 0, -13.2],
							"lerp_mode": "catmullrom"
						},
						"0.3333": {
							"post": [0, 0, -6],
							"lerp_mode": "catmullrom"
						},
						"0.5833": {
							"post": [0, 0, 0],
							"lerp_mode": "catmullrom"
						},
						"0.875": {
							"post": [0, 0, 6.6],
							"lerp_mode": "catmullrom"
						},
						"1.2083": {
							"post": [0, 0, 11.4],
							"lerp_mode": "catmullrom"
						},
						"1.6667": {
							"post": [0, 0, 9],
							"lerp_mode": "catmullrom"
						},
						"2.0417": {
							"post": [0, 0, -8.4],
							"lerp_mode": "catmullrom"
						},
						"2.25": {
							"post": [0, 0, -12.108],
							"lerp_mode": "catmullrom"
						},
						"2.5": {
							"post": [0, 0, -13.2],
							"lerp_mode": "catmullrom"
						}
					}
				},
				"RightLongHair": {
					"rotation": {
						"0.0": {
							"post": [0, 0, -10],
							"lerp_mode": "catmullrom"
						},
						"0.25": {
							"post": [0, 0, 0],
							"lerp_mode": "catmullrom"
						},
						"0.5417": {
							"post": [0, 0, 11],
							"lerp_mode": "catmullrom"
						},
						"0.875": {
							"post": [0, 0, 19],
							"lerp_mode": "catmullrom"
						},
						"1.3333": {
							"post": [0, 0, 15],
							"lerp_mode": "catmullrom"
						},
						"1.7083": {
							"post": [0, 0, -14],
							"lerp_mode": "catmullrom"
						},
						"2.1667": {
							"post": [0, 0, -22],
							"lerp_mode": "catmullrom"
						},
						"2.5": {
							"post": [0, 0, -10],
							"lerp_mode": "catmullrom"
						}
					}
				},
				"RightLongHair2": {
					"rotation": {
						"0.0": {
							"post": [0, 0, -10.27],
							"lerp_mode": "catmullrom"
						},
						"0.1667": {
							"post": [0, 0, -6],
							"lerp_mode": "catmullrom"
						},
						"0.4167": {
							"post": [0, 0, 0],
							"lerp_mode": "catmullrom"
						},
						"0.7083": {
							"post": [0, 0, 6.6],
							"lerp_mode": "catmullrom"
						},
						"1.0417": {
							"post": [0, 0, 11.4],
							"lerp_mode": "catmullrom"
						},
						"1.5": {
							"post": [0, 0, 9],
							"lerp_mode": "catmullrom"
						},
						"1.875": {
							"post": [0, 0, -8.4],
							"lerp_mode": "catmullrom"
						},
						"2.3333": {
							"post": [0, 0, -13.2],
							"lerp_mode": "catmullrom"
						},
						"2.5": {
							"post": [0, 0, -10.27],
							"lerp_mode": "catmullrom"
						}
					}
				},
				"RightLongHair3": {
					"rotation": {
						"0.0": {
							"post": [0, 0, -13.2],
							"lerp_mode": "catmullrom"
						},
						"0.3333": {
							"post": [0, 0, -6],
							"lerp_mode": "catmullrom"
						},
						"0.5833": {
							"post": [0, 0, 0],
							"lerp_mode": "catmullrom"
						},
						"0.875": {
							"post": [0, 0, 6.6],
							"lerp_mode": "catmullrom"
						},
						"1.2083": {
							"post": [0, 0, 11.4],
							"lerp_mode": "catmullrom"
						},
						"1.6667": {
							"post": [0, 0, 9],
							"lerp_mode": "catmullrom"
						},
						"2.0417": {
							"post": [0, 0, -8.4],
							"lerp_mode": "catmullrom"
						},
						"2.25": {
							"post": [0, 0, -12.108],
							"lerp_mode": "catmullrom"
						},
						"2.5": {
							"post": [0, 0, -13.2],
							"lerp_mode": "catmullrom"
						}
					}
				},
				"InsideLongHair": {
					"rotation": {
						"0.0": {
							"post": [0, 0, -10],
							"lerp_mode": "catmullrom"
						},
						"0.25": {
							"post": [0, 0, 0],
							"lerp_mode": "catmullrom"
						},
						"0.5417": {
							"post": [0, 0, 11],
							"lerp_mode": "catmullrom"
						},
						"0.875": {
							"post": [0, 0, 19],
							"lerp_mode": "catmullrom"
						},
						"1.3333": {
							"post": [0, 0, 15],
							"lerp_mode": "catmullrom"
						},
						"1.7083": {
							"post": [0, 0, -14],
							"lerp_mode": "catmullrom"
						},
						"2.1667": {
							"post": [0, 0, -22],
							"lerp_mode": "catmullrom"
						},
						"2.5": {
							"post": [0, 0, -10],
							"lerp_mode": "catmullrom"
						}
					}
				},
				"LongHair": {
					"rotation": {
						"0.0": {
							"post": [0, 0, -10],
							"lerp_mode": "catmullrom"
						},
						"0.25": {
							"post": [0, 0, 0],
							"lerp_mode": "catmullrom"
						},
						"0.5417": {
							"post": [0, 0, 11],
							"lerp_mode": "catmullrom"
						},
						"0.875": {
							"post": [0, 0, 19],
							"lerp_mode": "catmullrom"
						},
						"1.3333": {
							"post": [0, 0, 15],
							"lerp_mode": "catmullrom"
						},
						"1.7083": {
							"post": [0, 0, -14],
							"lerp_mode": "catmullrom"
						},
						"2.1667": {
							"post": [0, 0, -22],
							"lerp_mode": "catmullrom"
						},
						"2.5": {
							"post": [0, 0, -10],
							"lerp_mode": "catmullrom"
						}
					}
				},
				"LongHair2": {
					"rotation": {
						"0.0": {
							"post": [0, 0, -10.27],
							"lerp_mode": "catmullrom"
						},
						"0.1667": {
							"post": [0, 0, -6],
							"lerp_mode": "catmullrom"
						},
						"0.4167": {
							"post": [0, 0, 0],
							"lerp_mode": "catmullrom"
						},
						"0.7083": {
							"post": [0, 0, 6.6],
							"lerp_mode": "catmullrom"
						},
						"1.0417": {
							"post": [0, 0, 11.4],
							"lerp_mode": "catmullrom"
						},
						"1.5": {
							"post": [0, 0, 9],
							"lerp_mode": "catmullrom"
						},
						"1.875": {
							"post": [0, 0, -8.4],
							"lerp_mode": "catmullrom"
						},
						"2.3333": {
							"post": [0, 0, -13.2],
							"lerp_mode": "catmullrom"
						},
						"2.5": {
							"post": [0, 0, -10.27],
							"lerp_mode": "catmullrom"
						}
					}
				},
				"LongHair3": {
					"rotation": {
						"0.0": {
							"post": [0, 0, -13.2],
							"lerp_mode": "catmullrom"
						},
						"0.3333": {
							"post": [0, 0, -6],
							"lerp_mode": "catmullrom"
						},
						"0.5833": {
							"post": [0, 0, 0],
							"lerp_mode": "catmullrom"
						},
						"0.875": {
							"post": [0, 0, 6.6],
							"lerp_mode": "catmullrom"
						},
						"1.2083": {
							"post": [0, 0, 11.4],
							"lerp_mode": "catmullrom"
						},
						"1.6667": {
							"post": [0, 0, 9],
							"lerp_mode": "catmullrom"
						},
						"2.0417": {
							"post": [0, 0, -8.4],
							"lerp_mode": "catmullrom"
						},
						"2.25": {
							"post": [0, 0, -12.108],
							"lerp_mode": "catmullrom"
						},
						"2.5": {
							"post": [0, 0, -13.2],
							"lerp_mode": "catmullrom"
						}
					}
				},
				"LeftArm": {
					"rotation": {
						"0.0": {
							"post": [-17.5, 0, 0],
							"lerp_mode": "catmullrom"
						},
						"0.5": {
							"post": [22.5, 0, 0],
							"lerp_mode": "catmullrom"
						},
						"1.0": {
							"post": [38, -6, -42.5],
							"lerp_mode": "catmullrom"
						},
						"1.375": {
							"post": [30, 0, -42.5],
							"lerp_mode": "catmullrom"
						},
						"1.875": {
							"post": [-24.82605, 35.78606, -6.11976],
							"lerp_mode": "catmullrom"
						},
						"2.2083": {
							"post": [-32.82605, 35.78606, 2.88024],
							"lerp_mode": "catmullrom"
						},
						"2.5": {
							"post": [-17.5, 0, 0],
							"lerp_mode": "catmullrom"
						}
					}
				},
				"LeftForeArm": {
					"rotation": {
						"0.0": {
							"post": [-40, 65, 0],
							"lerp_mode": "catmullrom"
						},
						"0.5": {
							"post": [-37.5, 0, 0],
							"lerp_mode": "catmullrom"
						},
						"0.75": {
							"post": [0, -13, 0],
							"lerp_mode": "catmullrom"
						},
						"1.5833": {
							"post": [0, -7, 0],
							"lerp_mode": "catmullrom"
						},
						"2.0": {
							"post": [-30.61087, 38.35462, -0.62536],
							"lerp_mode": "catmullrom"
						},
						"2.2083": {
							"post": [-38.61087, 65.35462, -0.62536],
							"lerp_mode": "catmullrom"
						},
						"2.5": {
							"post": [-40, 65, 0],
							"lerp_mode": "catmullrom"
						}
					}
				},
				"RightArm": {
					"rotation": {
						"0.0": {
							"post": [15, 0, 10],
							"lerp_mode": "catmullrom"
						},
						"0.5": {
							"post": [-25, 0, 0],
							"lerp_mode": "catmullrom"
						},
						"0.875": {
							"post": [-38, 0, 10],
							"lerp_mode": "catmullrom"
						},
						"1.4583": {
							"post": [-31, 0, 14.25],
							"lerp_mode": "catmullrom"
						},
						"2.0833": {
							"post": [15, 0, 14],
							"lerp_mode": "catmullrom"
						},
						"2.5": {
							"post": [15, 0, 10],
							"lerp_mode": "catmullrom"
						}
					}
				},
				"RightForeArm": {
					"rotation": {
						"0.0": {
							"post": [-90, -67.5, 72.5],
							"lerp_mode": "catmullrom"
						},
						"0.5": {
							"post": [0, -90, -42.5],
							"lerp_mode": "catmullrom"
						},
						"0.875": {
							"post": [0, -90, -42.5],
							"lerp_mode": "catmullrom"
						},
						"1.5": {
							"post": [-90, -67.5, 72.5],
							"lerp_mode": "catmullrom"
						},
						"2.0": {
							"post": [-109, -77.5, 94.5],
							"lerp_mode": "catmullrom"
						},
						"2.5": {
							"post": [-90, -67.5, 72.5],
							"lerp_mode": "catmullrom"
						}
					}
				},
				"LeftLeg": {
					"rotation": {
						"0.0": {
							"post": [-37.57734, 4.61854, -1.91757],
							"lerp_mode": "catmullrom"
						},
						"0.5417": {
							"post": [0.43688, -4.98093, -5.019],
							"lerp_mode": "catmullrom"
						},
						"0.75": {
							"post": [-22.57734, 4.61854, -1.91757],
							"lerp_mode": "catmullrom"
						},
						"1.5": {
							"post": [-40.57734, 4.61854, -1.91757],
							"lerp_mode": "catmullrom"
						},
						"2.5": {
							"post": [-37.58, 4.62, -1.92],
							"lerp_mode": "catmullrom"
						}
					}
				},
				"LeftLowerLeg": {
					"rotation": {
						"0.0": {
							"post": [92.5, 0, 0],
							"lerp_mode": "catmullrom"
						},
						"0.4583": {
							"post": [5, 0, 0],
							"lerp_mode": "catmullrom"
						},
						"0.6667": {
							"post": [60, 0, 0],
							"lerp_mode": "catmullrom"
						},
						"1.5": {
							"post": [97.5, 0, 0],
							"lerp_mode": "catmullrom"
						},
						"2.5": {
							"post": [92.5, 0, 0],
							"lerp_mode": "catmullrom"
						}
					}
				},
				"LeftFoot": {
					"rotation": {
						"0.0": {
							"post": [-5, 0, 0],
							"lerp_mode": "catmullrom"
						},
						"0.4167": {
							"post": [-5, 0, 0],
							"lerp_mode": "catmullrom"
						},
						"0.625": {
							"post": [-5, 0, 0],
							"lerp_mode": "catmullrom"
						},
						"2.0": {
							"post": [-5, 0, 0],
							"lerp_mode": "catmullrom"
						},
						"2.5": {
							"post": [-5, 0, 0],
							"lerp_mode": "catmullrom"
						}
					}
				},
				"RightLeg": {
					"rotation": {
						"0.0": {
							"post": [-2.5, 0, 0],
							"lerp_mode": "catmullrom"
						},
						"0.5": {
							"post": [-6.78623, -19.48625, 5.2844],
							"lerp_mode": "catmullrom"
						},
						"0.7083": {
							"post": [-2.5, 0, 0],
							"lerp_mode": "catmullrom"
						},
						"1.4583": {
							"post": [-2.08149, 2.2814, -3.14049],
							"lerp_mode": "catmullrom"
						},
						"2.0": {
							"post": [-2.5, 0, 0],
							"lerp_mode": "catmullrom"
						},
						"2.5": {
							"post": [-2.5, 0, 0],
							"lerp_mode": "catmullrom"
						}
					}
				},
				"RightLowerLeg": {
					"rotation": {
						"0.0": {
							"post": [5, 0, 0],
							"lerp_mode": "catmullrom"
						},
						"0.5": {
							"post": [22.5, 0, 0],
							"lerp_mode": "catmullrom"
						},
						"0.7083": {
							"post": [5, 0, 0],
							"lerp_mode": "catmullrom"
						},
						"2.0": {
							"post": [5, 0, 0],
							"lerp_mode": "catmullrom"
						},
						"2.5": {
							"post": [5, 0, 0],
							"lerp_mode": "catmullrom"
						}
					}
				},
				"RightFoot": {
					"rotation": {
						"0.0": {
							"post": [30, 0, 0],
							"lerp_mode": "catmullrom"
						},
						"0.5": {
							"post": [5, 0, 0],
							"lerp_mode": "catmullrom"
						},
						"0.7083": {
							"post": [30, 0, 0],
							"lerp_mode": "catmullrom"
						},
						"2.0": {
							"post": [30, 0, 0],
							"lerp_mode": "catmullrom"
						},
						"2.5": {
							"post": [30, 0, 0],
							"lerp_mode": "catmullrom"
						}
					}
				},
				"Molang": {
					"rotation": [
						"v.by=math.sin((math.sin(-100+q.anim_time*360/(60/24))+0.9)*45)*500",
						"v.body_yaw=math.sin((math.sin(-100+q.anim_time*360/(60/24))+0.9)*45)*300",
						0
					]
				},
				"maozuixiao": {
					"position": [0, 0, -1]
				},
				"v": {
					"position": [0, 0, 0]
				},
				"HUDIEJIE4": {
					"rotation": {
						"0.0": {
							"post": [0, 0, -10],
							"lerp_mode": "catmullrom"
						},
						"0.25": {
							"post": [0, 0, 0],
							"lerp_mode": "catmullrom"
						},
						"0.5417": {
							"post": [0, 0, 11],
							"lerp_mode": "catmullrom"
						},
						"0.875": {
							"post": [0, 0, 19],
							"lerp_mode": "catmullrom"
						},
						"1.3333": {
							"post": [0, 0, 15],
							"lerp_mode": "catmullrom"
						},
						"1.7083": {
							"post": [0, 0, -14],
							"lerp_mode": "catmullrom"
						},
						"2.1667": {
							"post": [0, 0, -22],
							"lerp_mode": "catmullrom"
						},
						"2.5": {
							"post": [0, 0, -10],
							"lerp_mode": "catmullrom"
						}
					}
				}
			}
		},
		"席地而坐": {
			"loop": true,
			"bones": {
				"Root": {
					"rotation": [0, 0, 0],
					"position": [0, 0, 0],
					"scale": 1
				},
				"AllBody": {
					"rotation": [0, 0, 0],
					"position": [0, -19, 0],
					"scale": 1
				},
				"UpBody": {
					"rotation": [15, 0, 0],
					"position": [0, 0, 0]
				},
				"AllHead": {
					"rotation": [0, 0, 0],
					"position": [0, 0, 0]
				},
				"Head": {
					"rotation": [-15, 0, 0],
					"position": [0, 0, 0]
				},
				"LeftLongHair": {
					"rotation": [15, 0, 0]
				},
				"RightLongHair": {
					"rotation": [15, 0, 0]
				},
				"InsideLongHair": {
					"rotation": [15, 0, 0]
				},
				"LongHair": {
					"rotation": [15, 0, 0]
				},
				"v": {
					"position": [0, 0, 0]
				},
				"duzui": {
					"position": [0, 0, -1]
				},
				"LeftArm": {
					"rotation": [-43.21918, 13.99545, 14.43276],
					"position": [0, 0, 0]
				},
				"LeftForeArm": {
					"rotation": [0, 0, 0],
					"position": [0, 0, 0]
				},
				"RightArm": {
					"rotation": [-43.21918, -13.99545, -14.43276],
					"position": [0, 0, 0]
				},
				"RightForeArm": {
					"rotation": [0, 0, 0],
					"position": [0, 0, 0]
				},
				"LeftLeg": {
					"rotation": [-73.70283, 4.82922, -74.9453],
					"position": [0, 0, 0]
				},
				"LeftLowerLeg": {
					"rotation": [130, 0, 0],
					"position": [0, 0, 0]
				},
				"LeftFoot": {
					"rotation": [37.5, 0, 0],
					"position": [0, 0, 0]
				},
				"RightLeg": {
					"rotation": [-73.70283, -4.82922, 74.9453],
					"position": [0, 0, 0]
				},
				"RightLowerLeg": {
					"rotation": [130, 0, 0],
					"position": [0, 0, 0]
				},
				"RightFoot": {
					"rotation": [55, 0, 0],
					"position": [0, 0, 0]
				},
				"Skirt": {
					"scale": [1.1, 1, 1.1]
				},
				"FrontSkirt": {
					"rotation": [-65, 0, 0],
					"position": [0, 0.4, 0]
				},
				"MBackRightSkirt": {
					"rotation": [0, -10, 0],
					"position": [0.3, 0, 0.03],
					"scale": [1.3, 1, 1]
				},
				"MBackLeftSkirt": {
					"rotation": [0, 10, 0],
					"position": [-0.3, 0, 0.03],
					"scale": [1.3, 1, 1]
				},
				"RightFront": {
					"rotation": [-49.89175, -9.51495, 33.8274],
					"scale": [1, 1, 1.2]
				},
				"RightBack": {
					"rotation": [-16.87652, -8.59612, 26.33179],
					"scale": [1, 1, 1.3]
				},
				"LeftFront": {
					"rotation": [-49.89175, 9.51495, -33.8274],
					"scale": [1, 1, 1.2]
				},
				"LeftBack": {
					"rotation": [-16.87652, 8.59612, -26.33179],
					"scale": [1, 1, 1.3]
				},
				"HUDIEJIE4": {
					"rotation": [15, 0, 0]
				}
			}
		},
		"新年快乐": {
			"loop": true,
			"animation_length": 3,
			"bones": {
				"Root": {
					"rotation": [0, 0, "math.sin(q.anim_time*120)*1"]
				},
				"UpBody": {
					"rotation": [0, "math.sin(30+q.anim_time*120)*3", "math.sin(-90+q.anim_time*120)*1"]
				},
				"qunziY": {
					"rotation": [0, 0, "-math.sin(-90+q.anim_time*120)*3"]
				},
				"qunziC": {
					"rotation": [0, 0, "-math.sin(-90+q.anim_time*120)*3"]
				},
				"UpperBody": {
					"rotation": [0, "math.sin(-60+q.anim_time*120)*3", "math.sin(-120+q.anim_time*120)*1"]
				},
				"Head": {
					"rotation": [0, "math.sin(-120+q.anim_time*120)*2", "math.sin(110+q.anim_time*120)*4"]
				},
				"FLongHair": {
					"rotation": [0, 0, "math.sin(10+q.anim_time*120)*6"]
				},
				"maozuixiao": {
					"position": [0, 0, -1],
					"scale": 0.7
				},
				"LeftArm": {
					"rotation": [-42.15617, "-38+math.sin(30+q.anim_time*120)*3", 7.82786]
				},
				"LeftForeArm": {
					"rotation": ["-127.7+math.sin(-30+q.anim_time*120)*3", 17.43127, -1.5741]
				},
				"RightArm": {
					"rotation": ["-14.7822+math.sin(-90+q.anim_time*120)*2", "5+math.sin(120+q.anim_time*120)*5", 9.6658]
				},
				"RightForeArm": {
					"rotation": [-117.74133, -17.43127, 1.5741]
				},
				"LeftLeg": {
					"rotation": [0, 5, 0]
				},
				"LeftLowerLeg": {
					"rotation": [0, 0, 0]
				},
				"LeftFoot": {
					"rotation": [0, 0, 0]
				},
				"RightLeg": {
					"rotation": [3.05091, "-12.37+math.sin(q.anim_time*120)*2", 4.94]
				},
				"RightLowerLeg": {
					"rotation": [25, 0, 0]
				},
				"RightFoot": {
					"rotation": [0, 0, 0]
				}
			}
		}
	},
	"geckolib_format_version": 2
}