{
	"format_version": "1.12.0",
	"minecraft:geometry": [
		{
			"description": {
				"identifier": "geometry.unknown",
				"texture_width": 1024,
				"texture_height": 1024,
				"visible_bounds_width": 89,
				"visible_bounds_height": 102,
				"visible_bounds_offset": [0, 3, 0]
			},
			"bones": [
				{
					"name": "LeftArm",
					"pivot": [1.4, 29.025, 0],
					"cubes": [
						{
							"origin": [-0.12119, 23.42772, -1.3],
							"size": [2.55, 5.5, 2.5],
							"uv": {
								"north": {"uv": [80, 97], "uv_size": [3, 6]},
								"east": {"uv": [93, 97], "uv_size": [3, 6]},
								"south": {"uv": [97, 93], "uv_size": [3, 6]},
								"west": {"uv": [0, 98], "uv_size": [3, 6]},
								"up": {"uv": [124, 33], "uv_size": [3, 3]},
								"down": {"uv": [68, 127], "uv_size": [3, -3]}
							}
						},
						{
							"origin": [0.08554, 28.29738, -1.28828],
							"size": [2.35, 1.4, 2.52828],
							"pivot": [1.01054, 28.59738, -0.48],
							"rotation": [0, 0, -25],
							"uv": {
								"north": {"uv": [102, 184], "uv_size": [2, 1]},
								"east": {"uv": [173, 88], "uv_size": [3, 1]},
								"south": {"uv": [105, 184], "uv_size": [2, 1]},
								"west": {"uv": [173, 90], "uv_size": [3, 1]},
								"up": {"uv": [142, 86], "uv_size": [2, 3]},
								"down": {"uv": [142, 93], "uv_size": [2, -3]}
							}
						},
						{
							"origin": [-0.05119, 22.11433, -0.81462],
							"size": [2.37333, 1.91, 1.62667],
							"pivot": [1.07881, 23.13933, -0.33796],
							"rotation": [45, 0, 0],
							"uv": {
								"north": {"uv": [96, 159], "uv_size": [2, 2]},
								"east": {"uv": [139, 159], "uv_size": [2, 2]},
								"south": {"uv": [14, 160], "uv_size": [2, 2]},
								"west": {"uv": [160, 20], "uv_size": [2, 2]},
								"up": {"uv": [160, 23], "uv_size": [2, 2]},
								"down": {"uv": [160, 28], "uv_size": [2, -2]}
							}
						}
					]
				},
				{
					"name": "LeftArmC",
					"parent": "LeftArm",
					"pivot": [2.99238, 21.97937, -0.05],
					"cubes": [
						{
							"origin": [-0.70368, 23.58855, -1.362],
							"size": [3.216, 5.3, 2.624],
							"uv": {
								"north": {"uv": [7, 88], "uv_size": [3, 7]},
								"east": {"uv": [73, 89], "uv_size": [3, 7]},
								"south": {"uv": [77, 89], "uv_size": [3, 7]},
								"west": {"uv": [81, 89], "uv_size": [3, 7]},
								"up": {"uv": [94, 124], "uv_size": [3, 3]},
								"down": {"uv": [98, 127], "uv_size": [3, -3]}
							}
						}
					]
				},
				{
					"name": "LeftForeArm",
					"parent": "LeftArm",
					"pivot": [1.17881, 23.42772, -0.05],
					"cubes": [
						{
							"origin": [-0.07119, 19.42772, -1.32],
							"size": [2.5, 4, 2.54],
							"uv": {
								"north": {"uv": [88, 114], "uv_size": [3, 4]},
								"east": {"uv": [6, 115], "uv_size": [3, 4]},
								"south": {"uv": [25, 115], "uv_size": [3, 4]},
								"west": {"uv": [29, 115], "uv_size": [3, 4]},
								"up": {"uv": [102, 124], "uv_size": [3, 3]},
								"down": {"uv": [106, 127], "uv_size": [3, -3]}
							}
						},
						{
							"origin": [-0.80368, 19.48855, -1.662],
							"size": [3.516, 1.8, 3.224],
							"uv": {
								"north": {"uv": [133, 89], "uv_size": [4, 2]},
								"east": {"uv": [92, 142], "uv_size": [3, 2]},
								"south": {"uv": [133, 108], "uv_size": [4, 2]},
								"west": {"uv": [96, 142], "uv_size": [3, 2]},
								"up": {"uv": [114, 108], "uv_size": [4, 3]},
								"down": {"uv": [111, 117], "uv_size": [4, -3]}
							}
						},
						{
							"origin": [2.43438, 19.57937, -1.662],
							"size": [1.016, 1.8, 3.224],
							"pivot": [2.99238, 20.97937, -0.05],
							"rotation": [0, 0, -10],
							"uv": {
								"north": {"uv": [184, 106], "uv_size": [1, 2]},
								"east": {"uv": [100, 142], "uv_size": [3, 2]},
								"south": {"uv": [184, 109], "uv_size": [1, 2]},
								"west": {"uv": [104, 142], "uv_size": [3, 2]},
								"up": {"uv": [173, 92], "uv_size": [1, 3]},
								"down": {"uv": [173, 99], "uv_size": [1, -3]}
							}
						}
					]
				},
				{
					"name": "yifu5",
					"parent": "LeftForeArm",
					"pivot": [1.33357, 20.73601, 0.00067]
				},
				{
					"name": "shou2",
					"parent": "LeftForeArm",
					"pivot": [1.2669, 19.70267, 0],
					"cubes": [
						{
							"origin": [-0.07119, 16.92772, -1.3],
							"size": [2.5, 2.5, 2.5],
							"uv": {
								"north": {"uv": [110, 124], "uv_size": [3, 3]},
								"east": {"uv": [125, 16], "uv_size": [3, 3]},
								"south": {"uv": [125, 20], "uv_size": [3, 3]},
								"west": {"uv": [125, 24], "uv_size": [3, 3]},
								"up": {"uv": [125, 37], "uv_size": [3, 3]},
								"down": {"uv": [38, 128], "uv_size": [3, -3]}
							}
						}
					]
				},
				{
					"name": "B",
					"parent": "shou2",
					"pivot": [1.2, 18.1, -3.75],
					"rotation": [-90, 0, 0]
				},
				{
					"name": "LeftHandLocator",
					"parent": "LeftForeArm",
					"pivot": [1.2669, 18.40267, 0]
				},
				{
					"name": "LeftForeArmC",
					"parent": "LeftForeArm",
					"pivot": [1.93754, 19.6231, -0.05],
					"cubes": [
						{
							"origin": [-0.7217, 19.90485, -1.36981],
							"size": [3.216, 3.76, 2.73181],
							"uv": {
								"north": {"uv": [125, 49], "uv_size": [3, 3]},
								"east": {"uv": [125, 53], "uv_size": [3, 3]},
								"south": {"uv": [125, 57], "uv_size": [3, 3]},
								"west": {"uv": [125, 61], "uv_size": [3, 3]},
								"up": {"uv": [62, 125], "uv_size": [3, 3]},
								"down": {"uv": [125, 68], "uv_size": [3, -3]}
							}
						}
					]
				},
				{
					"name": "LeftForeArmY",
					"parent": "LeftForeArm",
					"pivot": [1.76043, 20.9135, -0.05586],
					"cubes": [
						{
							"origin": [-0.10407, 18.40555, -1.35614],
							"size": [2.54844, 5.04, 2.57712],
							"uv": {
								"north": {"uv": [69, 107], "uv_size": [3, 5]},
								"east": {"uv": [108, 17], "uv_size": [3, 5]},
								"south": {"uv": [108, 23], "uv_size": [3, 5]},
								"west": {"uv": [108, 44], "uv_size": [3, 5]},
								"up": {"uv": [125, 69], "uv_size": [3, 3]},
								"down": {"uv": [75, 128], "uv_size": [3, -3]}
							}
						},
						{
							"origin": [0.6372, 19.49394, -1.30926],
							"size": [2.54844, 1.34, 2.51853],
							"pivot": [2.70418, 20.3719, -0.05],
							"rotation": [0, 0, 47.5],
							"uv": {
								"north": {"uv": [173, 100], "uv_size": [3, 1]},
								"east": {"uv": [102, 173], "uv_size": [3, 1]},
								"south": {"uv": [173, 102], "uv_size": [3, 1]},
								"west": {"uv": [173, 104], "uv_size": [3, 1]},
								"up": {"uv": [125, 88], "uv_size": [3, 3]},
								"down": {"uv": [125, 111], "uv_size": [3, -3]}
							}
						},
						{
							"origin": [0.82166, 20.32908, -1.3327],
							"size": [2.54844, 3.34, 2.5654],
							"uv": {
								"north": {"uv": [125, 112], "uv_size": [3, 3]},
								"east": {"uv": [126, 0], "uv_size": [3, 3]},
								"south": {"uv": [126, 41], "uv_size": [3, 3]},
								"west": {"uv": [126, 45], "uv_size": [3, 3]},
								"up": {"uv": [126, 73], "uv_size": [3, 3]},
								"down": {"uv": [126, 80], "uv_size": [3, -3]}
							}
						}
					]
				},
				{
					"name": "LeftArmY",
					"parent": "LeftArm",
					"pivot": [1.27527, 26.18168, -0.04954],
					"cubes": [
						{
							"origin": [-0.14166, 23.39931, -1.33604],
							"size": [2.5755, 5.555, 2.53672],
							"uv": {
								"north": {"uv": [55, 102], "uv_size": [3, 6]},
								"east": {"uv": [102, 55], "uv_size": [3, 6]},
								"south": {"uv": [59, 102], "uv_size": [3, 6]},
								"west": {"uv": [102, 62], "uv_size": [3, 6]},
								"up": {"uv": [132, 33], "uv_size": [3, 3]},
								"down": {"uv": [90, 135], "uv_size": [3, -3]}
							}
						},
						{
							"origin": [1.36689, 23.43575, -1.3126],
							"size": [1.5755, 5.355, 2.525],
							"pivot": [1.75336, 25.96616, -0.0501],
							"rotation": [0, 0, -10],
							"uv": {
								"north": {"uv": [84, 108], "uv_size": [3, 5]},
								"east": {"uv": [88, 108], "uv_size": [3, 5]},
								"south": {"uv": [27, 109], "uv_size": [3, 5]},
								"west": {"uv": [50, 109], "uv_size": [3, 5]},
								"up": {"uv": [126, 81], "uv_size": [3, 3]},
								"down": {"uv": [126, 95], "uv_size": [3, -3]}
							}
						},
						{
							"origin": [-0.42986, 28.31767, -1.3126],
							"size": [2.8705, 1.414, 2.5654],
							"pivot": [1.00139, 28.62067, -0.48439],
							"rotation": [0, 0, -25],
							"uv": {
								"north": {"uv": [173, 106], "uv_size": [3, 1]},
								"east": {"uv": [173, 108], "uv_size": [3, 1]},
								"south": {"uv": [173, 110], "uv_size": [3, 1]},
								"west": {"uv": [173, 112], "uv_size": [3, 1]},
								"up": {"uv": [126, 96], "uv_size": [3, 3]},
								"down": {"uv": [126, 103], "uv_size": [3, -3]}
							}
						},
						{
							"origin": [-0.07096, 22.07279, -0.82237],
							"size": [2.39707, 1.9291, 1.64293],
							"pivot": [1.07034, 23.10804, -0.34093],
							"rotation": [45, 0, 0],
							"uv": {
								"north": {"uv": [160, 29], "uv_size": [2, 2]},
								"east": {"uv": [160, 39], "uv_size": [2, 2]},
								"south": {"uv": [160, 56], "uv_size": [2, 2]},
								"west": {"uv": [69, 160], "uv_size": [2, 2]},
								"up": {"uv": [160, 89], "uv_size": [2, 2]},
								"down": {"uv": [99, 162], "uv_size": [2, -2]}
							}
						}
					]
				},
				{
					"name": "RightArm",
					"pivot": [-2.4, 29.025, 0],
					"cubes": [
						{
							"origin": [-3.42881, 23.42772, -1.3],
							"size": [2.55, 5.5, 2.5],
							"uv": {
								"north": {"uv": [31, 98], "uv_size": [3, 6]},
								"east": {"uv": [99, 4], "uv_size": [3, 6]},
								"south": {"uv": [8, 99], "uv_size": [3, 6]},
								"west": {"uv": [12, 99], "uv_size": [3, 6]},
								"up": {"uv": [0, 127], "uv_size": [3, 3]},
								"down": {"uv": [4, 130], "uv_size": [3, -3]}
							}
						},
						{
							"origin": [-3.41146, 28.40601, -1.28828],
							"size": [2.3, 1.4, 2.52828],
							"pivot": [-2.24349, 28.70601, -0.48],
							"rotation": [0, 0, 25],
							"uv": {
								"north": {"uv": [112, 184], "uv_size": [2, 1]},
								"east": {"uv": [173, 114], "uv_size": [3, 1]},
								"south": {"uv": [115, 184], "uv_size": [2, 1]},
								"west": {"uv": [173, 116], "uv_size": [3, 1]},
								"up": {"uv": [113, 142], "uv_size": [2, 3]},
								"down": {"uv": [116, 145], "uv_size": [2, -3]}
							}
						},
						{
							"origin": [-3.32214, 22.11433, -0.81462],
							"size": [2.37333, 1.91, 1.62667],
							"pivot": [-2.07881, 23.13933, -0.33796],
							"rotation": [45, 0, 0],
							"uv": {
								"north": {"uv": [160, 100], "uv_size": [2, 2]},
								"east": {"uv": [160, 103], "uv_size": [2, 2]},
								"south": {"uv": [160, 106], "uv_size": [2, 2]},
								"west": {"uv": [160, 109], "uv_size": [2, 2]},
								"up": {"uv": [160, 112], "uv_size": [2, 2]},
								"down": {"uv": [160, 117], "uv_size": [2, -2]}
							}
						}
					]
				},
				{
					"name": "RightArmC",
					"parent": "RightArm",
					"pivot": [-2.32832, 25.04855, -0.05],
					"cubes": [
						{
							"origin": [-3.51232, 23.58855, -1.362],
							"size": [3.216, 5.3, 2.624],
							"uv": {
								"north": {"uv": [53, 94], "uv_size": [3, 7]},
								"east": {"uv": [57, 94], "uv_size": [3, 7]},
								"south": {"uv": [61, 94], "uv_size": [3, 7]},
								"west": {"uv": [65, 94], "uv_size": [3, 7]},
								"up": {"uv": [41, 131], "uv_size": [3, 3]},
								"down": {"uv": [45, 134], "uv_size": [3, -3]}
							}
						}
					]
				},
				{
					"name": "RightForeArm",
					"parent": "RightArm",
					"pivot": [-2.17881, 23.42772, -0.03633],
					"cubes": [
						{
							"origin": [-3.42881, 19.42772, -1.29266],
							"size": [2.5, 4, 2.51266],
							"uv": {
								"north": {"uv": [47, 115], "uv_size": [3, 4]},
								"east": {"uv": [51, 115], "uv_size": [3, 4]},
								"south": {"uv": [115, 53], "uv_size": [3, 4]},
								"west": {"uv": [55, 115], "uv_size": [3, 4]},
								"up": {"uv": [23, 127], "uv_size": [3, 3]},
								"down": {"uv": [27, 130], "uv_size": [3, -3]}
							}
						},
						{
							"origin": [-4.45038, 19.57937, -1.662],
							"size": [1.016, 1.8, 3.224],
							"pivot": [-3.99238, 20.97937, -0.05],
							"rotation": [0, 0, 10],
							"uv": {
								"north": {"uv": [160, 185], "uv_size": [1, 2]},
								"east": {"uv": [14, 148], "uv_size": [3, 2]},
								"south": {"uv": [162, 185], "uv_size": [1, 2]},
								"west": {"uv": [20, 148], "uv_size": [3, 2]},
								"up": {"uv": [153, 175], "uv_size": [1, 3]},
								"down": {"uv": [175, 163], "uv_size": [1, -3]}
							}
						},
						{
							"origin": [-3.71232, 19.48855, -1.662],
							"size": [3.516, 1.8, 3.224],
							"uv": {
								"north": {"uv": [136, 3], "uv_size": [4, 2]},
								"east": {"uv": [148, 23], "uv_size": [3, 2]},
								"south": {"uv": [136, 6], "uv_size": [4, 2]},
								"west": {"uv": [29, 148], "uv_size": [3, 2]},
								"up": {"uv": [117, 39], "uv_size": [4, 3]},
								"down": {"uv": [117, 85], "uv_size": [4, -3]}
							}
						}
					]
				},
				{
					"name": "shou3",
					"parent": "RightForeArm",
					"pivot": [-2.17881, 18.17772, -0.05],
					"cubes": [
						{
							"origin": [-3.42881, 16.92772, -1.3],
							"size": [2.5, 2.5, 2.5],
							"uv": {
								"north": {"uv": [31, 127], "uv_size": [3, 3]},
								"east": {"uv": [42, 127], "uv_size": [3, 3]},
								"south": {"uv": [46, 127], "uv_size": [3, 3]},
								"west": {"uv": [50, 127], "uv_size": [3, 3]},
								"up": {"uv": [54, 127], "uv_size": [3, 3]},
								"down": {"uv": [79, 130], "uv_size": [3, -3]}
							}
						}
					]
				},
				{
					"name": "ysmGlow",
					"parent": "shou3",
					"pivot": [1, 9.96699, -9]
				},
				{
					"name": "RightHandLocator",
					"parent": "RightForeArm",
					"pivot": [-2.2669, 18.40267, 0]
				},
				{
					"name": "RightForeArmC",
					"parent": "RightForeArm",
					"pivot": [-2.93754, 19.6231, -0.05],
					"cubes": [
						{
							"origin": [-3.4943, 19.90485, -1.36981],
							"size": [3.216, 3.76, 2.73181],
							"uv": {
								"north": {"uv": [83, 127], "uv_size": [3, 3]},
								"east": {"uv": [87, 127], "uv_size": [3, 3]},
								"south": {"uv": [114, 127], "uv_size": [3, 3]},
								"west": {"uv": [127, 116], "uv_size": [3, 3]},
								"up": {"uv": [118, 127], "uv_size": [3, 3]},
								"down": {"uv": [127, 123], "uv_size": [3, -3]}
							}
						}
					]
				},
				{
					"name": "RightForeArmY",
					"parent": "RightForeArm",
					"pivot": [-2.76043, 20.9135, -0.05586],
					"cubes": [
						{
							"origin": [-3.44437, 18.40555, -1.35614],
							"size": [2.54844, 5.04, 2.57712],
							"uv": {
								"north": {"uv": [54, 109], "uv_size": [3, 5]},
								"east": {"uv": [58, 109], "uv_size": [3, 5]},
								"south": {"uv": [79, 109], "uv_size": [3, 5]},
								"west": {"uv": [109, 84], "uv_size": [3, 5]},
								"up": {"uv": [122, 127], "uv_size": [3, 3]},
								"down": {"uv": [127, 127], "uv_size": [3, -3]}
							}
						},
						{
							"origin": [-4.18564, 19.49394, -1.30926],
							"size": [2.54844, 1.34, 2.51853],
							"pivot": [-3.70418, 20.3719, -0.05],
							"rotation": [0, 0, -47.5],
							"uv": {
								"north": {"uv": [173, 118], "uv_size": [3, 1]},
								"east": {"uv": [173, 120], "uv_size": [3, 1]},
								"south": {"uv": [173, 122], "uv_size": [3, 1]},
								"west": {"uv": [125, 173], "uv_size": [3, 1]},
								"up": {"uv": [128, 4], "uv_size": [3, 3]},
								"down": {"uv": [8, 131], "uv_size": [3, -3]}
							}
						},
						{
							"origin": [-4.3701, 20.32908, -1.3327],
							"size": [2.54844, 3.34, 2.5654],
							"uv": {
								"north": {"uv": [128, 8], "uv_size": [3, 3]},
								"east": {"uv": [12, 128], "uv_size": [3, 3]},
								"south": {"uv": [128, 12], "uv_size": [3, 3]},
								"west": {"uv": [16, 128], "uv_size": [3, 3]},
								"up": {"uv": [128, 33], "uv_size": [3, 3]},
								"down": {"uv": [58, 131], "uv_size": [3, -3]}
							}
						}
					]
				},
				{
					"name": "RightArmY",
					"parent": "RightArm",
					"pivot": [-2.27527, 26.18168, -0.04954],
					"cubes": [
						{
							"origin": [-3.43384, 23.39931, -1.33604],
							"size": [2.5755, 5.555, 2.53672],
							"uv": {
								"north": {"uv": [16, 99], "uv_size": [3, 6]},
								"east": {"uv": [20, 99], "uv_size": [3, 6]},
								"south": {"uv": [24, 99], "uv_size": [3, 6]},
								"west": {"uv": [99, 81], "uv_size": [3, 6]},
								"up": {"uv": [66, 128], "uv_size": [3, 3]},
								"down": {"uv": [70, 131], "uv_size": [3, -3]}
							}
						},
						{
							"origin": [-3.94239, 23.43575, -1.3126],
							"size": [1.5755, 5.355, 2.525],
							"pivot": [-2.75336, 25.96616, -0.0501],
							"rotation": [0, 0, 10],
							"uv": {
								"north": {"uv": [92, 109], "uv_size": [3, 5]},
								"east": {"uv": [110, 0], "uv_size": [3, 5]},
								"south": {"uv": [110, 29], "uv_size": [3, 5]},
								"west": {"uv": [34, 110], "uv_size": [3, 5]},
								"up": {"uv": [91, 128], "uv_size": [3, 3]},
								"down": {"uv": [95, 131], "uv_size": [3, -3]}
							}
						},
						{
							"origin": [-3.44064, 28.31767, -1.3126],
							"size": [2.8705, 1.414, 2.5654],
							"pivot": [-2.00139, 28.62067, -0.48439],
							"rotation": [0, 0, 25],
							"uv": {
								"north": {"uv": [173, 134], "uv_size": [3, 1]},
								"east": {"uv": [173, 136], "uv_size": [3, 1]},
								"south": {"uv": [151, 173], "uv_size": [3, 1]},
								"west": {"uv": [163, 173], "uv_size": [3, 1]},
								"up": {"uv": [99, 128], "uv_size": [3, 3]},
								"down": {"uv": [103, 131], "uv_size": [3, -3]}
							}
						},
						{
							"origin": [-3.32611, 22.07279, -0.82237],
							"size": [2.39707, 1.9291, 1.64293],
							"pivot": [-2.07034, 23.10804, -0.34093],
							"rotation": [45, 0, 0],
							"uv": {
								"north": {"uv": [160, 120], "uv_size": [2, 2]},
								"east": {"uv": [160, 123], "uv_size": [2, 2]},
								"south": {"uv": [160, 126], "uv_size": [2, 2]},
								"west": {"uv": [160, 129], "uv_size": [2, 2]},
								"up": {"uv": [160, 136], "uv_size": [2, 2]},
								"down": {"uv": [160, 141], "uv_size": [2, -2]}
							}
						}
					]
				}
			]
		}
	]
}