{
	"format_version": "1.12.0",
	"minecraft:geometry": [
		{
			"description": {
				"identifier": "geometry.unknown",
				"texture_width": 256,
				"texture_height": 256,
				"visible_bounds_width": 6,
				"visible_bounds_height": 3.5,
				"visible_bounds_offset": [0, 1.25, 0]
			},
			"bones": [
				{
					"name": "Ship",
					"pivot": [0, 5, 0],
					"cubes": [
						{
							"origin": [-5.95, 9.25, 0.85],
							"size": [11.9, 5.95, 22.95],
							"uv": {
								"north": {"uv": [113, 62], "uv_size": [12, 6]},
								"east": {"uv": [91, 42], "uv_size": [23, 6]},
								"south": {"uv": [58, 114], "uv_size": [12, 6]},
								"west": {"uv": [94, 83], "uv_size": [23, 6]},
								"up": {"uv": [47, 70], "uv_size": [12, 23]},
								"down": {"uv": [78, 54], "uv_size": [12, -23]}
							}
						},
						{
							"origin": [-5.95, 7.60106, 20.1962],
							"size": [11.9, 6.8, 5.1],
							"inflate": 0.005,
							"pivot": [0, 11.42606, 22.7462],
							"rotation": [25, 0, 0],
							"uv": {
								"north": {"uv": [110, 110], "uv_size": [12, 7]},
								"east": {"uv": [60, 70], "uv_size": [5, 7]},
								"south": {"uv": [29, 111], "uv_size": [12, 7]},
								"west": {"uv": [60, 78], "uv_size": [5, 7]},
								"up": {"uv": [117, 90], "uv_size": [12, 5]},
								"down": {"uv": [117, 101], "uv_size": [12, -5]}
							}
						},
						{
							"origin": [-5.95, 18.65106, 2.3462],
							"size": [11.9, 17, 5.95],
							"inflate": 0.005,
							"pivot": [0, 11.42606, 22.7462],
							"rotation": [35, 0, 0],
							"uv": {
								"north": {"uv": [8, 83], "uv_size": [12, 17]},
								"east": {"uv": [70, 31], "uv_size": [6, 17]},
								"south": {"uv": [86, 55], "uv_size": [12, 17]},
								"west": {"uv": [100, 23], "uv_size": [6, 17]},
								"up": {"uv": [115, 23], "uv_size": [12, 6]},
								"down": {"uv": [115, 36], "uv_size": [12, -6]}
							}
						},
						{
							"origin": [-4.0375, 16.9, 16.15],
							"size": [8.075, 5.1, 17.85],
							"pivot": [0, 16.05, 25.925],
							"rotation": [12.5, 0, 0],
							"uv": {
								"north": {"uv": [123, 110], "uv_size": [8, 5]},
								"east": {"uv": [62, 108], "uv_size": [18, 5]},
								"south": {"uv": [71, 124], "uv_size": [8, 5]},
								"west": {"uv": [110, 104], "uv_size": [18, 5]},
								"up": {"uv": [91, 23], "uv_size": [8, 18]},
								"down": {"uv": [45, 112], "uv_size": [8, -18]}
							}
						},
						{
							"origin": [-3.4, 15.2, 16.15],
							"size": [6.8, 5.1, 13.6],
							"pivot": [0, 16.05, 25.925],
							"rotation": [40, 0, 0],
							"uv": {
								"north": {"uv": [91, 49], "uv_size": [7, 5]},
								"east": {"uv": [115, 37], "uv_size": [14, 5]},
								"south": {"uv": [80, 125], "uv_size": [7, 5]},
								"west": {"uv": [115, 43], "uv_size": [14, 5]},
								"up": {"uv": [8, 101], "uv_size": [7, 14]},
								"down": {"uv": [94, 118], "uv_size": [7, -14]}
							}
						},
						{
							"origin": [-14.05, 5, -16.4],
							"size": [28.1, 4.25, 48.85],
							"uv": {
								"north": {"uv": [99, 8], "uv_size": [28, 4]},
								"east": {"uv": [86, 73], "uv_size": [49, 4]},
								"south": {"uv": [99, 57], "uv_size": [28, 4]},
								"west": {"uv": [86, 78], "uv_size": [49, 4]},
								"up": {"uv": [0, 0], "uv_size": [28, 49]},
								"down": {"uv": [29, 49], "uv_size": [28, -49]}
							}
						},
						{
							"origin": [-0.19136, -1.62065, -16.4],
							"size": [11.35, 4.25, 47.85],
							"pivot": [-1.89136, 5.92935, 5.525],
							"rotation": [0, 0, -27.5],
							"uv": {
								"north": {"uv": [110, 122], "uv_size": [11, 4]},
								"east": {"uv": [88, 13], "uv_size": [48, 4]},
								"south": {"uv": [122, 122], "uv_size": [11, 4]},
								"west": {"uv": [88, 18], "uv_size": [48, 4]},
								"up": {"uv": [58, 0], "uv_size": [11, 48]},
								"down": {"uv": [66, 97], "uv_size": [11, -48]}
							}
						},
						{
							"origin": [-11.15864, -1.62065, -16.4],
							"size": [11.35, 4.25, 47.85],
							"pivot": [1.89136, 5.92935, 5.525],
							"rotation": [0, 0, 27.5],
							"uv": {
								"north": {"uv": [121, 122], "uv_size": [-11, 4]},
								"east": {"uv": [136, 18], "uv_size": [-48, 4]},
								"south": {"uv": [133, 122], "uv_size": [-11, 4]},
								"west": {"uv": [136, 13], "uv_size": [-48, 4]},
								"up": {"uv": [69, 0], "uv_size": [-11, 48]},
								"down": {"uv": [77, 97], "uv_size": [-11, -48]}
							}
						},
						{
							"origin": [-3.4, 5, -29.75],
							"size": [6.8, 4.25, 9.35],
							"uv": {
								"north": {"uv": [107, 37], "uv_size": [7, 4]},
								"east": {"uv": [89, 124], "uv_size": [9, 4]},
								"south": {"uv": [58, 126], "uv_size": [7, 4]},
								"west": {"uv": [8, 125], "uv_size": [9, 4]},
								"up": {"uv": [71, 114], "uv_size": [7, 9]},
								"down": {"uv": [0, 125], "uv_size": [7, -9]}
							}
						},
						{
							"origin": [-3.4, -0.1, -28.05],
							"size": [6.8, 11.9, 28.05],
							"inflate": 0.01,
							"pivot": [0, 7.975, -25.075],
							"rotation": [35, 0, 0],
							"uv": {
								"north": {"uv": [16, 112], "uv_size": [7, 12]},
								"east": {"uv": [0, 70], "uv_size": [28, 12]},
								"south": {"uv": [81, 112], "uv_size": [7, 12]},
								"west": {"uv": [70, 0], "uv_size": [28, 12]},
								"up": {"uv": [21, 83], "uv_size": [7, 28]},
								"down": {"uv": [86, 111], "uv_size": [7, -28]}
							}
						},
						{
							"origin": [3.4, 4.3, -27.95],
							"size": [6.8, 5.8, 22],
							"pivot": [0, 7.975, -25.075],
							"rotation": [36.69146, -16.27014, -11.79198],
							"uv": {
								"north": {"uv": [24, 123], "uv_size": [7, 6]},
								"east": {"uv": [94, 90], "uv_size": [22, 6]},
								"south": {"uv": [32, 123], "uv_size": [7, 6]},
								"west": {"uv": [94, 97], "uv_size": [22, 6]},
								"up": {"uv": [29, 88], "uv_size": [7, 22]},
								"down": {"uv": [37, 110], "uv_size": [7, -22]}
							}
						},
						{
							"origin": [6.15351, 18.59655, -9.88286],
							"size": [5.1, 1.7, 3.4],
							"pivot": [8.70351, 19.44655, -8.18286],
							"rotation": [106.69146, -16.27014, -11.79198],
							"uv": {
								"north": {"uv": [129, 127], "uv_size": [5, 2]},
								"east": {"uv": [30, 130], "uv_size": [3, 2]},
								"south": {"uv": [8, 130], "uv_size": [5, 2]},
								"west": {"uv": [34, 130], "uv_size": [3, 2]},
								"up": {"uv": [128, 23], "uv_size": [5, 3]},
								"down": {"uv": [128, 30], "uv_size": [5, -3]}
							}
						},
						{
							"origin": [2.88249, 18.14359, -10.00983],
							"size": [6.8, 1.7, 1.7],
							"pivot": [9.04499, 19.20609, -9.15983],
							"rotation": [110.37679, -37.64152, -19.77076],
							"uv": {
								"north": {"uv": [128, 87], "uv_size": [7, 2]},
								"east": {"uv": [99, 124], "uv_size": [2, 2]},
								"south": {"uv": [128, 116], "uv_size": [7, 2]},
								"west": {"uv": [76, 130], "uv_size": [2, 2]},
								"up": {"uv": [128, 119], "uv_size": [7, 2]},
								"down": {"uv": [88, 131], "uv_size": [7, -2]}
							}
						},
						{
							"origin": [-9.68249, 18.14359, -10.00983],
							"size": [6.8, 1.7, 1.7],
							"pivot": [-9.04499, 19.20609, -9.15983],
							"rotation": [110.37679, 37.64152, 19.77076],
							"uv": {
								"north": {"uv": [135, 87], "uv_size": [-7, 2]},
								"east": {"uv": [78, 130], "uv_size": [-2, 2]},
								"south": {"uv": [135, 116], "uv_size": [-7, 2]},
								"west": {"uv": [101, 124], "uv_size": [-2, 2]},
								"up": {"uv": [135, 119], "uv_size": [-7, 2]},
								"down": {"uv": [95, 131], "uv_size": [-7, -2]}
							}
						},
						{
							"origin": [-11.25351, 18.59655, -9.88286],
							"size": [5.1, 1.7, 3.4],
							"pivot": [-8.70351, 19.44655, -8.18286],
							"rotation": [106.69146, 16.27014, 11.79198],
							"uv": {
								"north": {"uv": [134, 127], "uv_size": [-5, 2]},
								"east": {"uv": [37, 130], "uv_size": [-3, 2]},
								"south": {"uv": [13, 130], "uv_size": [-5, 2]},
								"west": {"uv": [33, 130], "uv_size": [-3, 2]},
								"up": {"uv": [133, 23], "uv_size": [-5, 3]},
								"down": {"uv": [133, 30], "uv_size": [-5, -3]}
							}
						},
						{
							"origin": [-4.71646, 5, -32.50836],
							"size": [16.9, 4.25, 6.8],
							"inflate": 0.008,
							"pivot": [-3.86646, 5, -22.30836],
							"rotation": [0, -50, 0],
							"uv": {
								"north": {"uv": [117, 0], "uv_size": [17, 4]},
								"east": {"uv": [126, 62], "uv_size": [7, 4]},
								"south": {"uv": [117, 49], "uv_size": [17, 4]},
								"west": {"uv": [48, 127], "uv_size": [7, 4]},
								"up": {"uv": [99, 0], "uv_size": [17, 7]},
								"down": {"uv": [99, 56], "uv_size": [17, -7]}
							}
						},
						{
							"origin": [-4.71646, 12.0125, -27.87586],
							"size": [16.9, 2.55, 16.8],
							"pivot": [-3.86646, 5, -22.30836],
							"rotation": [37.5, -50, 0],
							"uv": {
								"north": {"uv": [113, 69], "uv_size": [17, 3]},
								"east": {"uv": [118, 83], "uv_size": [17, 3]},
								"south": {"uv": [110, 118], "uv_size": [17, 3]},
								"west": {"uv": [24, 119], "uv_size": [17, 3]},
								"up": {"uv": [70, 13], "uv_size": [17, 17]},
								"down": {"uv": [29, 87], "uv_size": [17, -17]}
							}
						},
						{
							"origin": [-12.18354, 5, -32.50836],
							"size": [16.9, 4.25, 6.8],
							"inflate": 0.008,
							"pivot": [3.86646, 5, -22.30836],
							"rotation": [0, 50, 0],
							"uv": {
								"north": {"uv": [134, 0], "uv_size": [-17, 4]},
								"east": {"uv": [55, 127], "uv_size": [-7, 4]},
								"south": {"uv": [134, 49], "uv_size": [-17, 4]},
								"west": {"uv": [133, 62], "uv_size": [-7, 4]},
								"up": {"uv": [116, 0], "uv_size": [-17, 7]},
								"down": {"uv": [116, 56], "uv_size": [-17, -7]}
							}
						},
						{
							"origin": [-12.18354, 12.0125, -27.87586],
							"size": [16.9, 2.55, 16.8],
							"pivot": [3.86646, 5, -22.30836],
							"rotation": [37.5, 50, 0],
							"uv": {
								"north": {"uv": [130, 69], "uv_size": [-17, 3]},
								"east": {"uv": [41, 119], "uv_size": [-17, 3]},
								"south": {"uv": [127, 118], "uv_size": [-17, 3]},
								"west": {"uv": [135, 83], "uv_size": [-17, 3]},
								"up": {"uv": [87, 13], "uv_size": [-17, 17]},
								"down": {"uv": [46, 87], "uv_size": [-17, -17]}
							}
						},
						{
							"origin": [-10.2, 4.3, -27.95],
							"size": [6.8, 5.8, 22],
							"pivot": [0, 7.975, -25.075],
							"rotation": [36.69146, 16.27014, 11.79198],
							"uv": {
								"north": {"uv": [31, 123], "uv_size": [-7, 6]},
								"east": {"uv": [116, 97], "uv_size": [-22, 6]},
								"south": {"uv": [39, 123], "uv_size": [-7, 6]},
								"west": {"uv": [116, 90], "uv_size": [-22, 6]},
								"up": {"uv": [36, 88], "uv_size": [-7, 22]},
								"down": {"uv": [44, 110], "uv_size": [-7, -22]}
							}
						},
						{
							"origin": [-3.4, -0.1, -10.2],
							"size": [6.8, 18.7, 32.3],
							"uv": {
								"north": {"uv": [78, 88], "uv_size": [7, 19]},
								"east": {"uv": [0, 50], "uv_size": [32, 19]},
								"south": {"uv": [54, 94], "uv_size": [7, 19]},
								"west": {"uv": [33, 50], "uv_size": [32, 19]},
								"up": {"uv": [78, 55], "uv_size": [7, 32]},
								"down": {"uv": [0, 115], "uv_size": [7, -32]}
							}
						},
						{
							"origin": [-3.4, 2.9, 21.8],
							"size": [6.8, 3.7, 12.3],
							"uv": {
								"north": {"uv": [99, 127], "uv_size": [7, 4]},
								"east": {"uv": [89, 119], "uv_size": [12, 4]},
								"south": {"uv": [107, 127], "uv_size": [7, 4]},
								"west": {"uv": [58, 121], "uv_size": [12, 4]},
								"up": {"uv": [42, 113], "uv_size": [7, 12]},
								"down": {"uv": [50, 126], "uv_size": [7, -12]}
							}
						},
						{
							"origin": [-3.4, -0.1, -22.95],
							"size": [6.8, 7.65, 12.75],
							"uv": {
								"north": {"uv": [8, 116], "uv_size": [7, 8]},
								"east": {"uv": [62, 98], "uv_size": [13, 8]},
								"south": {"uv": [102, 118], "uv_size": [7, 8]},
								"west": {"uv": [99, 62], "uv_size": [13, 8]},
								"up": {"uv": [102, 104], "uv_size": [7, 13]},
								"down": {"uv": [107, 36], "uv_size": [7, -13]}
							}
						}
					]
				},
				{
					"name": "bone",
					"parent": "Ship",
					"pivot": [0, 23.8783, -4.52006],
					"rotation": [-47.5, 0, 0],
					"cubes": [
						{
							"origin": [-1.7, 19.2033, -6.64506],
							"size": [3.4, 9.35, 3.4],
							"uv": {
								"north": {"uv": [62, 86], "uv_size": [3, 9]},
								"east": {"uv": [16, 101], "uv_size": [3, 9]},
								"south": {"uv": [18, 125], "uv_size": [3, 9]},
								"west": {"uv": [66, 126], "uv_size": [3, 9]},
								"up": {"uv": [81, 108], "uv_size": [3, 3]},
								"down": {"uv": [24, 115], "uv_size": [3, -3]}
							}
						},
						{
							"origin": [-3.4, 26.8533, -6.85756],
							"size": [6.8, 3.4, 4.675],
							"uv": {
								"north": {"uv": [128, 5], "uv_size": [7, 3]},
								"east": {"uv": [128, 31], "uv_size": [5, 3]},
								"south": {"uv": [128, 9], "uv_size": [7, 3]},
								"west": {"uv": [128, 57], "uv_size": [5, 3]},
								"up": {"uv": [0, 126], "uv_size": [7, 5]},
								"down": {"uv": [40, 131], "uv_size": [7, -5]}
							}
						},
						{
							"origin": [-2.975, 28.9783, -6.43256],
							"size": [5.95, 1.7, 3.825],
							"uv": {
								"north": {"uv": [129, 102], "uv_size": [6, 2]},
								"east": {"uv": [24, 116], "uv_size": [4, 2]},
								"south": {"uv": [129, 105], "uv_size": [6, 2]},
								"west": {"uv": [89, 116], "uv_size": [4, 2]},
								"up": {"uv": [115, 127], "uv_size": [6, 4]},
								"down": {"uv": [122, 131], "uv_size": [6, -4]}
							}
						},
						{
							"origin": [0.85, 28.3408, -5.79506],
							"size": [9.35, 1.7, 1.7],
							"pivot": [5.1, 28.5533, -4.94506],
							"rotation": [0, 0, -12.5],
							"uv": {
								"north": {"uv": [117, 5], "uv_size": [9, 2]},
								"east": {"uv": [130, 90], "uv_size": [2, 2]},
								"south": {"uv": [117, 54], "uv_size": [9, 2]},
								"west": {"uv": [130, 93], "uv_size": [2, 2]},
								"up": {"uv": [118, 87], "uv_size": [9, 2]},
								"down": {"uv": [127, 56], "uv_size": [9, -2]}
							}
						},
						{
							"origin": [4.25, 27.9158, -6.22006],
							"size": [1.7, 2.55, 2.55],
							"pivot": [5.1, 28.5533, -4.94506],
							"rotation": [0, 0, -12.5],
							"uv": {
								"north": {"uv": [88, 23], "uv_size": [2, 3]},
								"east": {"uv": [89, 112], "uv_size": [3, 3]},
								"south": {"uv": [88, 27], "uv_size": [2, 3]},
								"west": {"uv": [14, 130], "uv_size": [3, 3]},
								"up": {"uv": [96, 129], "uv_size": [2, 3]},
								"down": {"uv": [130, 38], "uv_size": [2, -3]}
							}
						},
						{
							"origin": [9.35, 27.9158, -6.22006],
							"size": [1.7, 2.55, 2.55],
							"pivot": [5.1, 28.5533, -4.94506],
							"rotation": [0, 0, -12.5],
							"uv": {
								"north": {"uv": [130, 39], "uv_size": [2, 3]},
								"east": {"uv": [22, 130], "uv_size": [3, 3]},
								"south": {"uv": [130, 43], "uv_size": [2, 3]},
								"west": {"uv": [26, 130], "uv_size": [3, 3]},
								"up": {"uv": [70, 130], "uv_size": [2, 3]},
								"down": {"uv": [73, 133], "uv_size": [2, -3]}
							}
						},
						{
							"origin": [-5.95, 27.9158, -6.22006],
							"size": [1.7, 2.55, 2.55],
							"pivot": [-5.1, 28.5533, -4.94506],
							"rotation": [0, 0, 12.5],
							"uv": {
								"north": {"uv": [90, 23], "uv_size": [-2, 3]},
								"east": {"uv": [17, 130], "uv_size": [-3, 3]},
								"south": {"uv": [90, 27], "uv_size": [-2, 3]},
								"west": {"uv": [92, 112], "uv_size": [-3, 3]},
								"up": {"uv": [98, 129], "uv_size": [-2, 3]},
								"down": {"uv": [132, 38], "uv_size": [-2, -3]}
							}
						},
						{
							"origin": [-10.2, 28.3408, -5.79506],
							"size": [9.35, 1.7, 1.7],
							"pivot": [-5.1, 28.5533, -4.94506],
							"rotation": [0, 0, 12.5],
							"uv": {
								"north": {"uv": [126, 5], "uv_size": [-9, 2]},
								"east": {"uv": [132, 93], "uv_size": [-2, 2]},
								"south": {"uv": [126, 54], "uv_size": [-9, 2]},
								"west": {"uv": [132, 90], "uv_size": [-2, 2]},
								"up": {"uv": [127, 87], "uv_size": [-9, 2]},
								"down": {"uv": [136, 56], "uv_size": [-9, -2]}
							}
						},
						{
							"origin": [-11.05, 27.9158, -6.22006],
							"size": [1.7, 2.55, 2.55],
							"pivot": [-5.1, 28.5533, -4.94506],
							"rotation": [0, 0, 12.5],
							"uv": {
								"north": {"uv": [132, 39], "uv_size": [-2, 3]},
								"east": {"uv": [29, 130], "uv_size": [-3, 3]},
								"south": {"uv": [132, 43], "uv_size": [-2, 3]},
								"west": {"uv": [25, 130], "uv_size": [-3, 3]},
								"up": {"uv": [72, 130], "uv_size": [-2, 3]},
								"down": {"uv": [75, 133], "uv_size": [-2, -3]}
							}
						}
					]
				},
				{
					"name": "PassengerLocator2",
					"parent": "Ship",
					"pivot": [0, 21, 21]
				},
				{
					"name": "PassengerLocator",
					"parent": "Ship",
					"pivot": [0, 16, 9]
				}
			]
		}
	]
}