{
	"format_version": "1.12.0",
	"minecraft:geometry": [
		{
			"description": {
				"identifier": "geometry.unknown",
				"texture_width": 256,
				"texture_height": 256,
				"visible_bounds_width": 4,
				"visible_bounds_height": 2.5,
				"visible_bounds_offset": [0, 0.75, 0]
			},
			"bones": [
				{
					"name": "bone6",
					"pivot": [0, 0, 0],
					"rotation": [0, -90, 0],
					"cubes": [
						{
							"origin": [-7.31213, 6.71276, -13.03883],
							"size": [14.62425, 1.65113, 2.35875],
							"pivot": [0, 5.65132, -12.56708],
							"rotation": [90, 0, 0],
							"uv": {
								"north": {"uv": [71, 26], "uv_size": [15, 2]},
								"east": {"uv": [85, 125], "uv_size": [2, 2]},
								"south": {"uv": [71, 29], "uv_size": [15, 2]},
								"west": {"uv": [125, 86], "uv_size": [2, 2]},
								"up": {"uv": [71, 32], "uv_size": [15, 2]},
								"down": {"uv": [0, 74], "uv_size": [15, -2]}
							}
						},
						{
							"origin": [-3.53813, 15.91189, -13.03883],
							"size": [11.79375, 1.65112, 2.35875],
							"pivot": [0.9435, 14.85045, -12.56708],
							"rotation": [90, 0, 90],
							"uv": {
								"north": {"uv": [44, 86], "uv_size": [12, 2]},
								"east": {"uv": [120, 125], "uv_size": [2, 2]},
								"south": {"uv": [87, 26], "uv_size": [12, 2]},
								"west": {"uv": [123, 125], "uv_size": [2, 2]},
								"up": {"uv": [87, 29], "uv_size": [12, 2]},
								"down": {"uv": [87, 34], "uv_size": [12, -2]}
							}
						},
						{
							"origin": [-1.41525, 20.62939, -13.03883],
							"size": [4.24575, 4.48162, 4.24575],
							"pivot": [-1.65113, 21.45495, -12.56708],
							"rotation": [90, 0, 90],
							"uv": {
								"north": {"uv": [0, 96], "uv_size": [4, 4]},
								"east": {"uv": [72, 97], "uv_size": [4, 4]},
								"south": {"uv": [77, 98], "uv_size": [4, 4]},
								"west": {"uv": [82, 98], "uv_size": [4, 4]},
								"up": {"uv": [87, 98], "uv_size": [4, 4]},
								"down": {"uv": [92, 102], "uv_size": [4, -4]}
							}
						},
						{
							"origin": [-0.70763, 19.68589, -12.3312],
							"size": [2.8305, 6.36862, 2.8305],
							"pivot": [-1.65113, 21.45495, -12.56708],
							"rotation": [90, 0, 90],
							"uv": {
								"north": {"uv": [41, 72], "uv_size": [3, 6]},
								"east": {"uv": [8, 92], "uv_size": [3, 6]},
								"south": {"uv": [12, 95], "uv_size": [3, 6]},
								"west": {"uv": [16, 95], "uv_size": [3, 6]},
								"up": {"uv": [20, 105], "uv_size": [3, 3]},
								"down": {"uv": [24, 108], "uv_size": [3, -3]}
							}
						},
						{
							"origin": [-8.25563, 15.91189, -13.03883],
							"size": [11.79376, 1.65112, 2.35875],
							"pivot": [-0.9435, 14.85045, -12.56708],
							"rotation": [90, 0, -90],
							"uv": {
								"north": {"uv": [57, 87], "uv_size": [12, 2]},
								"east": {"uv": [0, 126], "uv_size": [2, 2]},
								"south": {"uv": [70, 87], "uv_size": [12, 2]},
								"west": {"uv": [3, 126], "uv_size": [2, 2]},
								"up": {"uv": [83, 87], "uv_size": [12, 2]},
								"down": {"uv": [18, 90], "uv_size": [12, -2]}
							}
						},
						{
							"origin": [-0.70763, 19.68589, 9.5007],
							"size": [2.8305, 6.36862, 2.8305],
							"pivot": [-1.65113, 21.45495, 12.56708],
							"rotation": [-90, 0, 90],
							"uv": {
								"north": {"uv": [20, 95], "uv_size": [3, 6]},
								"east": {"uv": [24, 95], "uv_size": [3, 6]},
								"south": {"uv": [28, 95], "uv_size": [3, 6]},
								"west": {"uv": [32, 95], "uv_size": [3, 6]},
								"up": {"uv": [105, 26], "uv_size": [3, 3]},
								"down": {"uv": [28, 108], "uv_size": [3, -3]}
							}
						},
						{
							"origin": [-1.41525, 20.62939, 8.79308],
							"size": [4.24575, 4.48162, 4.24575],
							"pivot": [-1.65113, 21.45495, 12.56708],
							"rotation": [-90, 0, 90],
							"uv": {
								"north": {"uv": [97, 98], "uv_size": [4, 4]},
								"east": {"uv": [5, 99], "uv_size": [4, 4]},
								"south": {"uv": [36, 99], "uv_size": [4, 4]},
								"west": {"uv": [100, 26], "uv_size": [4, 4]},
								"up": {"uv": [100, 31], "uv_size": [4, 4]},
								"down": {"uv": [41, 104], "uv_size": [4, -4]}
							}
						},
						{
							"origin": [-3.53813, 15.91189, 10.68008],
							"size": [11.79375, 1.65112, 2.35875],
							"pivot": [0.9435, 14.85045, 12.56708],
							"rotation": [-90, 0, 90],
							"uv": {
								"north": {"uv": [88, 48], "uv_size": [12, 2]},
								"east": {"uv": [126, 16], "uv_size": [2, 2]},
								"south": {"uv": [88, 70], "uv_size": [12, 2]},
								"west": {"uv": [126, 19], "uv_size": [2, 2]},
								"up": {"uv": [88, 83], "uv_size": [12, 2]},
								"down": {"uv": [0, 91], "uv_size": [12, -2]}
							}
						},
						{
							"origin": [-8.25563, 15.91189, 10.68008],
							"size": [11.79376, 1.65112, 2.35875],
							"pivot": [-0.9435, 14.85045, 12.56708],
							"rotation": [-90, 0, -90],
							"uv": {
								"north": {"uv": [31, 88], "uv_size": [12, 2]},
								"east": {"uv": [6, 126], "uv_size": [2, 2]},
								"south": {"uv": [88, 39], "uv_size": [12, 2]},
								"west": {"uv": [16, 126], "uv_size": [2, 2]},
								"up": {"uv": [88, 42], "uv_size": [12, 2]},
								"down": {"uv": [88, 47], "uv_size": [12, -2]}
							}
						},
						{
							"origin": [-7.31213, 3.88226, -13.03883],
							"size": [14.62425, 1.65113, 2.35875],
							"pivot": [0, 2.82082, -12.56708],
							"rotation": [90, 0, 0],
							"uv": {
								"north": {"uv": [16, 72], "uv_size": [15, 2]},
								"east": {"uv": [88, 125], "uv_size": [2, 2]},
								"south": {"uv": [52, 73], "uv_size": [15, 2]},
								"west": {"uv": [91, 125], "uv_size": [2, 2]},
								"up": {"uv": [68, 73], "uv_size": [15, 2]},
								"down": {"uv": [0, 77], "uv_size": [15, -2]}
							}
						},
						{
							"origin": [-7.31213, 6.71276, 10.68008],
							"size": [14.62425, 1.65113, 2.35875],
							"pivot": [0, 5.65132, 12.56708],
							"rotation": [-90, 0, 0],
							"uv": {
								"north": {"uv": [0, 78], "uv_size": [15, 2]},
								"east": {"uv": [100, 125], "uv_size": [2, 2]},
								"south": {"uv": [16, 78], "uv_size": [15, 2]},
								"west": {"uv": [103, 125], "uv_size": [2, 2]},
								"up": {"uv": [79, 51], "uv_size": [15, 2]},
								"down": {"uv": [52, 81], "uv_size": [15, -2]}
							}
						},
						{
							"origin": [-7.31213, 3.88226, 10.68008],
							"size": [14.62425, 1.65113, 2.35875],
							"pivot": [0, 2.82082, 12.56708],
							"rotation": [-90, 0, 0],
							"uv": {
								"north": {"uv": [16, 75], "uv_size": [15, 2]},
								"east": {"uv": [94, 125], "uv_size": [2, 2]},
								"south": {"uv": [75, 67], "uv_size": [15, 2]},
								"west": {"uv": [97, 125], "uv_size": [2, 2]},
								"up": {"uv": [52, 76], "uv_size": [15, 2]},
								"down": {"uv": [68, 78], "uv_size": [15, -2]}
							}
						},
						{
							"origin": [-2.59463, -21.59224, -11.15183],
							"size": [5.18926, 29.01263, 2.35875],
							"pivot": [0, 3.76432, -10.68008],
							"rotation": [90, 0, 0],
							"uv": {
								"north": {"uv": [40, 0], "uv_size": [5, 29]},
								"east": {"uv": [46, 52], "uv_size": [2, 29]},
								"south": {"uv": [40, 30], "uv_size": [5, 29]},
								"west": {"uv": [49, 52], "uv_size": [2, 29]},
								"up": {"uv": [104, 56], "uv_size": [5, 2]},
								"down": {"uv": [104, 61], "uv_size": [5, -2]}
							}
						},
						{
							"origin": [-1.17938, 4.82576, 18.56842],
							"size": [2.35875, 2.59463, 3.30225],
							"pivot": [0, 3.76432, 18.56842],
							"rotation": [90, 0, 0],
							"uv": {
								"north": {"uv": [121, 91], "uv_size": [2, 3]},
								"east": {"uv": [104, 62], "uv_size": [3, 3]},
								"south": {"uv": [121, 95], "uv_size": [2, 3]},
								"west": {"uv": [8, 105], "uv_size": [3, 3]},
								"up": {"uv": [121, 99], "uv_size": [2, 3]},
								"down": {"uv": [121, 106], "uv_size": [2, -3]}
							}
						},
						{
							"origin": [-1.17938, 4.82576, -21.87067],
							"size": [2.35875, 2.59463, 3.30225],
							"pivot": [0, 3.76432, -18.56842],
							"rotation": [-90, 0, 0],
							"uv": {
								"north": {"uv": [106, 121], "uv_size": [2, 3]},
								"east": {"uv": [12, 105], "uv_size": [3, 3]},
								"south": {"uv": [121, 107], "uv_size": [2, 3]},
								"west": {"uv": [16, 105], "uv_size": [3, 3]},
								"up": {"uv": [109, 121], "uv_size": [2, 3]},
								"down": {"uv": [121, 114], "uv_size": [2, -3]}
							}
						}
					]
				},
				{
					"name": "bone2",
					"parent": "bone6",
					"pivot": [0, 18.89701, 0.35957],
					"cubes": [
						{
							"origin": [-3.53813, 8.05914, -42.90809],
							"size": [7.07626, 1.65112, 26.418],
							"pivot": [1.65112, 8.53089, -14.83896],
							"rotation": [180, 0, 0],
							"uv": {
								"north": {"uv": [18, 85], "uv_size": [7, 2]},
								"east": {"uv": [52, 52], "uv_size": [26, 2]},
								"south": {"uv": [100, 36], "uv_size": [7, 2]},
								"west": {"uv": [0, 54], "uv_size": [26, 2]},
								"up": {"uv": [0, 0], "uv_size": [7, 26]},
								"down": {"uv": [8, 26], "uv_size": [7, -26]}
							}
						},
						{
							"origin": [1.56598, 11.1188, -42.90809],
							"size": [7.07625, 1.65113, 26.418],
							"pivot": [6.75523, 11.59055, -14.83896],
							"rotation": [180, 0, -40],
							"uv": {
								"north": {"uv": [46, 100], "uv_size": [7, 2]},
								"east": {"uv": [52, 55], "uv_size": [26, 2]},
								"south": {"uv": [54, 100], "uv_size": [7, 2]},
								"west": {"uv": [0, 57], "uv_size": [26, 2]},
								"up": {"uv": [16, 0], "uv_size": [7, 26]},
								"down": {"uv": [24, 26], "uv_size": [7, -26]}
							}
						},
						{
							"origin": [3.97348, 16.74596, -42.90809],
							"size": [7.07625, 1.65113, 26.418],
							"pivot": [9.16273, 17.21771, -14.83896],
							"rotation": [180, 0, -75],
							"uv": {
								"north": {"uv": [62, 100], "uv_size": [7, 2]},
								"east": {"uv": [52, 58], "uv_size": [26, 2]},
								"south": {"uv": [101, 0], "uv_size": [7, 2]},
								"west": {"uv": [0, 60], "uv_size": [26, 2]},
								"up": {"uv": [0, 27], "uv_size": [7, 26]},
								"down": {"uv": [8, 53], "uv_size": [7, -26]}
							}
						},
						{
							"origin": [-11.04973, 16.74596, -42.90809],
							"size": [7.07625, 1.65113, 26.418],
							"pivot": [-9.16273, 17.21771, -14.83896],
							"rotation": [180, 0, 75],
							"uv": {
								"north": {"uv": [101, 20], "uv_size": [7, 2]},
								"east": {"uv": [52, 61], "uv_size": [26, 2]},
								"south": {"uv": [101, 23], "uv_size": [7, 2]},
								"west": {"uv": [0, 63], "uv_size": [26, 2]},
								"up": {"uv": [16, 27], "uv_size": [7, 26]},
								"down": {"uv": [24, 53], "uv_size": [7, -26]}
							}
						},
						{
							"origin": [-8.64223, 11.1188, -42.90809],
							"size": [7.07625, 1.65113, 26.418],
							"pivot": [-6.75523, 11.59055, -14.83896],
							"rotation": [180, 0, 40],
							"uv": {
								"north": {"uv": [101, 39], "uv_size": [7, 2]},
								"east": {"uv": [52, 64], "uv_size": [26, 2]},
								"south": {"uv": [101, 42], "uv_size": [7, 2]},
								"west": {"uv": [65, 0], "uv_size": [26, 2]},
								"up": {"uv": [32, 0], "uv_size": [7, 26]},
								"down": {"uv": [32, 53], "uv_size": [7, -26]}
							}
						},
						{
							"origin": [1.33011, 11.1188, -20.26409],
							"size": [8.25562, 1.65113, 2.8305],
							"pivot": [7.69873, 11.59055, -14.83896],
							"rotation": [180, 0, -40],
							"uv": {
								"north": {"uv": [92, 0], "uv_size": [8, 2]},
								"east": {"uv": [70, 120], "uv_size": [3, 2]},
								"south": {"uv": [95, 51], "uv_size": [8, 2]},
								"west": {"uv": [120, 73], "uv_size": [3, 2]},
								"up": {"uv": [27, 54], "uv_size": [8, 3]},
								"down": {"uv": [32, 75], "uv_size": [8, -3]}
							}
						},
						{
							"origin": [-11.99323, 16.74596, -20.26409],
							"size": [7.07625, 1.65113, 2.8305],
							"pivot": [-10.10623, 17.21771, -14.83896],
							"rotation": [180, 0, 75],
							"uv": {
								"north": {"uv": [102, 15], "uv_size": [7, 2]},
								"east": {"uv": [8, 121], "uv_size": [3, 2]},
								"south": {"uv": [18, 102], "uv_size": [7, 2]},
								"west": {"uv": [12, 121], "uv_size": [3, 2]},
								"up": {"uv": [53, 93], "uv_size": [7, 3]},
								"down": {"uv": [61, 96], "uv_size": [7, -3]}
							}
						},
						{
							"origin": [-9.58573, 11.1188, -20.26409],
							"size": [8.25562, 1.65113, 2.8305],
							"pivot": [-7.69873, 11.59055, -14.83896],
							"rotation": [180, 0, 40],
							"uv": {
								"north": {"uv": [95, 54], "uv_size": [8, 2]},
								"east": {"uv": [121, 69], "uv_size": [3, 2]},
								"south": {"uv": [95, 57], "uv_size": [8, 2]},
								"west": {"uv": [121, 76], "uv_size": [3, 2]},
								"up": {"uv": [32, 76], "uv_size": [8, 3]},
								"down": {"uv": [52, 85], "uv_size": [8, -3]}
							}
						},
						{
							"origin": [-5.42513, 10.48676, -10.86878],
							"size": [10.85025, 1.65113, 2.12288],
							"pivot": [0, 9.42532, -10.39703],
							"rotation": [90, 0, 0],
							"uv": {
								"north": {"uv": [89, 20], "uv_size": [11, 2]},
								"east": {"uv": [106, 125], "uv_size": [2, 2]},
								"south": {"uv": [89, 23], "uv_size": [11, 2]},
								"west": {"uv": [109, 125], "uv_size": [2, 2]},
								"up": {"uv": [44, 89], "uv_size": [11, 2]},
								"down": {"uv": [90, 11], "uv_size": [11, -2]}
							}
						},
						{
							"origin": [-7.31213, 12.60964, -10.86878],
							"size": [14.62425, 1.65112, 1.41525],
							"pivot": [0, 11.5482, -10.39703],
							"rotation": [90, 0, 0],
							"uv": {
								"north": {"uv": [79, 54], "uv_size": [15, 2]},
								"east": {"uv": [57, 131], "uv_size": [1, 2]},
								"south": {"uv": [79, 57], "uv_size": [15, 2]},
								"west": {"uv": [59, 131], "uv_size": [1, 2]},
								"up": {"uv": [90, 18], "uv_size": [15, 1]},
								"down": {"uv": [94, 82], "uv_size": [15, -1]}
							}
						},
						{
							"origin": [-8.25563, 14.02489, -10.86878],
							"size": [16.51125, 1.65112, 3.06638],
							"pivot": [0, 12.96345, -10.39703],
							"rotation": [90, 0, 0],
							"uv": {
								"north": {"uv": [52, 70], "uv_size": [17, 2]},
								"east": {"uv": [121, 79], "uv_size": [3, 2]},
								"south": {"uv": [70, 70], "uv_size": [17, 2]},
								"west": {"uv": [121, 82], "uv_size": [3, 2]},
								"up": {"uv": [27, 60], "uv_size": [17, 3]},
								"down": {"uv": [27, 67], "uv_size": [17, -3]}
							}
						},
						{
							"origin": [-9.19913, 17.09126, -10.86878],
							"size": [18.39825, 1.65113, 3.53813],
							"pivot": [0, 16.02982, -10.39703],
							"rotation": [90, 0, 0],
							"uv": {
								"north": {"uv": [69, 39], "uv_size": [18, 2]},
								"east": {"uv": [41, 79], "uv_size": [4, 2]},
								"south": {"uv": [69, 42], "uv_size": [18, 2]},
								"west": {"uv": [115, 74], "uv_size": [4, 2]},
								"up": {"uv": [46, 0], "uv_size": [18, 4]},
								"down": {"uv": [46, 9], "uv_size": [18, -4]}
							}
						},
						{
							"origin": [-5.42513, 10.48676, 8.7459],
							"size": [10.85025, 1.65113, 2.12288],
							"pivot": [0, 9.42532, 10.39703],
							"rotation": [-90, 0, 0],
							"uv": {
								"north": {"uv": [90, 12], "uv_size": [11, 2]},
								"east": {"uv": [112, 125], "uv_size": [2, 2]},
								"south": {"uv": [90, 15], "uv_size": [11, 2]},
								"west": {"uv": [117, 125], "uv_size": [2, 2]},
								"up": {"uv": [56, 90], "uv_size": [11, 2]},
								"down": {"uv": [68, 92], "uv_size": [11, -2]}
							}
						},
						{
							"origin": [-7.31213, 12.60964, 9.45353],
							"size": [14.62425, 1.65112, 1.41525],
							"pivot": [0, 11.5482, 10.39703],
							"rotation": [-90, 0, 0],
							"uv": {
								"north": {"uv": [79, 60], "uv_size": [15, 2]},
								"east": {"uv": [131, 65], "uv_size": [1, 2]},
								"south": {"uv": [79, 63], "uv_size": [15, 2]},
								"west": {"uv": [66, 131], "uv_size": [1, 2]},
								"up": {"uv": [96, 92], "uv_size": [15, 1]},
								"down": {"uv": [99, 67], "uv_size": [15, -1]}
							}
						},
						{
							"origin": [-8.25563, 14.02489, 7.8024],
							"size": [16.51125, 1.65112, 3.06638],
							"pivot": [0, 12.96345, 10.39703],
							"rotation": [-90, 0, 0],
							"uv": {
								"north": {"uv": [71, 20], "uv_size": [17, 2]},
								"east": {"uv": [121, 85], "uv_size": [3, 2]},
								"south": {"uv": [71, 23], "uv_size": [17, 2]},
								"west": {"uv": [121, 88], "uv_size": [3, 2]},
								"up": {"uv": [65, 3], "uv_size": [17, 3]},
								"down": {"uv": [65, 10], "uv_size": [17, -3]}
							}
						},
						{
							"origin": [-9.19913, 17.09126, 7.33065],
							"size": [18.39825, 1.65113, 3.53813],
							"pivot": [0, 16.02982, 10.39703],
							"rotation": [-90, 0, 0],
							"uv": {
								"north": {"uv": [69, 45], "uv_size": [18, 2]},
								"east": {"uv": [117, 45], "uv_size": [4, 2]},
								"south": {"uv": [69, 48], "uv_size": [18, 2]},
								"west": {"uv": [117, 48], "uv_size": [4, 2]},
								"up": {"uv": [46, 10], "uv_size": [18, 4]},
								"down": {"uv": [46, 19], "uv_size": [18, -4]}
							}
						},
						{
							"origin": [-12.02963, 19.45001, -10.86878],
							"size": [24.05925, 2.59463, 1.65113],
							"pivot": [0, 18.86032, -10.39703],
							"rotation": [90, 0, 0],
							"uv": {
								"north": {"uv": [46, 20], "uv_size": [24, 3]},
								"east": {"uv": [112, 121], "uv_size": [2, 3]},
								"south": {"uv": [46, 24], "uv_size": [24, 3]},
								"west": {"uv": [121, 115], "uv_size": [2, 3]},
								"up": {"uv": [65, 11], "uv_size": [24, 2]},
								"down": {"uv": [65, 16], "uv_size": [24, -2]}
							}
						},
						{
							"origin": [-12.02963, 19.45001, 9.21765],
							"size": [24.05925, 2.59463, 1.65113],
							"pivot": [0, 18.86032, 10.39703],
							"rotation": [-90, 0, 0],
							"uv": {
								"north": {"uv": [46, 28], "uv_size": [24, 3]},
								"east": {"uv": [121, 119], "uv_size": [2, 3]},
								"south": {"uv": [46, 32], "uv_size": [24, 3]},
								"west": {"uv": [122, 0], "uv_size": [2, 3]},
								"up": {"uv": [65, 17], "uv_size": [24, 2]},
								"down": {"uv": [0, 68], "uv_size": [24, -2]}
							}
						},
						{
							"origin": [-9.58573, 11.1188, 1.43641],
							"size": [8.25562, 1.65113, 2.8305],
							"pivot": [-7.69873, 11.59055, 6.86154],
							"rotation": [180, 0, 40],
							"uv": {
								"north": {"uv": [95, 60], "uv_size": [8, 2]},
								"east": {"uv": [122, 16], "uv_size": [3, 2]},
								"south": {"uv": [95, 63], "uv_size": [8, 2]},
								"west": {"uv": [19, 122], "uv_size": [3, 2]},
								"up": {"uv": [61, 83], "uv_size": [8, 3]},
								"down": {"uv": [70, 86], "uv_size": [8, -3]}
							}
						},
						{
							"origin": [-3.53813, 7.35151, 1.43641],
							"size": [7.07626, 1.65113, 2.8305],
							"pivot": [1.65112, 7.82326, 6.86154],
							"rotation": [180, 0, 0],
							"uv": {
								"north": {"uv": [26, 102], "uv_size": [7, 2]},
								"east": {"uv": [122, 19], "uv_size": [3, 2]},
								"south": {"uv": [102, 77], "uv_size": [7, 2]},
								"west": {"uv": [122, 22], "uv_size": [3, 2]},
								"up": {"uv": [69, 93], "uv_size": [7, 3]},
								"down": {"uv": [93, 76], "uv_size": [7, -3]}
							}
						},
						{
							"origin": [1.33011, 11.1188, 1.43641],
							"size": [8.25562, 1.65113, 2.8305],
							"pivot": [7.69873, 11.59055, 6.86154],
							"rotation": [180, 0, -40],
							"uv": {
								"north": {"uv": [36, 96], "uv_size": [8, 2]},
								"east": {"uv": [23, 122], "uv_size": [3, 2]},
								"south": {"uv": [96, 86], "uv_size": [8, 2]},
								"west": {"uv": [27, 122], "uv_size": [3, 2]},
								"up": {"uv": [79, 83], "uv_size": [8, 3]},
								"down": {"uv": [26, 87], "uv_size": [8, -3]}
							}
						},
						{
							"origin": [-9.58573, 11.1188, -9.435],
							"size": [8.25562, 1.65113, 2.8305],
							"pivot": [-7.69873, 11.59055, -4.00987],
							"rotation": [180, 0, 40],
							"uv": {
								"north": {"uv": [96, 89], "uv_size": [8, 2]},
								"east": {"uv": [31, 122], "uv_size": [3, 2]},
								"south": {"uv": [45, 97], "uv_size": [8, 2]},
								"west": {"uv": [122, 45], "uv_size": [3, 2]},
								"up": {"uv": [35, 84], "uv_size": [8, 3]},
								"down": {"uv": [84, 76], "uv_size": [8, -3]}
							}
						},
						{
							"origin": [-3.53813, 7.35151, -9.435],
							"size": [7.07626, 1.65113, 2.8305],
							"pivot": [1.65112, 7.82326, -4.00987],
							"rotation": [180, 0, 0],
							"uv": {
								"north": {"uv": [102, 97], "uv_size": [7, 2]},
								"east": {"uv": [122, 48], "uv_size": [3, 2]},
								"south": {"uv": [102, 100], "uv_size": [7, 2]},
								"west": {"uv": [122, 51], "uv_size": [3, 2]},
								"up": {"uv": [77, 94], "uv_size": [7, 3]},
								"down": {"uv": [94, 80], "uv_size": [7, -3]}
							}
						},
						{
							"origin": [-3.53813, 7.35151, -20.28525],
							"size": [7.07626, 1.65113, 2.8305],
							"pivot": [1.65112, 7.82326, -14.86012],
							"rotation": [180, 0, 0],
							"uv": {
								"north": {"uv": [46, 103], "uv_size": [7, 2]},
								"east": {"uv": [117, 122], "uv_size": [3, 2]},
								"south": {"uv": [54, 103], "uv_size": [7, 2]},
								"west": {"uv": [123, 25], "uv_size": [3, 2]},
								"up": {"uv": [85, 94], "uv_size": [7, 3]},
								"down": {"uv": [93, 97], "uv_size": [7, -3]}
							}
						},
						{
							"origin": [1.33011, 11.1188, -9.435],
							"size": [8.25562, 1.65113, 2.8305],
							"pivot": [7.69873, 11.59055, -4.00987],
							"rotation": [180, 0, -40],
							"uv": {
								"north": {"uv": [54, 97], "uv_size": [8, 2]},
								"east": {"uv": [122, 54], "uv_size": [3, 2]},
								"south": {"uv": [63, 97], "uv_size": [8, 2]},
								"west": {"uv": [122, 57], "uv_size": [3, 2]},
								"up": {"uv": [0, 85], "uv_size": [8, 3]},
								"down": {"uv": [9, 88], "uv_size": [8, -3]}
							}
						},
						{
							"origin": [4.91698, 16.74596, 1.43641],
							"size": [7.07625, 1.65113, 2.8305],
							"pivot": [10.10623, 17.21771, 6.86154],
							"rotation": [180, 0, -75],
							"uv": {
								"north": {"uv": [101, 68], "uv_size": [7, 2]},
								"east": {"uv": [82, 120], "uv_size": [3, 2]},
								"south": {"uv": [101, 71], "uv_size": [7, 2]},
								"west": {"uv": [86, 120], "uv_size": [3, 2]},
								"up": {"uv": [13, 91], "uv_size": [7, 3]},
								"down": {"uv": [21, 94], "uv_size": [7, -3]}
							}
						},
						{
							"origin": [4.91698, 16.74596, -9.435],
							"size": [7.07625, 1.65113, 2.8305],
							"pivot": [10.10623, 17.21771, -4.00987],
							"rotation": [180, 0, -75],
							"uv": {
								"north": {"uv": [101, 74], "uv_size": [7, 2]},
								"east": {"uv": [90, 120], "uv_size": [3, 2]},
								"south": {"uv": [101, 83], "uv_size": [7, 2]},
								"west": {"uv": [94, 120], "uv_size": [3, 2]},
								"up": {"uv": [29, 91], "uv_size": [7, 3]},
								"down": {"uv": [91, 69], "uv_size": [7, -3]}
							}
						},
						{
							"origin": [4.91698, 16.74596, -20.26409],
							"size": [7.07625, 1.65113, 2.8305],
							"pivot": [10.10623, 17.21771, -14.83896],
							"rotation": [180, 0, -75],
							"uv": {
								"north": {"uv": [101, 45], "uv_size": [7, 2]},
								"east": {"uv": [74, 120], "uv_size": [3, 2]},
								"south": {"uv": [101, 48], "uv_size": [7, 2]},
								"west": {"uv": [78, 120], "uv_size": [3, 2]},
								"up": {"uv": [80, 90], "uv_size": [7, 3]},
								"down": {"uv": [88, 93], "uv_size": [7, -3]}
							}
						},
						{
							"origin": [-2.2644, 19.45001, -1.17937],
							"size": [22.17225, 2.59463, 1.65112],
							"pivot": [8.82173, 18.86032, 0],
							"rotation": [0, 90, 90],
							"uv": {
								"north": {"uv": [46, 44], "uv_size": [22, 3]},
								"east": {"uv": [122, 12], "uv_size": [2, 3]},
								"south": {"uv": [46, 48], "uv_size": [22, 3]},
								"west": {"uv": [16, 122], "uv_size": [2, 3]},
								"up": {"uv": [23, 69], "uv_size": [22, 2]},
								"down": {"uv": [69, 38], "uv_size": [22, -2]}
							}
						},
						{
							"origin": [-19.90785, 19.45001, -1.17937],
							"size": [22.17225, 2.59463, 1.65112],
							"pivot": [-8.82173, 18.86032, 0],
							"rotation": [0, -90, -90],
							"uv": {
								"north": {"uv": [46, 36], "uv_size": [22, 3]},
								"east": {"uv": [122, 4], "uv_size": [2, 3]},
								"south": {"uv": [46, 40], "uv_size": [22, 3]},
								"west": {"uv": [122, 8], "uv_size": [2, 3]},
								"up": {"uv": [52, 67], "uv_size": [22, 2]},
								"down": {"uv": [0, 71], "uv_size": [22, -2]}
							}
						},
						{
							"origin": [-11.99323, 16.74596, 1.43641],
							"size": [7.07625, 1.65113, 2.8305],
							"pivot": [-10.10623, 17.21771, 6.86154],
							"rotation": [180, 0, 75],
							"uv": {
								"north": {"uv": [101, 94], "uv_size": [7, 2]},
								"east": {"uv": [98, 120], "uv_size": [3, 2]},
								"south": {"uv": [102, 9], "uv_size": [7, 2]},
								"west": {"uv": [102, 120], "uv_size": [3, 2]},
								"up": {"uv": [0, 92], "uv_size": [7, 3]},
								"down": {"uv": [92, 38], "uv_size": [7, -3]}
							}
						},
						{
							"origin": [-11.99323, 16.74596, -9.435],
							"size": [7.07625, 1.65113, 2.8305],
							"pivot": [-10.10623, 17.21771, -4.00987],
							"rotation": [180, 0, 75],
							"uv": {
								"north": {"uv": [10, 102], "uv_size": [7, 2]},
								"east": {"uv": [0, 121], "uv_size": [3, 2]},
								"south": {"uv": [102, 12], "uv_size": [7, 2]},
								"west": {"uv": [4, 121], "uv_size": [3, 2]},
								"up": {"uv": [37, 92], "uv_size": [7, 3]},
								"down": {"uv": [45, 95], "uv_size": [7, -3]}
							}
						}
					]
				},
				{
					"name": "bone3",
					"parent": "bone6",
					"pivot": [0, 4.76468, 8.4915],
					"cubes": [
						{
							"origin": [9.19876, 3.81828, 7.54511],
							"size": [2.83629, 1.89279, 1.89278],
							"uv": {
								"north": {"uv": [118, 12], "uv_size": [3, 2]},
								"east": {"uv": [124, 72], "uv_size": [2, 2]},
								"south": {"uv": [14, 118], "uv_size": [3, 2]},
								"west": {"uv": [124, 91], "uv_size": [2, 2]},
								"up": {"uv": [118, 15], "uv_size": [3, 2]},
								"down": {"uv": [118, 20], "uv_size": [3, -2]}
							}
						},
						{
							"origin": [-12.27382, 4.0556, 7.78243],
							"size": [24.54764, 1.41815, 1.41814],
							"uv": {
								"north": {"uv": [0, 83], "uv_size": [25, 1]},
								"east": {"uv": [131, 94], "uv_size": [1, 1]},
								"south": {"uv": [83, 3], "uv_size": [25, 1]},
								"west": {"uv": [131, 96], "uv_size": [1, 1]},
								"up": {"uv": [83, 5], "uv_size": [25, 1]},
								"down": {"uv": [83, 8], "uv_size": [25, -1]}
							}
						},
						{
							"origin": [9.90855, 0.9791, 8.2549],
							"size": [0.4732, 7.57115, 0.4732],
							"pivot": [10.14515, 4.76468, 8.4915],
							"rotation": [45, 0, 0],
							"uv": {
								"north": {"uv": [30, 109], "uv_size": [1, 8]},
								"east": {"uv": [110, 73], "uv_size": [1, 8]},
								"south": {"uv": [110, 94], "uv_size": [1, 8]},
								"west": {"uv": [0, 111], "uv_size": [1, 8]},
								"up": {"uv": [131, 98], "uv_size": [1, 1]},
								"down": {"uv": [131, 101], "uv_size": [1, -1]}
							}
						},
						{
							"origin": [9.90855, 0.9791, 8.2549],
							"size": [0.4732, 7.57115, 0.4732],
							"pivot": [10.14515, 4.76468, 8.4915],
							"rotation": [-45, 0, 0],
							"uv": {
								"north": {"uv": [111, 0], "uv_size": [1, 8]},
								"east": {"uv": [111, 14], "uv_size": [1, 8]},
								"south": {"uv": [111, 23], "uv_size": [1, 8]},
								"west": {"uv": [43, 111], "uv_size": [1, 8]},
								"up": {"uv": [131, 102], "uv_size": [1, 1]},
								"down": {"uv": [131, 105], "uv_size": [1, -1]}
							}
						},
						{
							"origin": [9.90855, 0.9791, 8.2549],
							"size": [0.4732, 7.57115, 0.4732],
							"pivot": [10.14515, 4.76468, 8.4915],
							"rotation": [-90, 0, 0],
							"uv": {
								"north": {"uv": [45, 111], "uv_size": [1, 8]},
								"east": {"uv": [47, 111], "uv_size": [1, 8]},
								"south": {"uv": [49, 111], "uv_size": [1, 8]},
								"west": {"uv": [51, 111], "uv_size": [1, 8]},
								"up": {"uv": [131, 106], "uv_size": [1, 1]},
								"down": {"uv": [131, 109], "uv_size": [1, -1]}
							}
						},
						{
							"origin": [9.90855, 0.9791, 8.2549],
							"size": [0.4732, 7.57115, 0.4732],
							"uv": {
								"north": {"uv": [53, 111], "uv_size": [1, 8]},
								"east": {"uv": [55, 111], "uv_size": [1, 8]},
								"south": {"uv": [57, 111], "uv_size": [1, 8]},
								"west": {"uv": [59, 111], "uv_size": [1, 8]},
								"up": {"uv": [131, 122], "uv_size": [1, 1]},
								"down": {"uv": [131, 125], "uv_size": [1, -1]}
							}
						},
						{
							"origin": [9.19876, 0.0327, 6.59871],
							"size": [1.89279, 1.41959, 3.78558],
							"uv": {
								"north": {"uv": [130, 31], "uv_size": [2, 1]},
								"east": {"uv": [124, 94], "uv_size": [4, 1]},
								"south": {"uv": [33, 130], "uv_size": [2, 1]},
								"west": {"uv": [124, 96], "uv_size": [4, 1]},
								"up": {"uv": [111, 50], "uv_size": [2, 4]},
								"down": {"uv": [111, 86], "uv_size": [2, -4]}
							}
						},
						{
							"origin": [9.19876, 1.41866, 3.2527],
							"size": [1.89279, 1.4196, 3.78558],
							"pivot": [10.14515, 1.41866, 5.14549],
							"rotation": [-45, 0, 0],
							"uv": {
								"north": {"uv": [130, 33], "uv_size": [2, 1]},
								"east": {"uv": [124, 98], "uv_size": [4, 1]},
								"south": {"uv": [130, 35], "uv_size": [2, 1]},
								"west": {"uv": [124, 100], "uv_size": [4, 1]},
								"up": {"uv": [111, 87], "uv_size": [2, 4]},
								"down": {"uv": [112, 36], "uv_size": [2, -4]}
							}
						},
						{
							"origin": [9.19876, 4.76467, 1.86674],
							"size": [1.89279, 1.4196, 3.78558],
							"pivot": [10.14515, 4.76467, 3.75953],
							"rotation": [-90, 0, 0],
							"uv": {
								"north": {"uv": [130, 37], "uv_size": [2, 1]},
								"east": {"uv": [124, 102], "uv_size": [4, 1]},
								"south": {"uv": [130, 39], "uv_size": [2, 1]},
								"west": {"uv": [124, 104], "uv_size": [4, 1]},
								"up": {"uv": [112, 37], "uv_size": [2, 4]},
								"down": {"uv": [112, 46], "uv_size": [2, -4]}
							}
						},
						{
							"origin": [9.19876, 8.11069, 3.2527],
							"size": [1.89279, 1.41959, 3.78558],
							"pivot": [10.14515, 8.11069, 5.14549],
							"rotation": [-135, 0, 0],
							"uv": {
								"north": {"uv": [130, 41], "uv_size": [2, 1]},
								"east": {"uv": [124, 106], "uv_size": [4, 1]},
								"south": {"uv": [130, 43], "uv_size": [2, 1]},
								"west": {"uv": [124, 108], "uv_size": [4, 1]},
								"up": {"uv": [112, 68], "uv_size": [2, 4]},
								"down": {"uv": [69, 116], "uv_size": [2, -4]}
							}
						},
						{
							"origin": [9.19876, 9.49665, 6.59871],
							"size": [1.89279, 1.41959, 3.78558],
							"pivot": [10.14515, 9.49665, 8.4915],
							"rotation": [180, 0, 0],
							"uv": {
								"north": {"uv": [44, 130], "uv_size": [2, 1]},
								"east": {"uv": [124, 110], "uv_size": [4, 1]},
								"south": {"uv": [130, 45], "uv_size": [2, 1]},
								"west": {"uv": [124, 112], "uv_size": [4, 1]},
								"up": {"uv": [112, 73], "uv_size": [2, 4]},
								"down": {"uv": [112, 96], "uv_size": [2, -4]}
							}
						},
						{
							"origin": [9.19876, 8.11069, 9.94472],
							"size": [1.89279, 1.41959, 3.78558],
							"pivot": [10.14515, 8.11069, 11.83751],
							"rotation": [135, 0, 0],
							"uv": {
								"north": {"uv": [130, 47], "uv_size": [2, 1]},
								"east": {"uv": [124, 114], "uv_size": [4, 1]},
								"south": {"uv": [130, 49], "uv_size": [2, 1]},
								"west": {"uv": [124, 116], "uv_size": [4, 1]},
								"up": {"uv": [112, 97], "uv_size": [2, 4]},
								"down": {"uv": [112, 106], "uv_size": [2, -4]}
							}
						},
						{
							"origin": [9.19876, 4.76467, 11.33068],
							"size": [1.89279, 1.4196, 3.78558],
							"pivot": [10.14515, 4.76467, 13.22347],
							"rotation": [90, 0, 0],
							"uv": {
								"north": {"uv": [130, 51], "uv_size": [2, 1]},
								"east": {"uv": [124, 118], "uv_size": [4, 1]},
								"south": {"uv": [130, 53], "uv_size": [2, 1]},
								"west": {"uv": [124, 120], "uv_size": [4, 1]},
								"up": {"uv": [112, 107], "uv_size": [2, 4]},
								"down": {"uv": [112, 116], "uv_size": [2, -4]}
							}
						},
						{
							"origin": [9.19876, 1.41866, 9.94472],
							"size": [1.89279, 1.4196, 3.78558],
							"pivot": [10.14515, 1.41866, 11.83751],
							"rotation": [45, 0, 0],
							"uv": {
								"north": {"uv": [130, 55], "uv_size": [2, 1]},
								"east": {"uv": [125, 0], "uv_size": [4, 1]},
								"south": {"uv": [130, 57], "uv_size": [2, 1]},
								"west": {"uv": [125, 2], "uv_size": [4, 1]},
								"up": {"uv": [113, 0], "uv_size": [2, 4]},
								"down": {"uv": [113, 9], "uv_size": [2, -4]}
							}
						},
						{
							"origin": [-12.03505, 3.81828, 7.54511],
							"size": [2.83629, 1.89279, 1.89278],
							"uv": {
								"north": {"uv": [118, 21], "uv_size": [3, 2]},
								"east": {"uv": [125, 4], "uv_size": [2, 2]},
								"south": {"uv": [118, 24], "uv_size": [3, 2]},
								"west": {"uv": [125, 7], "uv_size": [2, 2]},
								"up": {"uv": [118, 51], "uv_size": [3, 2]},
								"down": {"uv": [118, 56], "uv_size": [3, -2]}
							}
						},
						{
							"origin": [-11.09155, 0.0327, 6.59871],
							"size": [1.89279, 1.41959, 3.78558],
							"uv": {
								"north": {"uv": [130, 59], "uv_size": [2, 1]},
								"east": {"uv": [125, 10], "uv_size": [4, 1]},
								"south": {"uv": [130, 61], "uv_size": [2, 1]},
								"west": {"uv": [125, 12], "uv_size": [4, 1]},
								"up": {"uv": [113, 10], "uv_size": [2, 4]},
								"down": {"uv": [113, 19], "uv_size": [2, -4]}
							}
						},
						{
							"origin": [-11.09155, 1.41866, 3.2527],
							"size": [1.89279, 1.4196, 3.78558],
							"pivot": [-10.14515, 1.41866, 5.14549],
							"rotation": [-45, 0, 0],
							"uv": {
								"north": {"uv": [63, 130], "uv_size": [2, 1]},
								"east": {"uv": [125, 14], "uv_size": [4, 1]},
								"south": {"uv": [130, 63], "uv_size": [2, 1]},
								"west": {"uv": [19, 125], "uv_size": [4, 1]},
								"up": {"uv": [113, 20], "uv_size": [2, 4]},
								"down": {"uv": [113, 29], "uv_size": [2, -4]}
							}
						},
						{
							"origin": [-11.09155, 4.76467, 1.86674],
							"size": [1.89279, 1.4196, 3.78558],
							"pivot": [-10.14515, 4.76467, 3.75953],
							"rotation": [-90, 0, 0],
							"uv": {
								"north": {"uv": [130, 68], "uv_size": [2, 1]},
								"east": {"uv": [24, 125], "uv_size": [4, 1]},
								"south": {"uv": [130, 70], "uv_size": [2, 1]},
								"west": {"uv": [29, 125], "uv_size": [4, 1]},
								"up": {"uv": [113, 55], "uv_size": [2, 4]},
								"down": {"uv": [113, 64], "uv_size": [2, -4]}
							}
						},
						{
							"origin": [-11.09155, 8.11069, 3.2527],
							"size": [1.89279, 1.41959, 3.78558],
							"pivot": [-10.14515, 8.11069, 5.14549],
							"rotation": [-135, 0, 0],
							"uv": {
								"north": {"uv": [130, 72], "uv_size": [2, 1]},
								"east": {"uv": [40, 125], "uv_size": [4, 1]},
								"south": {"uv": [130, 74], "uv_size": [2, 1]},
								"west": {"uv": [57, 125], "uv_size": [4, 1]},
								"up": {"uv": [61, 113], "uv_size": [2, 4]},
								"down": {"uv": [109, 117], "uv_size": [2, -4]}
							}
						},
						{
							"origin": [-11.09155, 9.49665, 6.59871],
							"size": [1.89279, 1.41959, 3.78558],
							"pivot": [-10.14515, 9.49665, 8.4915],
							"rotation": [180, 0, 0],
							"uv": {
								"north": {"uv": [130, 76], "uv_size": [2, 1]},
								"east": {"uv": [66, 125], "uv_size": [4, 1]},
								"south": {"uv": [130, 78], "uv_size": [2, 1]},
								"west": {"uv": [125, 68], "uv_size": [4, 1]},
								"up": {"uv": [21, 114], "uv_size": [2, 4]},
								"down": {"uv": [24, 118], "uv_size": [2, -4]}
							}
						},
						{
							"origin": [-11.09155, 8.11069, 9.94472],
							"size": [1.89279, 1.41959, 3.78558],
							"pivot": [-10.14515, 8.11069, 11.83751],
							"rotation": [135, 0, 0],
							"uv": {
								"north": {"uv": [80, 130], "uv_size": [2, 1]},
								"east": {"uv": [125, 70], "uv_size": [4, 1]},
								"south": {"uv": [130, 84], "uv_size": [2, 1]},
								"west": {"uv": [71, 125], "uv_size": [4, 1]},
								"up": {"uv": [27, 114], "uv_size": [2, 4]},
								"down": {"uv": [32, 118], "uv_size": [2, -4]}
							}
						},
						{
							"origin": [-11.09155, 4.76467, 11.33068],
							"size": [1.89279, 1.4196, 3.78558],
							"pivot": [-10.14515, 4.76467, 13.22347],
							"rotation": [90, 0, 0],
							"uv": {
								"north": {"uv": [130, 86], "uv_size": [2, 1]},
								"east": {"uv": [125, 75], "uv_size": [4, 1]},
								"south": {"uv": [109, 130], "uv_size": [2, 1]},
								"west": {"uv": [76, 125], "uv_size": [4, 1]},
								"up": {"uv": [35, 114], "uv_size": [2, 4]},
								"down": {"uv": [114, 51], "uv_size": [2, -4]}
							}
						},
						{
							"origin": [-11.09155, 1.41866, 9.94472],
							"size": [1.89279, 1.4196, 3.78558],
							"pivot": [-10.14515, 1.41866, 11.83751],
							"rotation": [45, 0, 0],
							"uv": {
								"north": {"uv": [112, 130], "uv_size": [2, 1]},
								"east": {"uv": [125, 77], "uv_size": [4, 1]},
								"south": {"uv": [115, 130], "uv_size": [2, 1]},
								"west": {"uv": [125, 79], "uv_size": [4, 1]},
								"up": {"uv": [114, 78], "uv_size": [2, 4]},
								"down": {"uv": [114, 87], "uv_size": [2, -4]}
							}
						},
						{
							"origin": [-10.38175, 0.9791, 8.2549],
							"size": [0.4732, 7.57115, 0.4732],
							"uv": {
								"north": {"uv": [38, 114], "uv_size": [1, 8]},
								"east": {"uv": [115, 30], "uv_size": [1, 8]},
								"south": {"uv": [40, 115], "uv_size": [1, 8]},
								"west": {"uv": [115, 65], "uv_size": [1, 8]},
								"up": {"uv": [131, 126], "uv_size": [1, 1]},
								"down": {"uv": [131, 129], "uv_size": [1, -1]}
							}
						},
						{
							"origin": [-10.38175, 0.9791, 8.2549],
							"size": [0.4732, 7.57115, 0.4732],
							"pivot": [-10.14515, 4.76468, 8.4915],
							"rotation": [-90, 0, 0],
							"uv": {
								"north": {"uv": [115, 88], "uv_size": [1, 8]},
								"east": {"uv": [115, 97], "uv_size": [1, 8]},
								"south": {"uv": [115, 106], "uv_size": [1, 8]},
								"west": {"uv": [115, 115], "uv_size": [1, 8]},
								"up": {"uv": [0, 132], "uv_size": [1, 1]},
								"down": {"uv": [2, 133], "uv_size": [1, -1]}
							}
						},
						{
							"origin": [-10.38175, 0.9791, 8.2549],
							"size": [0.4732, 7.57115, 0.4732],
							"pivot": [-10.14515, 4.76468, 8.4915],
							"rotation": [-45, 0, 0],
							"uv": {
								"north": {"uv": [116, 0], "uv_size": [1, 8]},
								"east": {"uv": [116, 9], "uv_size": [1, 8]},
								"south": {"uv": [116, 18], "uv_size": [1, 8]},
								"west": {"uv": [116, 52], "uv_size": [1, 8]},
								"up": {"uv": [4, 132], "uv_size": [1, 1]},
								"down": {"uv": [6, 133], "uv_size": [1, -1]}
							}
						},
						{
							"origin": [-10.38175, 0.9791, 8.2549],
							"size": [0.4732, 7.57115, 0.4732],
							"pivot": [-10.14515, 4.76468, 8.4915],
							"rotation": [45, 0, 0],
							"uv": {
								"north": {"uv": [117, 27], "uv_size": [1, 8]},
								"east": {"uv": [117, 36], "uv_size": [1, 8]},
								"south": {"uv": [117, 61], "uv_size": [1, 8]},
								"west": {"uv": [64, 117], "uv_size": [1, 8]},
								"up": {"uv": [14, 132], "uv_size": [1, 1]},
								"down": {"uv": [16, 133], "uv_size": [1, -1]}
							}
						}
					]
				},
				{
					"name": "bone5",
					"parent": "bone3",
					"pivot": [11.08865, 4.76467, 8.4915],
					"cubes": [
						{
							"origin": [10.34128, 4.76496, 10.73474],
							"size": [1.49474, 2.30029, 2.99004],
							"inflate": 0.005,
							"pivot": [11.08865, 4.76467, 12.22976],
							"rotation": [90, 0, 0],
							"uv": {
								"north": {"uv": [36, 130], "uv_size": [1, 2]},
								"east": {"uv": [118, 57], "uv_size": [3, 2]},
								"south": {"uv": [83, 130], "uv_size": [1, 2]},
								"west": {"uv": [106, 118], "uv_size": [3, 2]},
								"up": {"uv": [127, 89], "uv_size": [1, 3]},
								"down": {"uv": [128, 7], "uv_size": [1, -3]}
							}
						},
						{
							"origin": [10.341, 7.40802, 9.63954],
							"size": [1.49531, 1.82911, 2.99061],
							"pivot": [11.08865, 7.40802, 11.13485],
							"rotation": [135, 0, 0],
							"uv": {
								"north": {"uv": [118, 130], "uv_size": [1, 2]},
								"east": {"uv": [110, 118], "uv_size": [3, 2]},
								"south": {"uv": [120, 130], "uv_size": [1, 2]},
								"west": {"uv": [18, 119], "uv_size": [3, 2]},
								"up": {"uv": [128, 26], "uv_size": [1, 3]},
								"down": {"uv": [128, 33], "uv_size": [1, -3]}
							}
						},
						{
							"origin": [10.34157, 8.5035, 6.99676],
							"size": [1.49417, 3.71497, 2.98948],
							"inflate": 0.01,
							"pivot": [11.08865, 8.50293, 8.4915],
							"rotation": [180, 0, 0],
							"uv": {
								"north": {"uv": [62, 123], "uv_size": [1, 4]},
								"east": {"uv": [86, 103], "uv_size": [3, 4]},
								"south": {"uv": [115, 124], "uv_size": [1, 4]},
								"west": {"uv": [90, 103], "uv_size": [3, 4]},
								"up": {"uv": [128, 34], "uv_size": [1, 3]},
								"down": {"uv": [38, 131], "uv_size": [1, -3]}
							}
						},
						{
							"origin": [10.341, 7.40802, 4.35285],
							"size": [1.49531, 1.82911, 2.99061],
							"pivot": [11.08865, 7.40802, 5.84815],
							"rotation": [-135, 0, 0],
							"uv": {
								"north": {"uv": [122, 130], "uv_size": [1, 2]},
								"east": {"uv": [22, 119], "uv_size": [3, 2]},
								"south": {"uv": [124, 130], "uv_size": [1, 2]},
								"west": {"uv": [26, 119], "uv_size": [3, 2]},
								"up": {"uv": [128, 38], "uv_size": [1, 3]},
								"down": {"uv": [128, 45], "uv_size": [1, -3]}
							}
						},
						{
							"origin": [10.34128, 4.76496, 3.25822],
							"size": [1.49474, 2.30029, 2.99004],
							"inflate": 0.005,
							"pivot": [11.08865, 4.76467, 4.75324],
							"rotation": [-90, 0, 0],
							"uv": {
								"north": {"uv": [126, 130], "uv_size": [1, 2]},
								"east": {"uv": [119, 27], "uv_size": [3, 2]},
								"south": {"uv": [128, 130], "uv_size": [1, 2]},
								"west": {"uv": [30, 119], "uv_size": [3, 2]},
								"up": {"uv": [128, 46], "uv_size": [1, 3]},
								"down": {"uv": [47, 131], "uv_size": [1, -3]}
							}
						},
						{
							"origin": [10.341, 2.12133, 4.35285],
							"size": [1.49531, 1.8291, 2.99061],
							"pivot": [11.08865, 2.12133, 5.84815],
							"rotation": [-45, 0, 0],
							"uv": {
								"north": {"uv": [130, 130], "uv_size": [1, 2]},
								"east": {"uv": [119, 30], "uv_size": [3, 2]},
								"south": {"uv": [8, 131], "uv_size": [1, 2]},
								"west": {"uv": [119, 33], "uv_size": [3, 2]},
								"up": {"uv": [49, 128], "uv_size": [1, 3]},
								"down": {"uv": [128, 53], "uv_size": [1, -3]}
							}
						},
						{
							"origin": [10.34157, 1.02698, 6.99676],
							"size": [1.49417, 3.71497, 2.98948],
							"inflate": 0.01,
							"uv": {
								"north": {"uv": [34, 125], "uv_size": [1, 4]},
								"east": {"uv": [94, 103], "uv_size": [3, 4]},
								"south": {"uv": [36, 125], "uv_size": [1, 4]},
								"west": {"uv": [98, 103], "uv_size": [3, 4]},
								"up": {"uv": [51, 128], "uv_size": [1, 3]},
								"down": {"uv": [53, 131], "uv_size": [1, -3]}
							}
						},
						{
							"origin": [10.341, 2.12133, 9.63954],
							"size": [1.49531, 1.8291, 2.99061],
							"pivot": [11.08865, 2.12133, 11.13485],
							"rotation": [45, 0, 0],
							"uv": {
								"north": {"uv": [10, 131], "uv_size": [1, 2]},
								"east": {"uv": [34, 119], "uv_size": [3, 2]},
								"south": {"uv": [12, 131], "uv_size": [1, 2]},
								"west": {"uv": [119, 36], "uv_size": [3, 2]},
								"up": {"uv": [128, 54], "uv_size": [1, 3]},
								"down": {"uv": [55, 131], "uv_size": [1, -3]}
							}
						},
						{
							"origin": [-11.83631, 2.12133, 9.63954],
							"size": [1.49531, 1.8291, 2.99061],
							"pivot": [-11.08865, 2.12133, 11.13485],
							"rotation": [45, 0, 0],
							"uv": {
								"north": {"uv": [131, 16], "uv_size": [1, 2]},
								"east": {"uv": [119, 39], "uv_size": [3, 2]},
								"south": {"uv": [19, 131], "uv_size": [1, 2]},
								"west": {"uv": [119, 42], "uv_size": [3, 2]},
								"up": {"uv": [128, 58], "uv_size": [1, 3]},
								"down": {"uv": [61, 131], "uv_size": [1, -3]}
							}
						},
						{
							"origin": [-11.83574, 1.02698, 6.99676],
							"size": [1.49417, 3.71497, 2.98948],
							"inflate": 0.01,
							"uv": {
								"north": {"uv": [45, 125], "uv_size": [1, 4]},
								"east": {"uv": [102, 103], "uv_size": [3, 4]},
								"south": {"uv": [81, 125], "uv_size": [1, 4]},
								"west": {"uv": [4, 104], "uv_size": [3, 4]},
								"up": {"uv": [128, 62], "uv_size": [1, 3]},
								"down": {"uv": [85, 131], "uv_size": [1, -3]}
							}
						},
						{
							"origin": [-11.83631, 2.12133, 4.35285],
							"size": [1.49531, 1.8291, 2.99061],
							"pivot": [-11.08865, 2.12133, 5.84815],
							"rotation": [-45, 0, 0],
							"uv": {
								"north": {"uv": [131, 19], "uv_size": [1, 2]},
								"east": {"uv": [119, 60], "uv_size": [3, 2]},
								"south": {"uv": [21, 131], "uv_size": [1, 2]},
								"west": {"uv": [119, 63], "uv_size": [3, 2]},
								"up": {"uv": [128, 85], "uv_size": [1, 3]},
								"down": {"uv": [87, 131], "uv_size": [1, -3]}
							}
						},
						{
							"origin": [-11.83602, 4.76496, 3.25822],
							"size": [1.49474, 2.30029, 2.99004],
							"inflate": 0.005,
							"pivot": [-11.08865, 4.76467, 4.75324],
							"rotation": [-90, 0, 0],
							"uv": {
								"north": {"uv": [131, 22], "uv_size": [1, 2]},
								"east": {"uv": [119, 66], "uv_size": [3, 2]},
								"south": {"uv": [23, 131], "uv_size": [1, 2]},
								"west": {"uv": [117, 119], "uv_size": [3, 2]},
								"up": {"uv": [89, 128], "uv_size": [1, 3]},
								"down": {"uv": [91, 131], "uv_size": [1, -3]}
							}
						},
						{
							"origin": [-11.83631, 7.40802, 4.35285],
							"size": [1.49531, 1.82911, 2.99061],
							"pivot": [-11.08865, 7.40802, 5.84815],
							"rotation": [-135, 0, 0],
							"uv": {
								"north": {"uv": [25, 131], "uv_size": [1, 2]},
								"east": {"uv": [42, 120], "uv_size": [3, 2]},
								"south": {"uv": [27, 131], "uv_size": [1, 2]},
								"west": {"uv": [46, 120], "uv_size": [3, 2]},
								"up": {"uv": [93, 128], "uv_size": [1, 3]},
								"down": {"uv": [95, 131], "uv_size": [1, -3]}
							}
						},
						{
							"origin": [-11.83574, 8.5035, 6.99676],
							"size": [1.49417, 3.71497, 2.98948],
							"inflate": 0.01,
							"pivot": [-11.08865, 8.50293, 8.4915],
							"rotation": [180, 0, 0],
							"uv": {
								"north": {"uv": [125, 81], "uv_size": [1, 4]},
								"east": {"uv": [34, 104], "uv_size": [3, 4]},
								"south": {"uv": [83, 125], "uv_size": [1, 4]},
								"west": {"uv": [104, 51], "uv_size": [3, 4]},
								"up": {"uv": [97, 128], "uv_size": [1, 3]},
								"down": {"uv": [99, 131], "uv_size": [1, -3]}
							}
						},
						{
							"origin": [-11.83631, 7.40802, 9.63954],
							"size": [1.49531, 1.82911, 2.99061],
							"pivot": [-11.08865, 7.40802, 11.13485],
							"rotation": [135, 0, 0],
							"uv": {
								"north": {"uv": [29, 131], "uv_size": [1, 2]},
								"east": {"uv": [50, 120], "uv_size": [3, 2]},
								"south": {"uv": [31, 131], "uv_size": [1, 2]},
								"west": {"uv": [54, 120], "uv_size": [3, 2]},
								"up": {"uv": [101, 128], "uv_size": [1, 3]},
								"down": {"uv": [103, 131], "uv_size": [1, -3]}
							}
						},
						{
							"origin": [-11.83602, 4.76496, 10.73474],
							"size": [1.49474, 2.30029, 2.99004],
							"inflate": 0.005,
							"pivot": [-11.08865, 4.76467, 12.22976],
							"rotation": [90, 0, 0],
							"uv": {
								"north": {"uv": [40, 131], "uv_size": [1, 2]},
								"east": {"uv": [58, 120], "uv_size": [3, 2]},
								"south": {"uv": [42, 131], "uv_size": [1, 2]},
								"west": {"uv": [66, 120], "uv_size": [3, 2]},
								"up": {"uv": [105, 128], "uv_size": [1, 3]},
								"down": {"uv": [107, 131], "uv_size": [1, -3]}
							}
						}
					]
				},
				{
					"name": "bone",
					"parent": "bone6",
					"pivot": [0, 4.76468, -8.4915],
					"cubes": [
						{
							"origin": [9.19876, 3.81828, -9.43789],
							"size": [2.83629, 1.89279, 1.89278],
							"uv": {
								"north": {"uv": [66, 117], "uv_size": [3, 2]},
								"east": {"uv": [5, 96], "uv_size": [2, 2]},
								"south": {"uv": [70, 117], "uv_size": [3, 2]},
								"west": {"uv": [35, 122], "uv_size": [2, 2]},
								"up": {"uv": [117, 70], "uv_size": [3, 2]},
								"down": {"uv": [74, 119], "uv_size": [3, -2]}
							}
						},
						{
							"origin": [-12.27382, 4.0556, -9.20057],
							"size": [24.54764, 1.41815, 1.41814],
							"uv": {
								"north": {"uv": [68, 79], "uv_size": [25, 1]},
								"east": {"uv": [70, 131], "uv_size": [1, 1]},
								"south": {"uv": [0, 81], "uv_size": [25, 1]},
								"west": {"uv": [72, 131], "uv_size": [1, 1]},
								"up": {"uv": [68, 81], "uv_size": [25, 1]},
								"down": {"uv": [26, 83], "uv_size": [25, -1]}
							}
						},
						{
							"origin": [9.90855, 0.9791, -8.7281],
							"size": [0.4732, 7.57115, 0.4732],
							"pivot": [10.14515, 4.76468, -8.4915],
							"rotation": [45, 0, 0],
							"uv": {
								"north": {"uv": [91, 108], "uv_size": [1, 8]},
								"east": {"uv": [93, 108], "uv_size": [1, 8]},
								"south": {"uv": [95, 108], "uv_size": [1, 8]},
								"west": {"uv": [97, 108], "uv_size": [1, 8]},
								"up": {"uv": [131, 8], "uv_size": [1, 1]},
								"down": {"uv": [68, 132], "uv_size": [1, -1]}
							}
						},
						{
							"origin": [9.90855, 0.9791, -8.7281],
							"size": [0.4732, 7.57115, 0.4732],
							"pivot": [10.14515, 4.76468, -8.4915],
							"rotation": [-45, 0, 0],
							"uv": {
								"north": {"uv": [83, 108], "uv_size": [1, 8]},
								"east": {"uv": [85, 108], "uv_size": [1, 8]},
								"south": {"uv": [87, 108], "uv_size": [1, 8]},
								"west": {"uv": [89, 108], "uv_size": [1, 8]},
								"up": {"uv": [113, 30], "uv_size": [1, 1]},
								"down": {"uv": [125, 90], "uv_size": [1, -1]}
							}
						},
						{
							"origin": [9.90855, 0.9791, -8.7281],
							"size": [0.4732, 7.57115, 0.4732],
							"pivot": [10.14515, 4.76468, -8.4915],
							"rotation": [-90, 0, 0],
							"uv": {
								"north": {"uv": [75, 108], "uv_size": [1, 8]},
								"east": {"uv": [77, 108], "uv_size": [1, 8]},
								"south": {"uv": [79, 108], "uv_size": [1, 8]},
								"west": {"uv": [81, 108], "uv_size": [1, 8]},
								"up": {"uv": [70, 100], "uv_size": [1, 1]},
								"down": {"uv": [34, 103], "uv_size": [1, -1]}
							}
						},
						{
							"origin": [9.90855, 0.9791, -8.7281],
							"size": [0.4732, 7.57115, 0.4732],
							"uv": {
								"north": {"uv": [32, 105], "uv_size": [1, 8]},
								"east": {"uv": [65, 108], "uv_size": [1, 8]},
								"south": {"uv": [67, 108], "uv_size": [1, 8]},
								"west": {"uv": [73, 108], "uv_size": [1, 8]},
								"up": {"uv": [88, 9], "uv_size": [1, 1]},
								"down": {"uv": [99, 69], "uv_size": [1, -1]}
							}
						},
						{
							"origin": [9.19876, 0.0327, -10.38429],
							"size": [1.89279, 1.41959, 3.78558],
							"uv": {
								"north": {"uv": [32, 58], "uv_size": [2, 1]},
								"east": {"uv": [27, 58], "uv_size": [4, 1]},
								"south": {"uv": [37, 80], "uv_size": [2, 1]},
								"west": {"uv": [32, 80], "uv_size": [4, 1]},
								"up": {"uv": [38, 104], "uv_size": [2, 4]},
								"down": {"uv": [105, 34], "uv_size": [2, -4]}
							}
						},
						{
							"origin": [9.19876, 1.41866, -13.7303],
							"size": [1.89279, 1.4196, 3.78558],
							"pivot": [10.14515, 1.41866, -11.83751],
							"rotation": [-45, 0, 0],
							"uv": {
								"north": {"uv": [49, 84], "uv_size": [2, 1]},
								"east": {"uv": [83, 9], "uv_size": [4, 1]},
								"south": {"uv": [106, 18], "uv_size": [2, 1]},
								"west": {"uv": [44, 84], "uv_size": [4, 1]},
								"up": {"uv": [41, 105], "uv_size": [2, 4]},
								"down": {"uv": [105, 90], "uv_size": [2, -4]}
							}
						},
						{
							"origin": [9.19876, 4.76467, -15.11626],
							"size": [1.89279, 1.4196, 3.78558],
							"pivot": [10.14515, 4.76467, -13.22347],
							"rotation": [-90, 0, 0],
							"uv": {
								"north": {"uv": [127, 72], "uv_size": [2, 1]},
								"east": {"uv": [84, 77], "uv_size": [4, 1]},
								"south": {"uv": [128, 8], "uv_size": [2, 1]},
								"west": {"uv": [13, 89], "uv_size": [4, 1]},
								"up": {"uv": [0, 106], "uv_size": [2, 4]},
								"down": {"uv": [44, 110], "uv_size": [2, -4]}
							}
						},
						{
							"origin": [9.19876, 8.11069, -13.7303],
							"size": [1.89279, 1.41959, 3.78558],
							"pivot": [10.14515, 8.11069, -11.83751],
							"rotation": [-135, 0, 0],
							"uv": {
								"north": {"uv": [128, 66], "uv_size": [2, 1]},
								"east": {"uv": [89, 77], "uv_size": [4, 1]},
								"south": {"uv": [109, 128], "uv_size": [2, 1]},
								"west": {"uv": [123, 28], "uv_size": [4, 1]},
								"up": {"uv": [47, 106], "uv_size": [2, 4]},
								"down": {"uv": [50, 110], "uv_size": [2, -4]}
							}
						},
						{
							"origin": [9.19876, 9.49665, -10.38429],
							"size": [1.89279, 1.41959, 3.78558],
							"pivot": [10.14515, 9.49665, -8.4915],
							"rotation": [180, 0, 0],
							"uv": {
								"north": {"uv": [112, 128], "uv_size": [2, 1]},
								"east": {"uv": [123, 30], "uv_size": [4, 1]},
								"south": {"uv": [117, 128], "uv_size": [2, 1]},
								"west": {"uv": [123, 32], "uv_size": [4, 1]},
								"up": {"uv": [53, 106], "uv_size": [2, 4]},
								"down": {"uv": [56, 110], "uv_size": [2, -4]}
							}
						},
						{
							"origin": [9.19876, 8.11069, -7.03828],
							"size": [1.89279, 1.41959, 3.78558],
							"pivot": [10.14515, 8.11069, -5.14549],
							"rotation": [135, 0, 0],
							"uv": {
								"north": {"uv": [120, 128], "uv_size": [2, 1]},
								"east": {"uv": [123, 34], "uv_size": [4, 1]},
								"south": {"uv": [128, 122], "uv_size": [2, 1]},
								"west": {"uv": [123, 36], "uv_size": [4, 1]},
								"up": {"uv": [59, 106], "uv_size": [2, 4]},
								"down": {"uv": [106, 107], "uv_size": [2, -4]}
							}
						},
						{
							"origin": [9.19876, 4.76467, -5.65232],
							"size": [1.89279, 1.4196, 3.78558],
							"pivot": [10.14515, 4.76467, -3.75953],
							"rotation": [90, 0, 0],
							"uv": {
								"north": {"uv": [123, 128], "uv_size": [2, 1]},
								"east": {"uv": [123, 38], "uv_size": [4, 1]},
								"south": {"uv": [128, 124], "uv_size": [2, 1]},
								"west": {"uv": [123, 40], "uv_size": [4, 1]},
								"up": {"uv": [70, 107], "uv_size": [2, 4]},
								"down": {"uv": [108, 34], "uv_size": [2, -4]}
							}
						},
						{
							"origin": [9.19876, 1.41866, -7.03828],
							"size": [1.89279, 1.4196, 3.78558],
							"pivot": [10.14515, 1.41866, -5.14549],
							"rotation": [45, 0, 0],
							"uv": {
								"north": {"uv": [128, 126], "uv_size": [2, 1]},
								"east": {"uv": [42, 123], "uv_size": [4, 1]},
								"south": {"uv": [128, 128], "uv_size": [2, 1]},
								"west": {"uv": [123, 42], "uv_size": [4, 1]},
								"up": {"uv": [108, 51], "uv_size": [2, 4]},
								"down": {"uv": [62, 112], "uv_size": [2, -4]}
							}
						},
						{
							"origin": [-12.03505, 3.81828, -9.43789],
							"size": [2.83629, 1.89279, 1.89278],
							"uv": {
								"north": {"uv": [6, 118], "uv_size": [3, 2]},
								"east": {"uv": [10, 124], "uv_size": [2, 2]},
								"south": {"uv": [118, 6], "uv_size": [3, 2]},
								"west": {"uv": [13, 124], "uv_size": [2, 2]},
								"up": {"uv": [118, 9], "uv_size": [3, 2]},
								"down": {"uv": [10, 120], "uv_size": [3, -2]}
							}
						},
						{
							"origin": [-11.09155, 0.0327, -10.38429],
							"size": [1.89279, 1.41959, 3.78558],
							"uv": {
								"north": {"uv": [130, 27], "uv_size": [2, 1]},
								"east": {"uv": [0, 124], "uv_size": [4, 1]},
								"south": {"uv": [130, 29], "uv_size": [2, 1]},
								"west": {"uv": [5, 124], "uv_size": [4, 1]},
								"up": {"uv": [110, 56], "uv_size": [2, 4]},
								"down": {"uv": [110, 65], "uv_size": [2, -4]}
							}
						},
						{
							"origin": [-11.09155, 1.41866, -13.7303],
							"size": [1.89279, 1.4196, 3.78558],
							"pivot": [-10.14515, 1.41866, -11.83751],
							"rotation": [-45, 0, 0],
							"uv": {
								"north": {"uv": [130, 14], "uv_size": [2, 1]},
								"east": {"uv": [101, 123], "uv_size": [4, 1]},
								"south": {"uv": [130, 25], "uv_size": [2, 1]},
								"west": {"uv": [121, 123], "uv_size": [4, 1]},
								"up": {"uv": [110, 9], "uv_size": [2, 4]},
								"down": {"uv": [40, 114], "uv_size": [2, -4]}
							}
						},
						{
							"origin": [-11.09155, 4.76467, -15.11626],
							"size": [1.89279, 1.4196, 3.78558],
							"pivot": [-10.14515, 4.76467, -13.22347],
							"rotation": [-90, 0, 0],
							"uv": {
								"north": {"uv": [130, 10], "uv_size": [2, 1]},
								"east": {"uv": [91, 123], "uv_size": [4, 1]},
								"south": {"uv": [130, 12], "uv_size": [2, 1]},
								"west": {"uv": [96, 123], "uv_size": [4, 1]},
								"up": {"uv": [109, 103], "uv_size": [2, 4]},
								"down": {"uv": [109, 112], "uv_size": [2, -4]}
							}
						},
						{
							"origin": [-11.09155, 8.11069, -13.7303],
							"size": [1.89279, 1.41959, 3.78558],
							"pivot": [-10.14515, 8.11069, -11.83751],
							"rotation": [-135, 0, 0],
							"uv": {
								"north": {"uv": [130, 4], "uv_size": [2, 1]},
								"east": {"uv": [81, 123], "uv_size": [4, 1]},
								"south": {"uv": [130, 6], "uv_size": [2, 1]},
								"west": {"uv": [86, 123], "uv_size": [4, 1]},
								"up": {"uv": [109, 45], "uv_size": [2, 4]},
								"down": {"uv": [109, 72], "uv_size": [2, -4]}
							}
						},
						{
							"origin": [-11.09155, 9.49665, -10.38429],
							"size": [1.89279, 1.41959, 3.78558],
							"pivot": [-10.14515, 9.49665, -8.4915],
							"rotation": [180, 0, 0],
							"uv": {
								"north": {"uv": [130, 0], "uv_size": [2, 1]},
								"east": {"uv": [71, 123], "uv_size": [4, 1]},
								"south": {"uv": [130, 2], "uv_size": [2, 1]},
								"west": {"uv": [76, 123], "uv_size": [4, 1]},
								"up": {"uv": [37, 109], "uv_size": [2, 4]},
								"down": {"uv": [109, 44], "uv_size": [2, -4]}
							}
						},
						{
							"origin": [-11.09155, 8.11069, -7.03828],
							"size": [1.89279, 1.41959, 3.78558],
							"pivot": [-10.14515, 8.11069, -5.14549],
							"rotation": [135, 0, 0],
							"uv": {
								"north": {"uv": [129, 118], "uv_size": [2, 1]},
								"east": {"uv": [66, 123], "uv_size": [4, 1]},
								"south": {"uv": [129, 120], "uv_size": [2, 1]},
								"west": {"uv": [123, 66], "uv_size": [4, 1]},
								"up": {"uv": [34, 109], "uv_size": [2, 4]},
								"down": {"uv": [109, 39], "uv_size": [2, -4]}
							}
						},
						{
							"origin": [-11.09155, 4.76467, -5.65232],
							"size": [1.89279, 1.4196, 3.78558],
							"pivot": [-10.14515, 4.76467, -3.75953],
							"rotation": [90, 0, 0],
							"uv": {
								"north": {"uv": [129, 114], "uv_size": [2, 1]},
								"east": {"uv": [123, 62], "uv_size": [4, 1]},
								"south": {"uv": [129, 116], "uv_size": [2, 1]},
								"west": {"uv": [123, 64], "uv_size": [4, 1]},
								"up": {"uv": [24, 109], "uv_size": [2, 4]},
								"down": {"uv": [27, 113], "uv_size": [2, -4]}
							}
						},
						{
							"origin": [-11.09155, 1.41866, -7.03828],
							"size": [1.89279, 1.4196, 3.78558],
							"pivot": [-10.14515, 1.41866, -5.14549],
							"rotation": [45, 0, 0],
							"uv": {
								"north": {"uv": [129, 110], "uv_size": [2, 1]},
								"east": {"uv": [57, 123], "uv_size": [4, 1]},
								"south": {"uv": [129, 112], "uv_size": [2, 1]},
								"west": {"uv": [123, 60], "uv_size": [4, 1]},
								"up": {"uv": [108, 86], "uv_size": [2, 4]},
								"down": {"uv": [21, 113], "uv_size": [2, -4]}
							}
						},
						{
							"origin": [-10.38175, 0.9791, -8.7281],
							"size": [0.4732, 7.57115, 0.4732],
							"uv": {
								"north": {"uv": [15, 109], "uv_size": [1, 8]},
								"east": {"uv": [17, 109], "uv_size": [1, 8]},
								"south": {"uv": [109, 18], "uv_size": [1, 8]},
								"west": {"uv": [19, 109], "uv_size": [1, 8]},
								"up": {"uv": [131, 90], "uv_size": [1, 1]},
								"down": {"uv": [131, 93], "uv_size": [1, -1]}
							}
						},
						{
							"origin": [-10.38175, 0.9791, -8.7281],
							"size": [0.4732, 7.57115, 0.4732],
							"pivot": [-10.14515, 4.76468, -8.4915],
							"rotation": [-90, 0, 0],
							"uv": {
								"north": {"uv": [7, 109], "uv_size": [1, 8]},
								"east": {"uv": [9, 109], "uv_size": [1, 8]},
								"south": {"uv": [11, 109], "uv_size": [1, 8]},
								"west": {"uv": [13, 109], "uv_size": [1, 8]},
								"up": {"uv": [131, 82], "uv_size": [1, 1]},
								"down": {"uv": [131, 89], "uv_size": [1, -1]}
							}
						},
						{
							"origin": [-10.38175, 0.9791, -8.7281],
							"size": [0.4732, 7.57115, 0.4732],
							"pivot": [-10.14515, 4.76468, -8.4915],
							"rotation": [-45, 0, 0],
							"uv": {
								"north": {"uv": [107, 108], "uv_size": [1, 8]},
								"east": {"uv": [109, 0], "uv_size": [1, 8]},
								"south": {"uv": [3, 109], "uv_size": [1, 8]},
								"west": {"uv": [5, 109], "uv_size": [1, 8]},
								"up": {"uv": [78, 131], "uv_size": [1, 1]},
								"down": {"uv": [131, 81], "uv_size": [1, -1]}
							}
						},
						{
							"origin": [-10.38175, 0.9791, -8.7281],
							"size": [0.4732, 7.57115, 0.4732],
							"pivot": [-10.14515, 4.76468, -8.4915],
							"rotation": [45, 0, 0],
							"uv": {
								"north": {"uv": [99, 108], "uv_size": [1, 8]},
								"east": {"uv": [101, 108], "uv_size": [1, 8]},
								"south": {"uv": [103, 108], "uv_size": [1, 8]},
								"west": {"uv": [105, 108], "uv_size": [1, 8]},
								"up": {"uv": [74, 131], "uv_size": [1, 1]},
								"down": {"uv": [76, 132], "uv_size": [1, -1]}
							}
						}
					]
				},
				{
					"name": "bone4",
					"parent": "bone",
					"pivot": [11.08865, 4.76467, -8.4915],
					"cubes": [
						{
							"origin": [10.34128, 4.76496, -6.24826],
							"size": [1.49474, 2.30029, 2.99004],
							"inflate": 0.005,
							"pivot": [11.08865, 4.76467, -4.75324],
							"rotation": [90, 0, 0],
							"uv": {
								"north": {"uv": [6, 129], "uv_size": [1, 2]},
								"east": {"uv": [94, 117], "uv_size": [3, 2]},
								"south": {"uv": [15, 129], "uv_size": [1, 2]},
								"west": {"uv": [117, 95], "uv_size": [3, 2]},
								"up": {"uv": [127, 22], "uv_size": [1, 3]},
								"down": {"uv": [23, 130], "uv_size": [1, -3]}
							}
						},
						{
							"origin": [10.341, 7.40802, -7.34346],
							"size": [1.49531, 1.82911, 2.99061],
							"pivot": [11.08865, 7.40802, -5.84815],
							"rotation": [135, 0, 0],
							"uv": {
								"north": {"uv": [2, 129], "uv_size": [1, 2]},
								"east": {"uv": [90, 117], "uv_size": [3, 2]},
								"south": {"uv": [4, 129], "uv_size": [1, 2]},
								"west": {"uv": [117, 92], "uv_size": [3, 2]},
								"up": {"uv": [19, 127], "uv_size": [1, 3]},
								"down": {"uv": [21, 130], "uv_size": [1, -3]}
							}
						},
						{
							"origin": [10.34157, 8.5035, -9.98624],
							"size": [1.49417, 3.71497, 2.98948],
							"inflate": 0.01,
							"pivot": [11.08865, 8.50293, -8.4915],
							"rotation": [180, 0, 0],
							"uv": {
								"north": {"uv": [38, 123], "uv_size": [1, 4]},
								"east": {"uv": [70, 102], "uv_size": [3, 4]},
								"south": {"uv": [47, 123], "uv_size": [1, 4]},
								"west": {"uv": [62, 103], "uv_size": [3, 4]},
								"up": {"uv": [11, 127], "uv_size": [1, 3]},
								"down": {"uv": [13, 130], "uv_size": [1, -3]}
							}
						},
						{
							"origin": [10.341, 7.40802, -12.63015],
							"size": [1.49531, 1.82911, 2.99061],
							"pivot": [11.08865, 7.40802, -11.13485],
							"rotation": [-135, 0, 0],
							"uv": {
								"north": {"uv": [115, 44], "uv_size": [1, 2]},
								"east": {"uv": [117, 86], "uv_size": [3, 2]},
								"south": {"uv": [0, 129], "uv_size": [1, 2]},
								"west": {"uv": [117, 89], "uv_size": [3, 2]},
								"up": {"uv": [126, 126], "uv_size": [1, 3]},
								"down": {"uv": [9, 130], "uv_size": [1, -3]}
							}
						},
						{
							"origin": [10.34128, 4.76496, -13.72478],
							"size": [1.49474, 2.30029, 2.99004],
							"inflate": 0.005,
							"pivot": [11.08865, 4.76467, -12.22976],
							"rotation": [-90, 0, 0],
							"uv": {
								"north": {"uv": [112, 47], "uv_size": [1, 2]},
								"east": {"uv": [117, 83], "uv_size": [3, 2]},
								"south": {"uv": [114, 52], "uv_size": [1, 2]},
								"west": {"uv": [86, 117], "uv_size": [3, 2]},
								"up": {"uv": [64, 126], "uv_size": [1, 3]},
								"down": {"uv": [126, 125], "uv_size": [1, -3]}
							}
						},
						{
							"origin": [10.341, 2.12133, -12.63015],
							"size": [1.49531, 1.8291, 2.99061],
							"pivot": [11.08865, 2.12133, -11.13485],
							"rotation": [-45, 0, 0],
							"uv": {
								"north": {"uv": [109, 27], "uv_size": [1, 2]},
								"east": {"uv": [117, 80], "uv_size": [3, 2]},
								"south": {"uv": [109, 83], "uv_size": [1, 2]},
								"west": {"uv": [82, 117], "uv_size": [3, 2]},
								"up": {"uv": [126, 52], "uv_size": [1, 3]},
								"down": {"uv": [126, 59], "uv_size": [1, -3]}
							}
						},
						{
							"origin": [10.34157, 1.02698, -9.98624],
							"size": [1.49417, 3.71497, 2.98948],
							"inflate": 0.01,
							"uv": {
								"north": {"uv": [115, 39], "uv_size": [1, 4]},
								"east": {"uv": [36, 54], "uv_size": [3, 4]},
								"south": {"uv": [62, 118], "uv_size": [1, 4]},
								"west": {"uv": [0, 101], "uv_size": [3, 4]},
								"up": {"uv": [126, 44], "uv_size": [1, 3]},
								"down": {"uv": [126, 51], "uv_size": [1, -3]}
							}
						},
						{
							"origin": [10.341, 2.12133, -7.34346],
							"size": [1.49531, 1.8291, 2.99061],
							"pivot": [11.08865, 2.12133, -5.84815],
							"rotation": [45, 0, 0],
							"uv": {
								"north": {"uv": [25, 66], "uv_size": [1, 2]},
								"east": {"uv": [117, 77], "uv_size": [3, 2]},
								"south": {"uv": [10, 99], "uv_size": [1, 2]},
								"west": {"uv": [78, 117], "uv_size": [3, 2]},
								"up": {"uv": [108, 62], "uv_size": [1, 3]},
								"down": {"uv": [112, 81], "uv_size": [1, -3]}
							}
						},
						{
							"origin": [-11.83631, 2.12133, -7.34346],
							"size": [1.49531, 1.8291, 2.99061],
							"pivot": [-11.08865, 2.12133, -5.84815],
							"rotation": [45, 0, 0],
							"uv": {
								"north": {"uv": [129, 104], "uv_size": [1, 2]},
								"east": {"uv": [2, 118], "uv_size": [3, 2]},
								"south": {"uv": [129, 107], "uv_size": [1, 2]},
								"west": {"uv": [118, 3], "uv_size": [3, 2]},
								"up": {"uv": [78, 127], "uv_size": [1, 3]},
								"down": {"uv": [127, 84], "uv_size": [1, -3]}
							}
						},
						{
							"origin": [-11.83574, 1.02698, -9.98624],
							"size": [1.49417, 3.71497, 2.98948],
							"inflate": 0.01,
							"uv": {
								"north": {"uv": [53, 123], "uv_size": [1, 4]},
								"east": {"uv": [78, 103], "uv_size": [3, 4]},
								"south": {"uv": [55, 123], "uv_size": [1, 4]},
								"west": {"uv": [82, 103], "uv_size": [3, 4]},
								"up": {"uv": [74, 127], "uv_size": [1, 3]},
								"down": {"uv": [76, 130], "uv_size": [1, -3]}
							}
						},
						{
							"origin": [-11.83631, 2.12133, -12.63015],
							"size": [1.49531, 1.8291, 2.99061],
							"pivot": [-11.08865, 2.12133, -11.13485],
							"rotation": [-45, 0, 0],
							"uv": {
								"north": {"uv": [129, 98], "uv_size": [1, 2]},
								"east": {"uv": [117, 116], "uv_size": [3, 2]},
								"south": {"uv": [129, 101], "uv_size": [1, 2]},
								"west": {"uv": [118, 0], "uv_size": [3, 2]},
								"up": {"uv": [70, 127], "uv_size": [1, 3]},
								"down": {"uv": [72, 130], "uv_size": [1, -3]}
							}
						},
						{
							"origin": [-11.83602, 4.76496, -13.72478],
							"size": [1.49474, 2.30029, 2.99004],
							"inflate": 0.005,
							"pivot": [-11.08865, 4.76467, -12.22976],
							"rotation": [-90, 0, 0],
							"uv": {
								"north": {"uv": [129, 92], "uv_size": [1, 2]},
								"east": {"uv": [117, 110], "uv_size": [3, 2]},
								"south": {"uv": [129, 95], "uv_size": [1, 2]},
								"west": {"uv": [117, 113], "uv_size": [3, 2]},
								"up": {"uv": [66, 127], "uv_size": [1, 3]},
								"down": {"uv": [68, 130], "uv_size": [1, -3]}
							}
						},
						{
							"origin": [-11.83631, 7.40802, -12.63015],
							"size": [1.49531, 1.82911, 2.99061],
							"pivot": [-11.08865, 7.40802, -11.13485],
							"rotation": [-135, 0, 0],
							"uv": {
								"north": {"uv": [129, 81], "uv_size": [1, 2]},
								"east": {"uv": [117, 104], "uv_size": [3, 2]},
								"south": {"uv": [129, 89], "uv_size": [1, 2]},
								"west": {"uv": [117, 107], "uv_size": [3, 2]},
								"up": {"uv": [57, 127], "uv_size": [1, 3]},
								"down": {"uv": [59, 130], "uv_size": [1, -3]}
							}
						},
						{
							"origin": [-11.83574, 8.5035, -9.98624],
							"size": [1.49417, 3.71497, 2.98948],
							"inflate": 0.01,
							"pivot": [-11.08865, 8.50293, -8.4915],
							"rotation": [180, 0, 0],
							"uv": {
								"north": {"uv": [49, 123], "uv_size": [1, 4]},
								"east": {"uv": [66, 103], "uv_size": [3, 4]},
								"south": {"uv": [51, 123], "uv_size": [1, 4]},
								"west": {"uv": [74, 103], "uv_size": [3, 4]},
								"up": {"uv": [40, 127], "uv_size": [1, 3]},
								"down": {"uv": [42, 130], "uv_size": [1, -3]}
							}
						},
						{
							"origin": [-11.83631, 7.40802, -7.34346],
							"size": [1.49531, 1.82911, 2.99061],
							"pivot": [-11.08865, 7.40802, -5.84815],
							"rotation": [135, 0, 0],
							"uv": {
								"north": {"uv": [129, 19], "uv_size": [1, 2]},
								"east": {"uv": [117, 101], "uv_size": [3, 2]},
								"south": {"uv": [129, 22], "uv_size": [1, 2]},
								"west": {"uv": [102, 117], "uv_size": [3, 2]},
								"up": {"uv": [29, 127], "uv_size": [1, 3]},
								"down": {"uv": [31, 130], "uv_size": [1, -3]}
							}
						},
						{
							"origin": [-11.83602, 4.76496, -6.24826],
							"size": [1.49474, 2.30029, 2.99004],
							"inflate": 0.005,
							"pivot": [-11.08865, 4.76467, -4.75324],
							"rotation": [90, 0, 0],
							"uv": {
								"north": {"uv": [129, 16], "uv_size": [1, 2]},
								"east": {"uv": [98, 117], "uv_size": [3, 2]},
								"south": {"uv": [17, 129], "uv_size": [1, 2]},
								"west": {"uv": [117, 98], "uv_size": [3, 2]},
								"up": {"uv": [25, 127], "uv_size": [1, 3]},
								"down": {"uv": [27, 130], "uv_size": [1, -3]}
							}
						}
					]
				},
				{
					"name": "PassengerLocator",
					"parent": "bone6",
					"pivot": [0, 9, 0]
				}
			]
		}
	]
}