{
	"format_version": "1.12.0",
	"minecraft:geometry": [
		{
			"description": {
				"identifier": "geometry.unknown",
				"texture_width": 512,
				"texture_height": 512,
				"visible_bounds_width": 7,
				"visible_bounds_height": 6,
				"visible_bounds_offset": [0, 1, 0]
			},
			"bones": [
				{
					"name": "LeftArm",
					"pivot": [1.4, 31.025, 0],
					"cubes": [
						{
							"origin": [-0.12119, 25.42772, -1.3],
							"size": [2.55, 5.5, 2.5],
							"uv": {
								"north": {"uv": [69, 88], "uv_size": [3, 6]},
								"east": {"uv": [89, 6], "uv_size": [3, 6]},
								"south": {"uv": [89, 13], "uv_size": [3, 6]},
								"west": {"uv": [89, 20], "uv_size": [3, 6]},
								"up": {"uv": [128, 69], "uv_size": [3, 3]},
								"down": {"uv": [128, 103], "uv_size": [3, -3]}
							}
						},
						{
							"origin": [0.08554, 30.29738, -1.28828],
							"size": [2.35, 1.4, 2.52828],
							"pivot": [1.01054, 30.59738, -0.48],
							"rotation": [0, 0, -25],
							"uv": {
								"north": {"uv": [195, 190], "uv_size": [2, 1]},
								"east": {"uv": [185, 186], "uv_size": [3, 1]},
								"south": {"uv": [195, 192], "uv_size": [2, 1]},
								"west": {"uv": [187, 2], "uv_size": [3, 1]},
								"up": {"uv": [93, 143], "uv_size": [2, 3]},
								"down": {"uv": [100, 149], "uv_size": [2, -3]}
							}
						},
						{
							"origin": [-0.05119, 24.11433, -0.81462],
							"size": [2.37333, 1.91, 1.62667],
							"pivot": [1.07881, 25.13933, -0.33796],
							"rotation": [45, 0, 0],
							"uv": {
								"north": {"uv": [162, 93], "uv_size": [2, 2]},
								"east": {"uv": [162, 96], "uv_size": [2, 2]},
								"south": {"uv": [101, 162], "uv_size": [2, 2]},
								"west": {"uv": [162, 106], "uv_size": [2, 2]},
								"up": {"uv": [162, 137], "uv_size": [2, 2]},
								"down": {"uv": [149, 164], "uv_size": [2, -2]}
							}
						}
					]
				},
				{
					"name": "bone12",
					"parent": "LeftArm",
					"pivot": [3.49238, 23.97937, -0.05],
					"cubes": [
						{
							"origin": [-0.5156, 25.83575, -0.83264],
							"size": [5.096, 2.8, 3.248],
							"pivot": [2.0324, 27.23575, 0.79136],
							"rotation": [0, 17.5, -15],
							"uv": {
								"north": {"uv": [101, 85], "uv_size": [5, 3]},
								"east": {"uv": [36, 130], "uv_size": [3, 3]},
								"south": {"uv": [101, 89], "uv_size": [5, 3]},
								"west": {"uv": [85, 130], "uv_size": [3, 3]},
								"up": {"uv": [0, 102], "uv_size": [5, 3]},
								"down": {"uv": [6, 105], "uv_size": [5, -3]}
							}
						},
						{
							"origin": [-0.5156, 25.83575, -2.51536],
							"size": [4.096, 2.8, 3.248],
							"pivot": [2.0324, 27.23575, -0.89136],
							"rotation": [0, -17.5, -15],
							"uv": {
								"north": {"uv": [12, 102], "uv_size": [5, 3]},
								"east": {"uv": [99, 130], "uv_size": [3, 3]},
								"south": {"uv": [102, 35], "uv_size": [5, 3]},
								"west": {"uv": [130, 106], "uv_size": [3, 3]},
								"up": {"uv": [102, 46], "uv_size": [5, 3]},
								"down": {"uv": [103, 3], "uv_size": [5, -3]}
							}
						},
						{
							"origin": [-0.17557, 25.55411, -1.97471],
							"size": [4.096, 2.8, 3.248],
							"pivot": [0.92443, 27.38611, -0.35071],
							"rotation": [0, 0, -15],
							"uv": {
								"north": {"uv": [103, 93], "uv_size": [5, 3]},
								"east": {"uv": [108, 130], "uv_size": [3, 3]},
								"south": {"uv": [97, 103], "uv_size": [5, 3]},
								"west": {"uv": [126, 130], "uv_size": [3, 3]},
								"up": {"uv": [103, 97], "uv_size": [5, 3]},
								"down": {"uv": [103, 104], "uv_size": [5, -3]}
							}
						},
						{
							"origin": [-0.20368, 25.4237, -1.562],
							"size": [3.216, 2.46484, 3.024],
							"uv": {
								"north": {"uv": [6, 114], "uv_size": [3, 4]},
								"east": {"uv": [10, 114], "uv_size": [3, 4]},
								"south": {"uv": [14, 114], "uv_size": [3, 4]},
								"west": {"uv": [114, 14], "uv_size": [3, 4]},
								"up": {"uv": [130, 130], "uv_size": [3, 3]},
								"down": {"uv": [0, 134], "uv_size": [3, -3]}
							}
						}
					]
				},
				{
					"name": "yifu4",
					"parent": "LeftArm",
					"pivot": [1.4, 31.025, 0]
				},
				{
					"name": "LeftForeArm",
					"parent": "LeftArm",
					"pivot": [1.17881, 25.42772, -0.05],
					"cubes": [
						{
							"origin": [-0.07119, 21.42772, -1.32],
							"size": [2.5, 4, 2.54],
							"uv": {
								"north": {"uv": [110, 53], "uv_size": [3, 4]},
								"east": {"uv": [110, 110], "uv_size": [3, 4]},
								"south": {"uv": [111, 4], "uv_size": [3, 4]},
								"west": {"uv": [111, 9], "uv_size": [3, 4]},
								"up": {"uv": [116, 128], "uv_size": [3, 3]},
								"down": {"uv": [120, 131], "uv_size": [3, -3]}
							}
						}
					]
				},
				{
					"name": "yifu5",
					"parent": "LeftForeArm",
					"pivot": [1.33357, 22.73601, 0.00067]
				},
				{
					"name": "shou2",
					"parent": "LeftForeArm",
					"pivot": [1.2669, 21.70267, 0],
					"cubes": [
						{
							"origin": [-0.07119, 18.92772, -1.3],
							"size": [2.5, 2.5, 2.5],
							"uv": {
								"north": {"uv": [14, 129], "uv_size": [3, 3]},
								"east": {"uv": [129, 26], "uv_size": [3, 3]},
								"south": {"uv": [40, 129], "uv_size": [3, 3]},
								"west": {"uv": [44, 129], "uv_size": [3, 3]},
								"up": {"uv": [54, 129], "uv_size": [3, 3]},
								"down": {"uv": [58, 132], "uv_size": [3, -3]}
							}
						}
					]
				},
				{
					"name": "LeftHandLocator",
					"parent": "LeftForeArm",
					"pivot": [1.2669, 20.40267, 0]
				},
				{
					"name": "bone38",
					"parent": "LeftForeArm",
					"pivot": [1.93754, 21.6231, -0.05],
					"cubes": [
						{
							"origin": [-0.2217, 17.90485, -1.462],
							"size": [3.216, 7.56, 2.824],
							"uv": {
								"north": {"uv": [45, 81], "uv_size": [3, 7]},
								"east": {"uv": [0, 82], "uv_size": [3, 7]},
								"south": {"uv": [20, 82], "uv_size": [3, 7]},
								"west": {"uv": [83, 75], "uv_size": [3, 7]},
								"up": {"uv": [129, 114], "uv_size": [3, 3]},
								"down": {"uv": [129, 121], "uv_size": [3, -3]}
							}
						},
						{
							"origin": [2.3265, 17.77783, -1.44637],
							"size": [1.2, 7.16, 2.78494],
							"pivot": [1.9345, 21.65783, -0.06562],
							"rotation": [0, 0, -10],
							"uv": {
								"north": {"uv": [98, 142], "uv_size": [1, 7]},
								"east": {"uv": [83, 83], "uv_size": [3, 7]},
								"south": {"uv": [108, 142], "uv_size": [1, 7]},
								"west": {"uv": [84, 0], "uv_size": [3, 7]},
								"up": {"uv": [149, 192], "uv_size": [1, 3]},
								"down": {"uv": [192, 152], "uv_size": [1, -3]}
							}
						}
					]
				},
				{
					"name": "RightArm",
					"pivot": [-1.4, 31.025, 0],
					"cubes": [
						{
							"origin": [-2.42881, 25.42772, -1.3],
							"size": [2.55, 5.5, 2.5],
							"uv": {
								"north": {"uv": [33, 88], "uv_size": [3, 6]},
								"east": {"uv": [88, 36], "uv_size": [3, 6]},
								"south": {"uv": [37, 88], "uv_size": [3, 6]},
								"west": {"uv": [49, 88], "uv_size": [3, 6]},
								"up": {"uv": [109, 126], "uv_size": [3, 3]},
								"down": {"uv": [127, 7], "uv_size": [3, -3]}
							}
						},
						{
							"origin": [-2.41146, 30.40601, -1.28828],
							"size": [2.3, 1.4, 2.52828],
							"pivot": [-1.24349, 30.70601, -0.48],
							"rotation": [0, 0, 25],
							"uv": {
								"north": {"uv": [46, 93], "uv_size": [2, 1]},
								"east": {"uv": [16, 95], "uv_size": [3, 1]},
								"south": {"uv": [98, 23], "uv_size": [2, 1]},
								"west": {"uv": [114, 82], "uv_size": [3, 1]},
								"up": {"uv": [23, 143], "uv_size": [2, 3]},
								"down": {"uv": [30, 146], "uv_size": [2, -3]}
							}
						},
						{
							"origin": [-2.32214, 24.11433, -0.81462],
							"size": [2.37333, 1.91, 1.62667],
							"pivot": [-1.07881, 25.13933, -0.33796],
							"rotation": [45, 0, 0],
							"uv": {
								"north": {"uv": [105, 32], "uv_size": [2, 2]},
								"east": {"uv": [116, 44], "uv_size": [2, 2]},
								"south": {"uv": [125, 50], "uv_size": [2, 2]},
								"west": {"uv": [58, 126], "uv_size": [2, 2]},
								"up": {"uv": [154, 51], "uv_size": [2, 2]},
								"down": {"uv": [154, 89], "uv_size": [2, -2]}
							}
						},
						{
							"origin": [-3.01232, 25.4237, -1.562],
							"size": [3.216, 2.46484, 3.024],
							"uv": {
								"north": {"uv": [9, 114], "uv_size": [-3, 4]},
								"east": {"uv": [117, 14], "uv_size": [-3, 4]},
								"south": {"uv": [17, 114], "uv_size": [-3, 4]},
								"west": {"uv": [13, 114], "uv_size": [-3, 4]},
								"up": {"uv": [133, 130], "uv_size": [-3, 3]},
								"down": {"uv": [3, 134], "uv_size": [-3, -3]}
							}
						}
					]
				},
				{
					"name": "bone18",
					"parent": "RightArm",
					"pivot": [-1.82832, 27.04855, -0.05],
					"cubes": [
						{
							"origin": [-3.92043, 25.55411, -1.97471],
							"size": [4.096, 2.8, 3.248],
							"pivot": [-0.92443, 27.38611, -0.35071],
							"rotation": [0, 0, 15],
							"uv": {
								"north": {"uv": [104, 39], "uv_size": [5, 3]},
								"east": {"uv": [8, 131], "uv_size": [3, 3]},
								"south": {"uv": [104, 50], "uv_size": [5, 3]},
								"west": {"uv": [131, 22], "uv_size": [3, 3]},
								"up": {"uv": [104, 54], "uv_size": [5, 3]},
								"down": {"uv": [63, 107], "uv_size": [5, -3]}
							}
						},
						{
							"origin": [-3.5804, 25.83575, -2.51536],
							"size": [4.096, 2.8, 3.248],
							"pivot": [-2.0324, 27.23575, -0.89136],
							"rotation": [0, 17.5, 15],
							"uv": {
								"north": {"uv": [75, 104], "uv_size": [5, 3]},
								"east": {"uv": [24, 131], "uv_size": [3, 3]},
								"south": {"uv": [105, 4], "uv_size": [5, 3]},
								"west": {"uv": [32, 131], "uv_size": [3, 3]},
								"up": {"uv": [105, 8], "uv_size": [5, 3]},
								"down": {"uv": [105, 15], "uv_size": [5, -3]}
							}
						},
						{
							"origin": [-4.5804, 25.83575, -0.83264],
							"size": [5.096, 2.8, 3.248],
							"pivot": [-2.0324, 27.23575, 0.79136],
							"rotation": [0, -17.5, 15],
							"uv": {
								"north": {"uv": [105, 16], "uv_size": [5, 3]},
								"east": {"uv": [50, 131], "uv_size": [3, 3]},
								"south": {"uv": [105, 20], "uv_size": [5, 3]},
								"west": {"uv": [131, 57], "uv_size": [3, 3]},
								"up": {"uv": [105, 24], "uv_size": [5, 3]},
								"down": {"uv": [105, 31], "uv_size": [5, -3]}
							}
						}
					]
				},
				{
					"name": "yifu2",
					"parent": "RightArm",
					"pivot": [-1.4, 31.025, 0]
				},
				{
					"name": "RightForeArm",
					"parent": "RightArm",
					"pivot": [-1.17881, 25.42772, -0.03633],
					"cubes": [
						{
							"origin": [-2.42881, 21.42772, -1.29266],
							"size": [2.5, 4, 2.51266],
							"uv": {
								"north": {"uv": [97, 107], "uv_size": [3, 4]},
								"east": {"uv": [107, 105], "uv_size": [3, 4]},
								"south": {"uv": [108, 32], "uv_size": [3, 4]},
								"west": {"uv": [108, 43], "uv_size": [3, 4]},
								"up": {"uv": [123, 90], "uv_size": [3, 3]},
								"down": {"uv": [124, 13], "uv_size": [3, -3]}
							}
						}
					]
				},
				{
					"name": "bone7",
					"parent": "RightForeArm",
					"pivot": [-1.93754, 21.6231, -0.05],
					"cubes": [
						{
							"origin": [-2.9943, 17.90485, -1.462],
							"size": [3.216, 7.56, 2.824],
							"uv": {
								"north": {"uv": [48, 81], "uv_size": [-3, 7]},
								"east": {"uv": [86, 75], "uv_size": [-3, 7]},
								"south": {"uv": [23, 82], "uv_size": [-3, 7]},
								"west": {"uv": [3, 82], "uv_size": [-3, 7]},
								"up": {"uv": [132, 114], "uv_size": [-3, 3]},
								"down": {"uv": [132, 121], "uv_size": [-3, -3]}
							}
						},
						{
							"origin": [-3.5265, 17.77783, -1.44637],
							"size": [1.2, 7.16, 2.78494],
							"pivot": [-1.9345, 21.65783, -0.06562],
							"rotation": [0, 0, 10],
							"uv": {
								"north": {"uv": [99, 142], "uv_size": [-1, 7]},
								"east": {"uv": [87, 0], "uv_size": [-3, 7]},
								"south": {"uv": [109, 142], "uv_size": [-1, 7]},
								"west": {"uv": [86, 83], "uv_size": [-3, 7]},
								"up": {"uv": [150, 192], "uv_size": [-1, 3]},
								"down": {"uv": [193, 152], "uv_size": [-1, -3]}
							}
						}
					]
				},
				{
					"name": "shou3",
					"parent": "RightForeArm",
					"pivot": [-1.2669, 21.70267, 0],
					"cubes": [
						{
							"origin": [-2.42881, 18.92772, -1.3],
							"size": [2.5, 2.5, 2.5],
							"uv": {
								"north": {"uv": [124, 14], "uv_size": [3, 3]},
								"east": {"uv": [124, 18], "uv_size": [3, 3]},
								"south": {"uv": [124, 32], "uv_size": [3, 3]},
								"west": {"uv": [124, 36], "uv_size": [3, 3]},
								"up": {"uv": [124, 40], "uv_size": [3, 3]},
								"down": {"uv": [124, 56], "uv_size": [3, -3]}
							}
						}
					]
				},
				{
					"name": "RightHandLocator",
					"parent": "RightForeArm",
					"pivot": [-1.2669, 20.40267, 0]
				}
			]
		}
	]
}