{
	"format_version": "1.12.0",
	"minecraft:geometry": [
		{
			"description": {
				"identifier": "geometry.alex",
				"texture_width": 64,
				"texture_height": 64,
				"visible_bounds_width": 4,
				"visible_bounds_height": 3,
				"visible_bounds_offset": [0, 1.5, 0]
			},
			"bones": [
				{
					"name": "Root",
					"pivot": [0, 0, 0]
				},
				{
					"name": "MAllBody",
					"parent": "Root",
					"pivot": [0, 12, 0]
				},
				{
					"name": "AllBody",
					"parent": "MAllBody",
					"pivot": [0, 12, 0]
				},
				{
					"name": "UpBody",
					"parent": "AllBody",
					"pivot": [0, 12, 0],
					"cubes": [
						{
							"origin": [-4, 12, -2],
							"size": [8, 6, 4],
							"inflate": 0.25,
							"uv": {
								"north": {"uv": [20, 42], "uv_size": [8, 6]},
								"east": {"uv": [16, 42], "uv_size": [4, 6]},
								"south": {"uv": [32, 42], "uv_size": [8, 6]},
								"west": {"uv": [28, 42], "uv_size": [4, 6]},
								"up": {"uv": [56, 44], "uv_size": [8, 4]},
								"down": {"uv": [28, 36], "uv_size": [8, -4]}
							}
						},
						{
							"origin": [-4, 12, -2],
							"size": [8, 6, 4],
							"uv": {
								"north": {"uv": [20, 26], "uv_size": [8, 6]},
								"east": {"uv": [16, 26], "uv_size": [4, 6]},
								"south": {"uv": [32, 26], "uv_size": [8, 6]},
								"west": {"uv": [28, 26], "uv_size": [4, 6]},
								"up": {"uv": [28, 16], "uv_size": [8, 4]},
								"down": {"uv": [28, 20], "uv_size": [8, -4]}
							}
						}
					]
				},
				{
					"name": "UpperBody",
					"parent": "UpBody",
					"pivot": [0, 18, 0],
					"cubes": [
						{
							"origin": [-4, 18, -2],
							"size": [8, 6, 4],
							"uv": {
								"north": {"uv": [20, 20], "uv_size": [8, 6]},
								"east": {"uv": [16, 20], "uv_size": [4, 6]},
								"south": {"uv": [32, 20], "uv_size": [8, 6]},
								"west": {"uv": [28, 20], "uv_size": [4, 6]},
								"up": {"uv": [20, 16], "uv_size": [8, 4]},
								"down": {"uv": [28, 20], "uv_size": [8, -4]}
							}
						}
					]
				},
				{
					"name": "RightWaistLocator",
					"parent": "UpperBody",
					"pivot": [-4, 13, 0],
					"rotation": [-5, 0, 0]
				},
				{
					"name": "AllHead",
					"parent": "UpperBody",
					"pivot": [0, 24, 0]
				},
				{
					"name": "MHead",
					"parent": "AllHead",
					"pivot": [0, 24, 0]
				},
				{
					"name": "Head",
					"parent": "MHead",
					"pivot": [0, 24, 0],
					"cubes": [
						{
							"origin": [-4, 24, -4],
							"size": [8, 8, 8],
							"uv": {
								"north": {"uv": [8, 8], "uv_size": [8, 8]},
								"east": {"uv": [0, 8], "uv_size": [8, 8]},
								"south": {"uv": [24, 8], "uv_size": [8, 8]},
								"west": {"uv": [16, 8], "uv_size": [8, 8]},
								"up": {"uv": [8, 0], "uv_size": [8, 8]},
								"down": {"uv": [16, 8], "uv_size": [8, -8]}
							}
						}
					]
				},
				{
					"name": "Hat",
					"parent": "Head",
					"pivot": [0, 24, 0],
					"cubes": [
						{
							"origin": [-4, 24, -4],
							"size": [8, 8, 8],
							"inflate": 0.5,
							"uv": {
								"north": {"uv": [40, 8], "uv_size": [8, 8]},
								"east": {"uv": [32, 8], "uv_size": [8, 8]},
								"south": {"uv": [56, 8], "uv_size": [8, 8]},
								"west": {"uv": [48, 8], "uv_size": [8, 8]},
								"up": {"uv": [40, 0], "uv_size": [8, 8]},
								"down": {"uv": [48, 8], "uv_size": [8, -8]}
							}
						}
					]
				},
				{
					"name": "Face",
					"parent": "Head",
					"pivot": [0, 24, 0]
				},
				{
					"name": "Eyes",
					"parent": "Face",
					"pivot": [0, 26.95, 2.5]
				},
				{
					"name": "Eyelid",
					"parent": "Eyes",
					"pivot": [0, 26.95, 2.5]
				},
				{
					"name": "RightEyelid",
					"parent": "Eyelid",
					"pivot": [-1.5, 26.15, -0.525],
					"cubes": [
						{
							"origin": [-2.5, 25.94, -1.025],
							"size": [2, 2.02, 1],
							"uv": {
								"north": {"uv": [58, 1], "uv_size": [2, 2.02]},
								"east": {"uv": [57, 1], "uv_size": [1, 2]},
								"south": {"uv": [61, 1], "uv_size": [2, 2]},
								"west": {"uv": [60, 1], "uv_size": [1, 2]},
								"up": {"uv": [58, 0], "uv_size": [2, 1]},
								"down": {"uv": [60, 1], "uv_size": [2, -1]}
							}
						}
					]
				},
				{
					"name": "RightEyelidBase",
					"parent": "RightEyelid",
					"pivot": [-1.325, 26.95, -0.575],
					"cubes": [
						{
							"origin": [-2.025, 25.95, -1.075],
							"size": [1.4, 2, 1],
							"uv": {
								"north": {"uv": [58, 1], "uv_size": [1.4, 2]},
								"east": {"uv": [57, 1], "uv_size": [1, 2]},
								"south": {"uv": [60, 1], "uv_size": [1, 2]},
								"west": {"uv": [59, 1], "uv_size": [1, 2]},
								"up": {"uv": [58, 0], "uv_size": [1, 1]},
								"down": {"uv": [59, 1], "uv_size": [1, -1]}
							}
						}
					]
				},
				{
					"name": "RightPupil",
					"parent": "RightEyelidBase",
					"pivot": [-1.3275, 26.9375, -0.6075],
					"cubes": [
						{
							"origin": [-1.505, 26.76, -1.12],
							"size": [0.35, 0.63, 1],
							"uv": {
								"north": {"uv": [58.5, 1.5], "uv_size": [0.35, 0.63]},
								"east": {"uv": [57.5, 1.5], "uv_size": [1, 0]},
								"south": {"uv": [59.5, 1.5], "uv_size": [0, 0]},
								"west": {"uv": [58.5, 1.5], "uv_size": [1, 0]},
								"up": {"uv": [58.5, 0.5], "uv_size": [0, 1]},
								"down": {"uv": [58.5, 1.5], "uv_size": [0, -1]}
							}
						},
						{
							"origin": [-1.575, 26.66, -1.095],
							"size": [0.5, 0.8, 1],
							"uv": {
								"north": {"uv": [58.5, 1.5], "uv_size": [0.5, 0.8]},
								"east": {"uv": [57.5, 1.5], "uv_size": [1, 0]},
								"south": {"uv": [59.5, 1.5], "uv_size": [0, 0]},
								"west": {"uv": [58.5, 1.5], "uv_size": [1, 0]},
								"up": {"uv": [58.5, 0.5], "uv_size": [0, 1]},
								"down": {"uv": [58.5, 1.5], "uv_size": [0, -1]}
							}
						}
					]
				},
				{
					"name": "RightEyesDot",
					"parent": "RightEyelidBase",
					"pivot": [-3.82, 26.7925, -0.9925],
					"cubes": [
						{
							"origin": [-1, 27.3, -1.1],
							"size": [0.46, 0.25, 0.2],
							"uv": {
								"north": {"uv": [58.5, 0.5], "uv_size": [0.46, 0.25]},
								"east": {"uv": [58.5, 0.5], "uv_size": [0, 0]},
								"south": {"uv": [58.5, 0.5], "uv_size": [0, 0]},
								"west": {"uv": [58.5, 0.5], "uv_size": [0, 0]},
								"up": {"uv": [58.5, 0.5], "uv_size": [0, 0]},
								"down": {"uv": [58.5, 0.5], "uv_size": [0, 0]}
							}
						},
						{
							"origin": [-2.025, 25.96, -1.085],
							"size": [1.4, 0.45, 0.2],
							"uv": {
								"north": {"uv": [57.5, 1.5], "uv_size": [1.4, 0.45]},
								"east": {"uv": [57.5, 1.5], "uv_size": [0, 0]},
								"south": {"uv": [58.5, 1.5], "uv_size": [1, 0]},
								"west": {"uv": [58.5, 1.5], "uv_size": [0, 0]},
								"up": {"uv": [57.5, 1.5], "uv_size": [1, 0]},
								"down": {"uv": [58.5, 1.5], "uv_size": [1, 0]}
							}
						}
					]
				},
				{
					"name": "LeftEyelid",
					"parent": "Eyelid",
					"pivot": [1.5, 26.15, -0.525],
					"cubes": [
						{
							"origin": [0.5, 25.94, -1.025],
							"size": [2, 2.02, 1],
							"uv": {
								"north": {"uv": [58, 1], "uv_size": [2, 2.02]},
								"east": {"uv": [57, 1], "uv_size": [1, 2]},
								"south": {"uv": [61, 1], "uv_size": [2, 2]},
								"west": {"uv": [60, 1], "uv_size": [1, 2]},
								"up": {"uv": [58, 0], "uv_size": [2, 1]},
								"down": {"uv": [60, 1], "uv_size": [2, -1]}
							}
						}
					]
				},
				{
					"name": "LeftEyelidBase",
					"parent": "LeftEyelid",
					"pivot": [1.325, 26.95, -0.575],
					"cubes": [
						{
							"origin": [0.625, 25.95, -1.075],
							"size": [1.4, 2, 1],
							"uv": {
								"north": {"uv": [58, 1], "uv_size": [1.4, 2]},
								"east": {"uv": [57, 1], "uv_size": [1, 2]},
								"south": {"uv": [60, 1], "uv_size": [1, 2]},
								"west": {"uv": [59, 1], "uv_size": [1, 2]},
								"up": {"uv": [58, 0], "uv_size": [1, 1]},
								"down": {"uv": [59, 1], "uv_size": [1, -1]}
							}
						}
					]
				},
				{
					"name": "LeftPupil",
					"parent": "LeftEyelidBase",
					"pivot": [1.3275, 26.9375, -0.6075],
					"cubes": [
						{
							"origin": [1.075, 26.66, -1.095],
							"size": [0.5, 0.8, 1],
							"uv": {
								"north": {"uv": [58.5, 1.5], "uv_size": [0.5, 0.8]},
								"east": {"uv": [57.5, 1.5], "uv_size": [1, 0]},
								"south": {"uv": [59.5, 1.5], "uv_size": [0, 0]},
								"west": {"uv": [58.5, 1.5], "uv_size": [1, 0]},
								"up": {"uv": [58.5, 0.5], "uv_size": [0, 1]},
								"down": {"uv": [58.5, 1.5], "uv_size": [0, -1]}
							}
						},
						{
							"origin": [1.155, 26.76, -1.12],
							"size": [0.35, 0.63, 1],
							"uv": {
								"north": {"uv": [58.5, 1.5], "uv_size": [0.35, 0.63]},
								"east": {"uv": [57.5, 1.5], "uv_size": [1, 0]},
								"south": {"uv": [59.5, 1.5], "uv_size": [0, 0]},
								"west": {"uv": [58.5, 1.5], "uv_size": [1, 0]},
								"up": {"uv": [58.5, 0.5], "uv_size": [0, 1]},
								"down": {"uv": [58.5, 1.5], "uv_size": [0, -1]}
							}
						}
					]
				},
				{
					"name": "LeftEyesDot",
					"parent": "LeftEyelidBase",
					"pivot": [1.5675, 26.7925, -0.9925],
					"cubes": [
						{
							"origin": [0.625, 25.96, -1.085],
							"size": [1.4, 0.45, 0.2],
							"uv": {
								"north": {"uv": [57.5, 1.5], "uv_size": [1.4, 0.45]},
								"east": {"uv": [57.5, 1.5], "uv_size": [0, 0]},
								"south": {"uv": [58.5, 1.5], "uv_size": [1, 0]},
								"west": {"uv": [58.5, 1.5], "uv_size": [0, 0]},
								"up": {"uv": [57.5, 1.5], "uv_size": [1, 0]},
								"down": {"uv": [58.5, 1.5], "uv_size": [1, 0]}
							}
						},
						{
							"origin": [1.625, 27.3, -1.1],
							"size": [0.46, 0.25, 0.2],
							"uv": {
								"north": {"uv": [58.5, 0.5], "uv_size": [0.46, 0.25]},
								"east": {"uv": [58.5, 0.5], "uv_size": [0, 0]},
								"south": {"uv": [58.5, 0.5], "uv_size": [0, 0]},
								"west": {"uv": [58.5, 0.5], "uv_size": [0, 0]},
								"up": {"uv": [58.5, 0.5], "uv_size": [0, 0]},
								"down": {"uv": [58.5, 0.5], "uv_size": [0, 0]}
							}
						}
					]
				},
				{
					"name": "LeftEyebrow",
					"parent": "Eyes",
					"pivot": [1.875, 27.75, -0.7],
					"cubes": [
						{
							"origin": [0.375, 27.75, -1.2],
							"size": [2.3, 1, 1],
							"uv": {
								"north": {"uv": [58, 1], "uv_size": [2.3, 1]},
								"east": {"uv": [57, 1], "uv_size": [1, 1]},
								"south": {"uv": [61, 1], "uv_size": [2, 1]},
								"west": {"uv": [60, 1], "uv_size": [1, 1]},
								"up": {"uv": [58, 0], "uv_size": [2, 1]},
								"down": {"uv": [60, 1], "uv_size": [2, -1]}
							}
						},
						{
							"origin": [2.35, 27.475, -1.375],
							"size": [1.1, 1, 1],
							"uv": {
								"north": {"uv": [58, 1], "uv_size": [1.1, 1]},
								"east": {"uv": [57, 1], "uv_size": [1, 1]},
								"south": {"uv": [60, 1], "uv_size": [1, 1]},
								"west": {"uv": [59, 1], "uv_size": [1, 1]},
								"up": {"uv": [58, 0], "uv_size": [1, 1]},
								"down": {"uv": [59, 1], "uv_size": [1, -1]}
							}
						}
					]
				},
				{
					"name": "RightEyebrow",
					"parent": "Eyes",
					"pivot": [-1.875, 27.75, -0.7],
					"cubes": [
						{
							"origin": [-2.675, 27.75, -1.2],
							"size": [2.3, 1, 1],
							"uv": {
								"north": {"uv": [58, 1], "uv_size": [2.3, 1]},
								"east": {"uv": [57, 1], "uv_size": [1, 1]},
								"south": {"uv": [61, 1], "uv_size": [2, 1]},
								"west": {"uv": [60, 1], "uv_size": [1, 1]},
								"up": {"uv": [58, 0], "uv_size": [2, 1]},
								"down": {"uv": [60, 1], "uv_size": [2, -1]}
							}
						},
						{
							"origin": [-3.45, 27.475, -1.375],
							"size": [1.1, 1, 1],
							"uv": {
								"north": {"uv": [58, 1], "uv_size": [1.1, 1]},
								"east": {"uv": [57, 1], "uv_size": [1, 1]},
								"south": {"uv": [60, 1], "uv_size": [1, 1]},
								"west": {"uv": [59, 1], "uv_size": [1, 1]},
								"up": {"uv": [58, 0], "uv_size": [1, 1]},
								"down": {"uv": [59, 1], "uv_size": [1, -1]}
							}
						}
					]
				},
				{
					"name": "Jacket",
					"parent": "UpperBody",
					"pivot": [0, 24, 0],
					"cubes": [
						{
							"origin": [-4, 18, -2],
							"size": [8, 6, 4],
							"inflate": 0.25,
							"uv": {
								"north": {"uv": [20, 36], "uv_size": [8, 6]},
								"east": {"uv": [16, 36], "uv_size": [4, 6]},
								"south": {"uv": [32, 36], "uv_size": [8, 6]},
								"west": {"uv": [28, 36], "uv_size": [4, 6]},
								"up": {"uv": [20, 32], "uv_size": [8, 4]},
								"down": {"uv": [56, 44], "uv_size": [8, -4]}
							}
						}
					]
				},
				{
					"name": "cape",
					"parent": "UpperBody",
					"pivot": [0, 24, -3]
				},
				{
					"name": "Arm",
					"parent": "UpperBody",
					"pivot": [0, 22, 0]
				},
				{
					"name": "RightArm",
					"parent": "Arm",
					"pivot": [-5, 21.5, 0],
					"cubes": [
						{
							"origin": [-7, 17.5, -2],
							"size": [3, 6, 4],
							"uv": {
								"north": {"uv": [44, 20], "uv_size": [3, 6]},
								"east": {"uv": [40, 20], "uv_size": [4, 6]},
								"south": {"uv": [51, 20], "uv_size": [3, 6]},
								"west": {"uv": [47, 20], "uv_size": [4, 6]},
								"up": {"uv": [44, 16], "uv_size": [3, 4]},
								"down": {"uv": [47, 20], "uv_size": [3, -4]}
							}
						},
						{
							"origin": [-6.975, 16.625, -1.45],
							"size": [2.95, 2.3, 2.525],
							"pivot": [0, 17.925, 0.1375],
							"rotation": [45, 0, 0],
							"uv": {
								"north": {"uv": [44, 24], "uv_size": [3, 2]},
								"east": {"uv": [40, 24], "uv_size": [4, 2]},
								"south": {"uv": [51, 24], "uv_size": [3, 2]},
								"west": {"uv": [47, 24], "uv_size": [4, 2]},
								"up": {"uv": [44, 24], "uv_size": [3, 2]},
								"down": {"uv": [47, 26], "uv_size": [3, -2]}
							}
						}
					]
				},
				{
					"name": "RightSleeve",
					"parent": "RightArm",
					"pivot": [-5, 21.5, 0],
					"cubes": [
						{
							"origin": [-7, 17.5, -2],
							"size": [3, 6, 4],
							"inflate": 0.25,
							"uv": {
								"north": {"uv": [44, 36], "uv_size": [3, 6]},
								"east": {"uv": [40, 36], "uv_size": [4, 6]},
								"south": {"uv": [51, 36], "uv_size": [3, 6]},
								"west": {"uv": [47, 36], "uv_size": [4, 6]},
								"up": {"uv": [44, 32], "uv_size": [3, 4]},
								"down": {"uv": [50, 36], "uv_size": [3, -4]}
							}
						}
					]
				},
				{
					"name": "RightForeArm",
					"parent": "RightArm",
					"pivot": [-6, 17.5, 0],
					"cubes": [
						{
							"origin": [-7, 11.5, -2],
							"size": [3, 6, 4],
							"uv": {
								"north": {"uv": [44, 26], "uv_size": [3, 6]},
								"east": {"uv": [40, 26], "uv_size": [4, 6]},
								"south": {"uv": [51, 26], "uv_size": [3, 6]},
								"west": {"uv": [47, 26], "uv_size": [4, 6]},
								"up": {"uv": [47, 16], "uv_size": [3, 4]},
								"down": {"uv": [47, 20], "uv_size": [3, -4]}
							}
						}
					]
				},
				{
					"name": "rightForeSleeve",
					"parent": "RightForeArm",
					"pivot": [-5, 15, 0],
					"cubes": [
						{
							"origin": [-7, 11, -2],
							"size": [3, 6, 4],
							"inflate": 0.25,
							"uv": {
								"north": {"uv": [44, 42], "uv_size": [3, 6]},
								"east": {"uv": [40, 42], "uv_size": [4, 6]},
								"south": {"uv": [51, 42], "uv_size": [3, 6]},
								"west": {"uv": [47, 42], "uv_size": [4, 6]},
								"up": {"uv": [41, 32], "uv_size": [3, 4]},
								"down": {"uv": [47, 36], "uv_size": [3, -4]}
							}
						}
					]
				},
				{
					"name": "RightHand",
					"parent": "RightForeArm",
					"pivot": [-5.5, 12.5, 0],
					"cubes": [
						{
							"origin": [-6, 12, -1],
							"size": [1, 1, 2],
							"inflate": 0.25,
							"uv": {
								"north": {"uv": [59, 2], "uv_size": [1, 1]},
								"east": {"uv": [57, 2], "uv_size": [2, 1]},
								"south": {"uv": [62, 2], "uv_size": [1, 1]},
								"west": {"uv": [60, 2], "uv_size": [2, 1]},
								"up": {"uv": [59, 0], "uv_size": [1, 2]},
								"down": {"uv": [60, 3], "uv_size": [1, -2]}
							}
						}
					]
				},
				{
					"name": "RightHandLocator",
					"parent": "RightHand",
					"pivot": [-5.5, 12.5, 0]
				},
				{
					"name": "BladeLocator",
					"parent": "RightHand",
					"pivot": [-5.5, 12.5, 0]
				},
				{
					"name": "RightItem",
					"parent": "RightArm",
					"pivot": [-6, 14.5, 1]
				},
				{
					"name": "LeftArm",
					"parent": "Arm",
					"pivot": [5, 21.5, 0],
					"cubes": [
						{
							"origin": [4, 17.5, -2],
							"size": [3, 6, 4],
							"uv": {
								"north": {"uv": [36, 52], "uv_size": [3, 6]},
								"east": {"uv": [32, 52], "uv_size": [4, 6]},
								"south": {"uv": [43, 52], "uv_size": [3, 6]},
								"west": {"uv": [39, 52], "uv_size": [4, 6]},
								"up": {"uv": [36, 48], "uv_size": [3, 4]},
								"down": {"uv": [39, 52], "uv_size": [3, -4]}
							}
						},
						{
							"origin": [4.025, 16.625, -1.45],
							"size": [2.95, 2.3, 2.525],
							"pivot": [0, 17.925, 0.1375],
							"rotation": [45, 0, 0],
							"uv": {
								"north": {"uv": [36, 56], "uv_size": [3, 2]},
								"east": {"uv": [32, 56], "uv_size": [4, 2]},
								"south": {"uv": [43, 56], "uv_size": [3, 2]},
								"west": {"uv": [39, 56], "uv_size": [4, 2]},
								"up": {"uv": [36, 56], "uv_size": [3, 2]},
								"down": {"uv": [39, 58], "uv_size": [3, -2]}
							}
						},
						{
							"origin": [4, 17.5, -2],
							"size": [3, 6, 4],
							"uv": {
								"north": {"uv": [36, 52], "uv_size": [3, 6]},
								"east": {"uv": [32, 52], "uv_size": [4, 6]},
								"south": {"uv": [43, 52], "uv_size": [3, 6]},
								"west": {"uv": [39, 52], "uv_size": [4, 6]},
								"up": {"uv": [36, 48], "uv_size": [3, 4]},
								"down": {"uv": [39, 52], "uv_size": [3, -4]}
							}
						}
					]
				},
				{
					"name": "LeftSleeve",
					"parent": "LeftArm",
					"pivot": [5, 21.5, 0],
					"cubes": [
						{
							"origin": [4, 17.5, -2],
							"size": [3, 6, 4],
							"inflate": 0.25,
							"uv": {
								"north": {"uv": [52, 52], "uv_size": [3, 6]},
								"east": {"uv": [48, 52], "uv_size": [4, 6]},
								"south": {"uv": [59, 52], "uv_size": [3, 6]},
								"west": {"uv": [55, 52], "uv_size": [4, 6]},
								"up": {"uv": [52, 48], "uv_size": [3, 4]},
								"down": {"uv": [58, 52], "uv_size": [3, -4]}
							}
						}
					]
				},
				{
					"name": "LeftForeArm",
					"parent": "LeftArm",
					"pivot": [6, 17.5, 0],
					"cubes": [
						{
							"origin": [4, 11.5, -2],
							"size": [3, 6, 4],
							"uv": {
								"north": {"uv": [36, 58], "uv_size": [3, 6]},
								"east": {"uv": [32, 58], "uv_size": [4, 6]},
								"south": {"uv": [43, 58], "uv_size": [3, 6]},
								"west": {"uv": [39, 58], "uv_size": [4, 6]},
								"up": {"uv": [39, 48], "uv_size": [3, 4]},
								"down": {"uv": [39, 52], "uv_size": [3, -4]}
							}
						}
					]
				},
				{
					"name": "LeftHand",
					"parent": "LeftForeArm",
					"pivot": [5.5, 12.5, 0],
					"cubes": [
						{
							"origin": [5, 12, -1],
							"size": [1, 1, 2],
							"inflate": 0.25,
							"uv": {
								"north": {"uv": [59, 2], "uv_size": [1, 1]},
								"east": {"uv": [57, 2], "uv_size": [2, 1]},
								"south": {"uv": [62, 2], "uv_size": [1, 1]},
								"west": {"uv": [60, 2], "uv_size": [2, 1]},
								"up": {"uv": [59, 0], "uv_size": [1, 2]},
								"down": {"uv": [60, 3], "uv_size": [1, -2]}
							}
						}
					]
				},
				{
					"name": "LeftHandLocator",
					"parent": "LeftHand",
					"pivot": [5.5, 12.5, 0]
				},
				{
					"name": "SheathLocator",
					"parent": "LeftHand",
					"pivot": [5.5, 12.5, 0]
				},
				{
					"name": "LeftWaistLocator",
					"parent": "LeftHand",
					"pivot": [5.5, 12.5, 0]
				},
				{
					"name": "LeftForeSleeve",
					"parent": "LeftForeArm",
					"pivot": [5, 15, 0],
					"cubes": [
						{
							"origin": [4, 11, -2],
							"size": [3, 6, 4],
							"inflate": 0.25,
							"uv": {
								"north": {"uv": [52, 58], "uv_size": [3, 6]},
								"east": {"uv": [48, 58], "uv_size": [4, 6]},
								"south": {"uv": [59, 58], "uv_size": [3, 6]},
								"west": {"uv": [55, 58], "uv_size": [4, 6]},
								"up": {"uv": [49, 48], "uv_size": [3, 4]},
								"down": {"uv": [55, 52], "uv_size": [3, -4]}
							}
						}
					]
				},
				{
					"name": "LeftItem",
					"parent": "LeftArm",
					"pivot": [6, 14.5, 1]
				},
				{
					"name": "BackpackLocator",
					"parent": "UpperBody",
					"pivot": [0, 22, 0]
				},
				{
					"name": "ElytraLocator",
					"parent": "UpperBody",
					"pivot": [0, 23, 2]
				},
				{
					"name": "RifleLocator",
					"parent": "UpperBody",
					"pivot": [0, 18, 2],
					"rotation": [0, 0, 45]
				},
				{
					"name": "PistolLocator",
					"parent": "UpperBody",
					"pivot": [-4, 15, 0],
					"rotation": [-30, 0, 0]
				},
				{
					"name": "LeftShoulderLocator",
					"parent": "UpperBody",
					"pivot": [5.5, 23.5, 0]
				},
				{
					"name": "RightShoulderLocator",
					"parent": "UpperBody",
					"pivot": [-5.5, 23.5, 0]
				},
				{
					"name": "DownBody",
					"parent": "AllBody",
					"pivot": [-1.9, 12, 0]
				},
				{
					"name": "LeftLeg",
					"parent": "DownBody",
					"pivot": [1.9, 12.07942, -0.00324],
					"cubes": [
						{
							"origin": [-0.1, 6.07942, -2.00324],
							"size": [4, 6, 4],
							"uv": {
								"north": {"uv": [20, 52], "uv_size": [4, 6]},
								"east": {"uv": [16, 52], "uv_size": [4, 6]},
								"south": {"uv": [28, 52], "uv_size": [4, 6]},
								"west": {"uv": [24, 52], "uv_size": [4, 6]},
								"up": {"uv": [20, 48], "uv_size": [4, 4]},
								"down": {"uv": [20, 52], "uv_size": [4, -4]}
							}
						},
						{
							"origin": [-0.075, 5.42942, -1.52824],
							"size": [3.95, 2, 3],
							"pivot": [0, 6.42942, 0.47176],
							"rotation": [30, 0, 0],
							"uv": {
								"north": {"uv": [20, 55], "uv_size": [4, 2]},
								"east": {"uv": [16, 55], "uv_size": [4, 2]},
								"south": {"uv": [28, 55], "uv_size": [4, 2]},
								"west": {"uv": [24, 55], "uv_size": [4, 2]},
								"up": {"uv": [20, 55], "uv_size": [4, 2]},
								"down": {"uv": [20, 57], "uv_size": [4, -2]}
							}
						}
					]
				},
				{
					"name": "LeftLowerPants",
					"parent": "LeftLeg",
					"pivot": [2, 12.07942, -0.00324],
					"cubes": [
						{
							"origin": [-0.1, 6.07942, -2.00324],
							"size": [4, 6, 4],
							"inflate": 0.25,
							"uv": {
								"north": {"uv": [4, 52], "uv_size": [4, 6]},
								"east": {"uv": [0, 52], "uv_size": [4, 6]},
								"south": {"uv": [12, 52], "uv_size": [4, 6]},
								"west": {"uv": [8, 52], "uv_size": [4, 6]},
								"up": {"uv": [4, 48], "uv_size": [4, 4]},
								"down": {"uv": [12, 52], "uv_size": [4, -4]}
							}
						}
					]
				},
				{
					"name": "LeftLowerLeg",
					"parent": "LeftLeg",
					"pivot": [2, 6.07942, -0.00324],
					"cubes": [
						{
							"origin": [-0.1, 0.07942, -2.00324],
							"size": [4, 6, 4],
							"uv": {
								"north": {"uv": [20, 58], "uv_size": [4, 6]},
								"east": {"uv": [16, 58], "uv_size": [4, 6]},
								"south": {"uv": [28, 58], "uv_size": [4, 6]},
								"west": {"uv": [24, 58], "uv_size": [4, 6]},
								"up": {"uv": [20, 48], "uv_size": [4, 4]},
								"down": {"uv": [24, 52], "uv_size": [4, -4]}
							}
						}
					]
				},
				{
					"name": "LeftPants",
					"parent": "LeftLowerLeg",
					"pivot": [2, 6.07942, -0.00324],
					"cubes": [
						{
							"origin": [-0.1, 0.07942, -2.00324],
							"size": [4, 6, 4],
							"inflate": 0.25,
							"uv": {
								"north": {"uv": [4, 58], "uv_size": [4, 6]},
								"east": {"uv": [0, 58], "uv_size": [4, 6]},
								"south": {"uv": [12, 58], "uv_size": [4, 6]},
								"west": {"uv": [8, 58], "uv_size": [4, 6]},
								"up": {"uv": [0, 48], "uv_size": [4, 4]},
								"down": {"uv": [8, 52], "uv_size": [4, -4]}
							}
						}
					]
				},
				{
					"name": "LeftFoot",
					"parent": "LeftLowerLeg",
					"pivot": [2, 1.07942, -0.00324],
					"cubes": [
						{
							"origin": [1, 1.07942, -1.00324],
							"size": [2, 2, 2],
							"uv": {
								"north": {"uv": [58, 2], "uv_size": [2, 2]},
								"east": {"uv": [56, 2], "uv_size": [2, 2]},
								"south": {"uv": [62, 2], "uv_size": [2, 2]},
								"west": {"uv": [60, 2], "uv_size": [2, 2]},
								"up": {"uv": [58, 0], "uv_size": [2, 2]},
								"down": {"uv": [60, 2], "uv_size": [2, -2]}
							}
						}
					]
				},
				{
					"name": "RightLeg",
					"parent": "DownBody",
					"pivot": [-1.9, 12.07942, -0.00324],
					"cubes": [
						{
							"origin": [-3.9, 6.07942, -2.00324],
							"size": [4, 6, 4],
							"uv": {
								"north": {"uv": [4, 20], "uv_size": [4, 6]},
								"east": {"uv": [0, 20], "uv_size": [4, 6]},
								"south": {"uv": [12, 20], "uv_size": [4, 6]},
								"west": {"uv": [8, 20], "uv_size": [4, 6]},
								"up": {"uv": [4, 16], "uv_size": [4, 4]},
								"down": {"uv": [4, 20], "uv_size": [4, -4]}
							}
						},
						{
							"origin": [-3.875, 5.42942, -1.52824],
							"size": [3.95, 2, 3],
							"pivot": [0, 6.42942, 0.47176],
							"rotation": [30, 0, 0],
							"uv": {
								"north": {"uv": [4, 23], "uv_size": [4, 2]},
								"east": {"uv": [0, 23], "uv_size": [4, 2]},
								"south": {"uv": [12, 23], "uv_size": [4, 2]},
								"west": {"uv": [8, 23], "uv_size": [4, 2]},
								"up": {"uv": [4, 23], "uv_size": [4, 2]},
								"down": {"uv": [4, 25], "uv_size": [4, -2]}
							}
						}
					]
				},
				{
					"name": "RightLowerPants",
					"parent": "RightLeg",
					"pivot": [-2, 12.07942, -0.00324],
					"cubes": [
						{
							"origin": [-3.9, 6.07942, -2.00324],
							"size": [4, 6, 4],
							"inflate": 0.25,
							"uv": {
								"north": {"uv": [4, 36], "uv_size": [4, 6]},
								"east": {"uv": [0, 36], "uv_size": [4, 6]},
								"south": {"uv": [12, 36], "uv_size": [4, 6]},
								"west": {"uv": [8, 36], "uv_size": [4, 6]},
								"up": {"uv": [4, 32], "uv_size": [4, 4]},
								"down": {"uv": [12, 36], "uv_size": [4, -4]}
							}
						}
					]
				},
				{
					"name": "RightLowerLeg",
					"parent": "RightLeg",
					"pivot": [-2, 6.07942, -0.00324],
					"cubes": [
						{
							"origin": [-3.9, 0.07942, -2.00324],
							"size": [4, 6, 4],
							"uv": {
								"north": {"uv": [4, 26], "uv_size": [4, 6]},
								"east": {"uv": [0, 26], "uv_size": [4, 6]},
								"south": {"uv": [12, 26], "uv_size": [4, 6]},
								"west": {"uv": [8, 26], "uv_size": [4, 6]},
								"up": {"uv": [4, 16], "uv_size": [4, 4]},
								"down": {"uv": [8, 20], "uv_size": [4, -4]}
							}
						}
					]
				},
				{
					"name": "RightPants",
					"parent": "RightLowerLeg",
					"pivot": [-2, 6.07942, -0.00324],
					"cubes": [
						{
							"origin": [-3.9, 0.07942, -2.00324],
							"size": [4, 6, 4],
							"inflate": 0.25,
							"uv": {
								"north": {"uv": [4, 42], "uv_size": [4, 6]},
								"east": {"uv": [0, 42], "uv_size": [4, 6]},
								"south": {"uv": [12, 42], "uv_size": [4, 6]},
								"west": {"uv": [8, 42], "uv_size": [4, 6]},
								"up": {"uv": [0, 32], "uv_size": [4, 4]},
								"down": {"uv": [8, 36], "uv_size": [4, -4]}
							}
						}
					]
				},
				{
					"name": "RightFoot",
					"parent": "RightLowerLeg",
					"pivot": [-2, 1.07942, -0.00324],
					"cubes": [
						{
							"origin": [-3, 1.07942, -1.00324],
							"size": [2, 2, 2],
							"uv": {
								"north": {"uv": [58, 2], "uv_size": [2, 2]},
								"east": {"uv": [56, 2], "uv_size": [2, 2]},
								"south": {"uv": [62, 2], "uv_size": [2, 2]},
								"west": {"uv": [60, 2], "uv_size": [2, 2]},
								"up": {"uv": [58, 0], "uv_size": [2, 2]},
								"down": {"uv": [60, 2], "uv_size": [2, -2]}
							}
						}
					]
				},
				{
					"name": "molang",
					"pivot": [0, 0, 0]
				}
			]
		}
	]
}