{
	"format_version": "1.8.0",
	"animations": {
		"extra0": {
			"loop": "hold_on_last_frame",
			"animation_length": 1.5,
			"bones": {
				"Root": {
					"rotation": [0, 0, 0],
					"scale": {
						"0.0": {
							"post": [1, 1, 1],
							"lerp_mode": "catmullrom"
						},
						"0.0833": {
							"post": [1, 1, 1],
							"lerp_mode": "catmullrom"
						},
						"0.1667": {
							"post": [0.975, 1.05, 0.975],
							"lerp_mode": "catmullrom"
						},
						"0.25": {
							"post": [1.025, 0.95, 1.025],
							"lerp_mode": "catmullrom"
						},
						"0.375": {
							"post": [0.9875, 1.025, 0.9875],
							"lerp_mode": "catmullrom"
						},
						"0.625": {
							"post": [0.9875, 1.025, 0.9875],
							"lerp_mode": "catmullrom"
						},
						"0.7083": {
							"post": [1.025, 0.95, 1.025],
							"lerp_mode": "catmullrom"
						},
						"0.8333": {
							"post": [0.9875, 1.025, 0.9875],
							"lerp_mode": "catmullrom"
						},
						"1.0": {
							"post": [1.005, 0.99, 1.005],
							"lerp_mode": "catmullrom"
						},
						"1.1667": {
							"post": [0.99876, 1.0025, 0.99876],
							"lerp_mode": "catmullrom"
						},
						"1.3333": {
							"post": [1.0025, 0.995, 1.0025],
							"lerp_mode": "catmullrom"
						},
						"1.5": {
							"post": [1, 1, 1],
							"lerp_mode": "catmullrom"
						}
					}
				},
				"UpBody": {
					"rotation": {
						"0.0": [0, 0, 0],
						"0.0417": [-0.03391, 3.91064, -1.87489],
						"0.0833": [-0.29512, 7.08127, -2.52866],
						"0.125": [-0.32902, 7.49282, -2.52154],
						"0.1667": [-0.33767, 3.76654, -1.19755],
						"0.2083": [-0.38233, 1.33125, -0.18026],
						"0.25": [-0.42699, -0.72404, 0.21291],
						"0.2917": [-0.43564, -2.49039, 0.03797],
						"0.3333": [-0.43584, -2.30684, -0.33087],
						"0.375": [-0.43644, -1.05446, -0.56932],
						"0.4167": [-0.43731, 0.59451, -0.66808],
						"0.4583": [-0.43819, 2.51866, -0.61805],
						"0.5": [-0.43879, 4.72129, -0.41069],
						"0.5417": [-0.43899, 7.50932, -0.03833],
						"0.5833": [-0.43876, 7.10977, 0.3623],
						"0.625": [-0.43793, 4.56106, 0.59003],
						"0.6667": [-0.43669, 1.6062, 0.58293],
						"0.7083": [-0.43587, -1.15831, 0.37153],
						"0.75": [-0.43564, -2.49039, 0.03797],
						"0.7917": [-0.43564, -1.89885, -0.23253],
						"0.8333": [-0.43564, -1.72209, -0.31122],
						"0.875": [-0.43564, -1.73311, -0.24534],
						"0.9167": [-0.43564, -1.87491, -0.11664],
						"0.9583": [-0.43564, -2.12803, -0.00519],
						"1.0": [-0.43564, -2.49039, 0.03797],
						"1.5": {
							"pre": [-0.43564, -2.49039, 0.03797],
							"post": [-0.43564, -2.49039, 0.03797],
							"lerp_mode": "catmullrom"
						}
					},
					"position": {
						"0.0": {
							"post": [0, 0, 0],
							"lerp_mode": "catmullrom"
						}
					}
				},
				"UpperBody": {
					"rotation": {
						"0.0": {
							"post": [0, 0, 0],
							"lerp_mode": "catmullrom"
						},
						"0.125": {
							"post": [0, -1.5, 0],
							"lerp_mode": "catmullrom"
						},
						"0.2917": {
							"post": [-0.02399, -1.0001, -0.49901],
							"lerp_mode": "catmullrom"
						},
						"0.5417": {
							"post": [0.04807, 3.49958, 1.00178],
							"lerp_mode": "catmullrom"
						},
						"0.75": [-0.02399, -1.0001, -0.49901],
						"0.7917": [-0.02399, 1.14339, -0.4991],
						"0.8333": [-0.024, 1.97059, -0.49938],
						"0.875": [-0.024, 2.43844, -0.49979],
						"0.9167": [-0.02401, 2.69725, -0.5002],
						"0.9583": [-0.02401, 2.79841, -0.50048],
						"1.0": [-0.02402, 2.7499, -0.50058],
						"1.5": {
							"pre": [-0.02402, 2.7499, -0.50058],
							"post": [-0.02402, 2.7499, -0.50058],
							"lerp_mode": "catmullrom"
						}
					},
					"position": {
						"0.0": {
							"post": [0, 0, 0],
							"lerp_mode": "catmullrom"
						}
					}
				},
				"LeftArm": {
					"rotation": {
						"0.0": {
							"post": [0, 0, 0],
							"lerp_mode": "catmullrom"
						},
						"0.125": [-12.25091, -6.71887, 17.58623],
						"0.1667": [-11.39908, -7.02448, 10.19771],
						"0.2083": [-6.9991, -8.60309, 5.08116],
						"0.25": [-2.59912, -10.1817, 0.82901],
						"0.2917": [-1.74729, -10.48732, -2.28514],
						"0.5417": {
							"pre": [-2.66406, -10.29476, 2.79451],
							"post": [-2.66406, -10.29476, 2.79451],
							"lerp_mode": "catmullrom"
						},
						"0.75": [-1.74729, -10.48732, -2.28514],
						"0.7917": [-1.74729, -10.48732, -3.10806],
						"0.8333": [-1.74729, -10.48732, -3.61181],
						"0.875": [-1.74729, -10.48732, -3.69984],
						"0.9167": [-1.74729, -10.48732, -3.44376],
						"0.9583": [-1.74729, -10.48732, -2.94657],
						"1.0": [-1.74729, -10.48732, -2.28514],
						"1.5": {
							"pre": [-1.74729, -10.48732, -2.28514],
							"post": [-1.74729, -10.48732, -2.28514],
							"lerp_mode": "catmullrom"
						}
					},
					"position": [0, 0, 0]
				},
				"LeftForeArm": {
					"rotation": [0, 0, 0],
					"position": [0, 0, 0]
				},
				"RightArm": {
					"rotation": {
						"0.0": {
							"post": [0, 0, 0],
							"lerp_mode": "catmullrom"
						},
						"0.0833": {
							"post": [-59.42106, -21.71022, 37.05593],
							"lerp_mode": "catmullrom"
						},
						"0.125": {
							"post": [-73.41928, -8.49163, 94.20785],
							"lerp_mode": "catmullrom"
						},
						"0.2917": {
							"post": [62.34569, 75.04635, 168.42398],
							"lerp_mode": "catmullrom"
						},
						"0.5417": {
							"post": [-71.5683, 83.00411, 75.42083],
							"lerp_mode": "catmullrom"
						},
						"0.75": {
							"post": [40.00135, 81.00522, 145.62559],
							"lerp_mode": "catmullrom"
						},
						"1.0": {
							"post": [40.00135, 81.00522, 145.62559],
							"lerp_mode": "catmullrom"
						},
						"1.5": {
							"post": [40.00135, 81.00522, 145.62559],
							"lerp_mode": "catmullrom"
						}
					},
					"position": {
						"0.0": {
							"post": [0, 0, 0],
							"lerp_mode": "catmullrom"
						}
					}
				},
				"RightForeArm": {
					"rotation": {
						"0.0": [0, 0, 0],
						"0.0417": [-4.072, 0.1226, -0.29885],
						"0.0833": [-20.06372, 1.06713, -2.60116],
						"0.125": [-78.92621, 1.18974, -2.9],
						"0.1667": [-51.36971, 1.18974, -2.9],
						"0.2083": [-21.51789, 1.18974, -2.9],
						"0.25": [-1.51698, 1.18974, -2.9],
						"0.2917": [0.52379, 1.18974, -2.9],
						"0.3333": [-5.3035, 1.18974, -2.9],
						"0.375": [-5.06397, 1.18974, -2.9],
						"0.4167": [-3.18571, 1.18974, -2.9],
						"0.4583": [-2.19363, 1.18974, -2.9],
						"0.5": [-5.23463, 1.18974, -2.9],
						"0.5417": [-21.42621, 1.18974, -2.9],
						"0.5833": [-35.93479, 1.18974, -2.9],
						"0.625": [-34.04018, 1.18974, -2.9],
						"0.6667": [-25.65621, 1.18974, -2.9],
						"0.7083": [-14.30415, 1.18974, -2.9],
						"0.75": [-3.92621, 1.18974, -2.9],
						"0.7917": [2.299, 1.18974, -2.9],
						"0.8333": [5.57495, 1.18974, -2.9],
						"0.875": [5.7414, 1.18974, -2.9],
						"0.9167": [3.81863, 1.18974, -2.9],
						"0.9583": [0.46448, 1.18974, -2.9],
						"1.0": [-3.92621, 1.18974, -2.9],
						"1.5": {
							"pre": [-3.92621, 1.18974, -2.9],
							"post": [-3.92621, 1.18974, -2.9],
							"lerp_mode": "catmullrom"
						}
					},
					"position": {
						"0.0": {
							"post": [0, 0, 0],
							"lerp_mode": "catmullrom"
						}
					}
				},
				"LeftLeg": {
					"rotation": [0, 0, 0],
					"position": [0, 0, 0]
				},
				"LeftLowerLeg": {
					"rotation": [0, 0, 0],
					"position": [0, 0, 0]
				},
				"LeftFoot": {
					"rotation": [0, 0, 0],
					"position": [0, 0, 0]
				},
				"RightLeg": {
					"rotation": {
						"0.0": {
							"post": [0, 0, 0],
							"lerp_mode": "catmullrom"
						}
					},
					"position": {
						"0.0": {
							"post": [0, 0, 0],
							"lerp_mode": "catmullrom"
						}
					}
				},
				"RightLowerLeg": {
					"rotation": [0, 0, 0],
					"position": [0, 0, 0]
				},
				"RightFoot": {
					"rotation": [0, 0, 0],
					"position": [0, 0, 0]
				},
				"AllBody": {
					"rotation": [0, 0, 0],
					"position": [0, 0, 0],
					"scale": 1
				},
				"AllHead": {
					"rotation": [0, 0, 0],
					"position": [0, 0, 0]
				},
				"Head": {
					"rotation": {
						"0.0": {
							"post": [0, 0, 0],
							"lerp_mode": "catmullrom"
						},
						"0.125": {
							"post": [-0.10912, -7.49286, 2.49762],
							"lerp_mode": "catmullrom"
						},
						"0.2917": {
							"post": [0.54552, 5.02574, -2.42624],
							"lerp_mode": "catmullrom"
						},
						"0.5417": {
							"post": [0.98265, -5.03951, 2.4211],
							"lerp_mode": "catmullrom"
						},
						"0.75": {
							"post": [0.54552, 5.02574, -2.42624],
							"lerp_mode": "catmullrom"
						},
						"1.0": {
							"post": [0.54552, 5.02574, -2.42624],
							"lerp_mode": "catmullrom"
						},
						"1.5": {
							"post": [0.54552, 5.02574, -2.42624],
							"lerp_mode": "catmullrom"
						}
					},
					"position": {
						"0.0": {
							"post": [0, 0, 0],
							"lerp_mode": "catmullrom"
						}
					}
				},
				"Mouth": {
					"scale": 1
				}
			}
		},
		"extra1": {
			"loop": "hold_on_last_frame",
			"animation_length": 1.5,
			"bones": {
				"Root": {
					"rotation": [0, 0, 0],
					"scale": {
						"0.0": {
							"post": [1, 1, 1],
							"lerp_mode": "catmullrom"
						},
						"0.2917": {
							"post": [0.99, 1.02, 0.99],
							"lerp_mode": "catmullrom"
						},
						"0.375": {
							"post": [1.01, 0.98, 1.01],
							"lerp_mode": "catmullrom"
						},
						"0.5": {
							"post": [0.995, 1.01, 0.995],
							"lerp_mode": "catmullrom"
						},
						"0.625": {
							"post": [0.995, 1.01, 0.995],
							"lerp_mode": "catmullrom"
						},
						"0.7083": {
							"post": [1.01, 0.98, 1.01],
							"lerp_mode": "catmullrom"
						},
						"0.8333": {
							"post": [0.995, 1.01, 0.995],
							"lerp_mode": "catmullrom"
						},
						"0.9583": {
							"post": [0.995, 1.01, 0.995],
							"lerp_mode": "catmullrom"
						},
						"1.0417": {
							"post": [1.01, 0.98, 1.01],
							"lerp_mode": "catmullrom"
						},
						"1.1667": {
							"post": [0.995, 1.01, 0.995],
							"lerp_mode": "catmullrom"
						},
						"1.375": {
							"post": [0.9995, 1.001, 0.9995],
							"lerp_mode": "catmullrom"
						},
						"1.5": {
							"post": [1, 1, 1],
							"lerp_mode": "catmullrom"
						}
					}
				},
				"UpBody": {
					"rotation": {
						"0.0": [0, 0, 0],
						"0.0833": [0.30154, 8.79463, 1.72251],
						"0.125": [0.55404, 12.48791, 2.56062],
						"0.2083": [0.3047, 12.71256, 2.60542],
						"0.2917": [0.3879, 12.49408, 1.79246],
						"0.3333": [0.54852, 12.26934, 1.88488],
						"0.4167": [0.55404, 12.48791, 2.56062],
						"0.5": [0.3047, 12.71256, 2.60542],
						"0.5833": [0.3879, 12.49408, 1.79246],
						"0.625": [0.54852, 12.26934, 1.88488],
						"0.7083": [0.55404, 12.48791, 2.56062],
						"0.7917": [0.3047, 12.71256, 2.60542],
						"0.8333": [0.3879, 12.49408, 1.79246],
						"0.9167": [0.54852, 12.26934, 1.88488],
						"1.0": [0.55404, 12.48791, 2.56062],
						"1.5": [0.55404, 12.48791, 2.56062]
					},
					"position": [0, 0, 0]
				},
				"UpperBody": {
					"rotation": {
						"0.0": {
							"post": [0, 0, 0],
							"lerp_mode": "catmullrom"
						},
						"0.2917": {
							"post": [-0.03935, 4.49983, -0.50155],
							"lerp_mode": "catmullrom"
						},
						"0.4167": {
							"post": [0, 0.5, 0],
							"lerp_mode": "catmullrom"
						},
						"0.5833": {
							"post": [-0.03935, 4.49983, -0.50155],
							"lerp_mode": "catmullrom"
						},
						"0.7083": {
							"post": [0, 0.5, 0],
							"lerp_mode": "catmullrom"
						},
						"0.8333": {
							"post": [0, 2.5, 0],
							"lerp_mode": "catmullrom"
						},
						"1.0": {
							"post": [0, 0.5, 0],
							"lerp_mode": "catmullrom"
						},
						"1.5": {
							"post": [0, 0.5, 0],
							"lerp_mode": "catmullrom"
						}
					},
					"position": {
						"0.0": {
							"post": [0, 0, 0],
							"lerp_mode": "catmullrom"
						}
					}
				},
				"LeftArm": {
					"rotation": {
						"0.0": {
							"post": [0, 0, 0],
							"lerp_mode": "catmullrom"
						},
						"0.125": {
							"post": [-59.37411, 31.46067, -44.33946],
							"lerp_mode": "catmullrom"
						},
						"0.2917": {
							"post": [-60.01498, 34.88013, -45.41058],
							"lerp_mode": "catmullrom"
						},
						"0.4167": {
							"post": [-67.89729, 33.23008, -48.58633],
							"lerp_mode": "catmullrom"
						},
						"0.5833": {
							"post": [-59.37411, 31.46067, -44.33946],
							"lerp_mode": "catmullrom"
						},
						"0.625": {
							"post": [-60.01498, 34.88013, -45.41058],
							"lerp_mode": "catmullrom"
						},
						"0.7083": {
							"post": [-67.89729, 33.23008, -48.58633],
							"lerp_mode": "catmullrom"
						},
						"0.8333": {
							"post": [-59.37411, 31.46067, -44.33946],
							"lerp_mode": "catmullrom"
						},
						"0.9167": {
							"post": [-60.01498, 34.88013, -45.41058],
							"lerp_mode": "catmullrom"
						},
						"1.0": {
							"post": [-67.89729, 33.23008, -48.58633],
							"lerp_mode": "catmullrom"
						},
						"1.5": {
							"post": [-67.89729, 33.23008, -48.58633],
							"lerp_mode": "catmullrom"
						}
					},
					"position": {
						"0.0": {
							"post": [0, 0, 0],
							"lerp_mode": "catmullrom"
						}
					}
				},
				"LeftForeArm": {
					"rotation": {
						"0.0": {
							"post": [0, 0, 0],
							"lerp_mode": "catmullrom"
						},
						"0.125": {
							"post": [-57.5, 0, 0],
							"lerp_mode": "catmullrom"
						},
						"0.2917": {
							"post": [-52.5, 0, 0],
							"lerp_mode": "catmullrom"
						},
						"0.4167": {
							"post": [-57.5, 0, 0],
							"lerp_mode": "catmullrom"
						},
						"0.5833": {
							"post": [-57.5, 0, 0],
							"lerp_mode": "catmullrom"
						},
						"0.625": {
							"post": [-52.5, 0, 0],
							"lerp_mode": "catmullrom"
						},
						"0.7083": {
							"post": [-57.5, 0, 0],
							"lerp_mode": "catmullrom"
						},
						"0.8333": {
							"post": [-57.5, 0, 0],
							"lerp_mode": "catmullrom"
						},
						"0.9167": {
							"post": [-52.5, 0, 0],
							"lerp_mode": "catmullrom"
						},
						"1.0": {
							"post": [-57.5, 0, 0],
							"lerp_mode": "catmullrom"
						},
						"1.5": {
							"post": [-57.5, 0, 0],
							"lerp_mode": "catmullrom"
						}
					},
					"position": {
						"0.0": {
							"post": [0, 0, 0],
							"lerp_mode": "catmullrom"
						}
					}
				},
				"RightArm": {
					"rotation": {
						"0.0": {
							"post": [0, 0, 0],
							"lerp_mode": "catmullrom"
						},
						"0.125": {
							"post": [-65.61482, -1.0823, 78.81763],
							"lerp_mode": "catmullrom"
						},
						"0.2917": {
							"post": [-67.81604, 1.71605, 47.4038],
							"lerp_mode": "catmullrom"
						},
						"0.4167": {
							"post": [-74.59409, -20.31435, 65.81328],
							"lerp_mode": "catmullrom"
						},
						"0.5833": {
							"post": [-65.61482, -1.0823, 78.81763],
							"lerp_mode": "catmullrom"
						},
						"0.625": {
							"post": [-67.81604, 1.71605, 47.4038],
							"lerp_mode": "catmullrom"
						},
						"0.7083": {
							"post": [-74.59409, -20.31435, 65.81328],
							"lerp_mode": "catmullrom"
						},
						"0.8333": {
							"post": [-65.61482, -1.0823, 78.81763],
							"lerp_mode": "catmullrom"
						},
						"0.9167": {
							"post": [-67.81604, 1.71605, 47.4038],
							"lerp_mode": "catmullrom"
						},
						"1.0": {
							"post": [-74.59409, -20.31435, 65.81328],
							"lerp_mode": "catmullrom"
						},
						"1.5": {
							"post": [-74.59409, -20.31435, 65.81328],
							"lerp_mode": "catmullrom"
						}
					},
					"position": {
						"0.0": {
							"post": [0, 0, 0],
							"lerp_mode": "catmullrom"
						}
					}
				},
				"RightForeArm": {
					"rotation": {
						"0.0": {
							"post": [0, 0, 0],
							"lerp_mode": "catmullrom"
						},
						"0.125": {
							"post": [-75, 0, 0],
							"lerp_mode": "catmullrom"
						},
						"0.2917": {
							"post": [-74.77926, 9.65594, 2.61298],
							"lerp_mode": "catmullrom"
						},
						"0.4167": {
							"post": [-62.5, 0, 0],
							"lerp_mode": "catmullrom"
						},
						"0.5833": {
							"post": [-75, 0, 0],
							"lerp_mode": "catmullrom"
						},
						"0.625": {
							"post": [-74.77926, 9.65594, 2.61298],
							"lerp_mode": "catmullrom"
						},
						"0.7083": {
							"post": [-62.5, 0, 0],
							"lerp_mode": "catmullrom"
						},
						"0.8333": {
							"post": [-75, 0, 0],
							"lerp_mode": "catmullrom"
						},
						"0.9167": {
							"post": [-74.77926, 9.65594, 2.61298],
							"lerp_mode": "catmullrom"
						},
						"1.0": {
							"post": [-62.5, 0, 0],
							"lerp_mode": "catmullrom"
						},
						"1.5": {
							"post": [-62.5, 0, 0],
							"lerp_mode": "catmullrom"
						}
					},
					"position": {
						"0.0": {
							"post": [0, 0, 0],
							"lerp_mode": "catmullrom"
						}
					}
				},
				"LeftLeg": {
					"rotation": [0, 0, 0],
					"position": [0, 0, 0]
				},
				"LeftLowerLeg": {
					"rotation": [0, 0, 0],
					"position": [0, 0, 0]
				},
				"LeftFoot": {
					"rotation": [0, 0, 0],
					"position": [0, 0, 0]
				},
				"RightLeg": {
					"rotation": [0, 0, 0],
					"position": [0, 0, 0]
				},
				"RightLowerLeg": {
					"rotation": [0, 0, 0],
					"position": [0, 0, 0]
				},
				"RightFoot": {
					"rotation": [0, 0, 0],
					"position": [0, 0, 0]
				},
				"AllBody": {
					"rotation": [0, 0, 0],
					"position": [0, 0, 0],
					"scale": 1
				},
				"AllHead": {
					"rotation": [0, 0, 0],
					"position": [0, 0, 0]
				},
				"Head": {
					"rotation": {
						"0.0": [0, 0, 0],
						"0.125": [0.39753, -13.49938, -1.03041]
					},
					"position": [0, 0, 0]
				},
				"Mouth": {
					"scale": 1
				}
			}
		},
		"extra2": {
			"loop": "hold_on_last_frame",
			"animation_length": 1.5,
			"bones": {
				"Root": {
					"rotation": {
						"0.0": {
							"post": [0, 0, 0],
							"lerp_mode": "catmullrom"
						}
					},
					"position": {
						"0.0": {
							"post": [0, 0, 0],
							"lerp_mode": "catmullrom"
						},
						"0.25": {
							"post": [0, -0.25, 0],
							"lerp_mode": "catmullrom"
						}
					},
					"scale": {
						"0.0": {
							"post": [1, 1, 1],
							"lerp_mode": "catmullrom"
						},
						"0.3333": {
							"post": [0.975, 1.05, 0.975],
							"lerp_mode": "catmullrom"
						},
						"0.4167": {
							"post": [1.025, 0.95, 1.025],
							"lerp_mode": "catmullrom"
						},
						"0.5833": {
							"post": [0.9875, 1.025, 0.9875],
							"lerp_mode": "catmullrom"
						},
						"0.75": {
							"post": [1.005, 0.99, 1.005],
							"lerp_mode": "catmullrom"
						},
						"0.8333": {
							"post": [1.025, 0.95, 1.025],
							"lerp_mode": "catmullrom"
						},
						"1.0": {
							"post": [0.9875, 1.025, 0.9875],
							"lerp_mode": "catmullrom"
						},
						"1.1667": {
							"post": [1.005, 0.99, 1.005],
							"lerp_mode": "catmullrom"
						},
						"1.5": {
							"post": [1, 1, 1],
							"lerp_mode": "catmullrom"
						}
					}
				},
				"UpBody": {
					"rotation": {
						"0.0": {
							"post": [0, 0, 0],
							"lerp_mode": "catmullrom"
						},
						"0.1667": {
							"post": [-2.5, 0, 0],
							"lerp_mode": "catmullrom"
						},
						"0.3333": {
							"post": [-4, 0, 0],
							"lerp_mode": "catmullrom"
						},
						"0.4167": {
							"post": [-3, 0, 0],
							"lerp_mode": "catmullrom"
						},
						"0.6667": {
							"post": [-3.5, 0, 0],
							"lerp_mode": "catmullrom"
						},
						"0.8333": {
							"post": [-4, 0, 0],
							"lerp_mode": "catmullrom"
						},
						"1.0": {
							"post": [-4, 0, 0],
							"lerp_mode": "catmullrom"
						},
						"1.5": {
							"post": [-4, 0, 0],
							"lerp_mode": "catmullrom"
						}
					},
					"position": {
						"0.0": {
							"post": [0, 0, 0],
							"lerp_mode": "catmullrom"
						}
					}
				},
				"UpperBody": {
					"rotation": {
						"0.0": {
							"post": [0, 0, 0],
							"lerp_mode": "catmullrom"
						},
						"0.25": {
							"post": [-5, 0, 0],
							"lerp_mode": "catmullrom"
						},
						"0.4167": {
							"post": [5, 0, 0],
							"lerp_mode": "catmullrom"
						},
						"0.6667": {
							"post": [4.25, 0, 0],
							"lerp_mode": "catmullrom"
						},
						"0.8333": {
							"post": [5, 0, 0],
							"lerp_mode": "catmullrom"
						},
						"1.0": {
							"post": [5, 0, 0],
							"lerp_mode": "catmullrom"
						},
						"1.5": {
							"post": [5, 0, 0],
							"lerp_mode": "catmullrom"
						}
					},
					"position": {
						"0.0": {
							"post": [0, 0, 0],
							"lerp_mode": "catmullrom"
						}
					}
				},
				"LeftArm": {
					"rotation": {
						"0.0": {
							"post": [0, 0, 0],
							"lerp_mode": "catmullrom"
						},
						"0.25": {
							"post": [-87.85882, 4.61451, -80.51949],
							"lerp_mode": "catmullrom"
						},
						"0.4167": {
							"post": [-98.55733, 36.48777, -85.68129],
							"lerp_mode": "catmullrom"
						}
					},
					"position": {
						"0.0": {
							"post": [0, 0, 0],
							"lerp_mode": "catmullrom"
						}
					}
				},
				"LeftForeArm": {
					"rotation": {
						"0.0": {
							"post": [0, 0, 0],
							"lerp_mode": "catmullrom"
						},
						"0.25": {
							"post": [-105, 0, 0],
							"lerp_mode": "catmullrom"
						}
					},
					"position": {
						"0.0": {
							"post": [0, 0, 0],
							"lerp_mode": "catmullrom"
						}
					}
				},
				"RightArm": {
					"rotation": {
						"0.0": {
							"post": [0, 0, 0],
							"lerp_mode": "catmullrom"
						},
						"0.25": {
							"post": [-84.83476, -27.0478, 78.75686],
							"lerp_mode": "catmullrom"
						},
						"0.4167": {
							"post": [-95.77005, -45.85387, 82.64597],
							"lerp_mode": "catmullrom"
						}
					},
					"position": {
						"0.0": {
							"post": [0, 0, 0],
							"lerp_mode": "catmullrom"
						}
					}
				},
				"RightForeArm": {
					"rotation": {
						"0.0": {
							"post": [0, 0, 0],
							"lerp_mode": "catmullrom"
						},
						"0.25": {
							"post": [-105, 0, 0],
							"lerp_mode": "catmullrom"
						},
						"0.4167": {
							"post": [-100, 0, 0],
							"lerp_mode": "catmullrom"
						}
					},
					"position": {
						"0.0": {
							"post": [0, 0, 0],
							"lerp_mode": "catmullrom"
						}
					}
				},
				"LeftLeg": {
					"rotation": {
						"0.0": {
							"post": [0, 0, 0],
							"lerp_mode": "catmullrom"
						},
						"0.25": {
							"post": [0, -5, -5],
							"lerp_mode": "catmullrom"
						}
					},
					"position": {
						"0.0": {
							"post": [0, 0, 0],
							"lerp_mode": "catmullrom"
						}
					}
				},
				"LeftLowerLeg": {
					"rotation": [0, 0, 0],
					"position": [0, 0, 0]
				},
				"LeftFoot": {
					"rotation": {
						"0.0": {
							"post": [0, 0, 0],
							"lerp_mode": "catmullrom"
						},
						"0.25": {
							"post": [0, -5, 5],
							"lerp_mode": "catmullrom"
						}
					},
					"position": {
						"0.0": {
							"post": [0, 0, 0],
							"lerp_mode": "catmullrom"
						}
					}
				},
				"RightLeg": {
					"rotation": {
						"0.0": {
							"post": [0, 0, 0],
							"lerp_mode": "catmullrom"
						},
						"0.25": {
							"post": [0, 5, 5],
							"lerp_mode": "catmullrom"
						}
					},
					"position": {
						"0.0": {
							"post": [0, 0, 0],
							"lerp_mode": "catmullrom"
						}
					}
				},
				"RightLowerLeg": {
					"rotation": {
						"0.0": {
							"post": [0, 0, 0],
							"lerp_mode": "catmullrom"
						}
					},
					"position": {
						"0.0": {
							"post": [0, 0, 0],
							"lerp_mode": "catmullrom"
						}
					}
				},
				"RightFoot": {
					"rotation": {
						"0.0": {
							"post": [0, 0, 0],
							"lerp_mode": "catmullrom"
						},
						"0.25": {
							"post": [0, 5, -5],
							"lerp_mode": "catmullrom"
						}
					},
					"position": {
						"0.0": {
							"post": [0, 0, 0],
							"lerp_mode": "catmullrom"
						}
					}
				},
				"AllBody": {
					"rotation": [0, 0, 0],
					"position": [0, 0, 0],
					"scale": 1
				},
				"AllHead": {
					"rotation": [0, 0, 0],
					"position": [0, 0, 0]
				},
				"Head": {
					"rotation": {
						"0.0": [0, 0, 0],
						"0.0833": [1.77084, 0, 0],
						"0.1667": [4.01873, 0, 0],
						"0.25": [-4.7, 0, 0],
						"0.3333": [-4.92143, 0, 0],
						"0.4167": [17.5, 0, 0],
						"0.5": [20.09526, 0, 0],
						"0.5833": [11.799, 0, 0],
						"0.6667": [-4.7, 0, 0],
						"0.75": [-3.67156, 0, 0],
						"0.8333": [17.5, 0, 0],
						"0.9167": [21.79995, 0, 0],
						"1.0": [5, 0, 0],
						"1.5": [5, 0, 0]
					},
					"position": {
						"0.0": {
							"post": [0, 0, 0],
							"lerp_mode": "catmullrom"
						}
					}
				},
				"Mouth": {
					"scale": 1
				}
			}
		},
		"extra3": {
			"loop": "hold_on_last_frame",
			"animation_length": 1.5,
			"bones": {
				"Root": {
					"rotation": {
						"0.0": {
							"post": [0, 0, 0],
							"lerp_mode": "catmullrom"
						}
					},
					"position": {
						"0.0": {
							"post": [0, 0, 0],
							"lerp_mode": "catmullrom"
						},
						"0.25": {
							"post": [0, -0.25, 0],
							"lerp_mode": "catmullrom"
						}
					},
					"scale": {
						"0.0": {
							"post": [1, 1, 1],
							"lerp_mode": "catmullrom"
						},
						"0.3333": {
							"post": [0.975, 1.05, 0.975],
							"lerp_mode": "catmullrom"
						},
						"0.4167": {
							"post": [1.025, 0.95, 1.025],
							"lerp_mode": "catmullrom"
						},
						"0.5833": {
							"post": [0.9875, 1.025, 0.9875],
							"lerp_mode": "catmullrom"
						},
						"0.75": {
							"post": [1.005, 0.99, 1.005],
							"lerp_mode": "catmullrom"
						},
						"0.8333": {
							"post": [1.025, 0.95, 1.025],
							"lerp_mode": "catmullrom"
						},
						"1.0": {
							"post": [0.9875, 1.025, 0.9875],
							"lerp_mode": "catmullrom"
						},
						"1.1667": {
							"post": [1.005, 0.99, 1.005],
							"lerp_mode": "catmullrom"
						},
						"1.5": {
							"post": [1, 1, 1],
							"lerp_mode": "catmullrom"
						}
					}
				},
				"UpBody": {
					"rotation": {
						"0.0": {
							"post": [0, 0, 0],
							"lerp_mode": "catmullrom"
						},
						"0.1667": {
							"post": [-2.5, 0, 0],
							"lerp_mode": "catmullrom"
						},
						"0.3333": {
							"post": [-3, 0, 0],
							"lerp_mode": "catmullrom"
						},
						"0.4167": {
							"post": [-2, 0, 0],
							"lerp_mode": "catmullrom"
						},
						"0.6667": {
							"post": [-2.5, 0, 0],
							"lerp_mode": "catmullrom"
						},
						"0.8333": {
							"post": [-3, 0, 0],
							"lerp_mode": "catmullrom"
						},
						"1.0": {
							"post": [-3, 0, 0],
							"lerp_mode": "catmullrom"
						},
						"1.5": {
							"post": [-3, 0, 0],
							"lerp_mode": "catmullrom"
						}
					},
					"position": {
						"0.0": {
							"post": [0, 0, 0],
							"lerp_mode": "catmullrom"
						}
					}
				},
				"UpperBody": {
					"rotation": {
						"0.0": {
							"post": [0, 0, 0],
							"lerp_mode": "catmullrom"
						},
						"0.25": {
							"post": [-5.01372, 2.9838, -0.37109],
							"lerp_mode": "catmullrom"
						},
						"0.4167": {
							"post": [5.01215, -2.33475, -0.34919],
							"lerp_mode": "catmullrom"
						},
						"0.6667": {
							"post": [4.25682, 1.21605, 0.24111],
							"lerp_mode": "catmullrom"
						},
						"0.8333": {
							"post": [5.00384, -2.24143, -0.1962],
							"lerp_mode": "catmullrom"
						},
						"1.0": {
							"post": [5.00384, -2.24143, -0.1962],
							"lerp_mode": "catmullrom"
						},
						"1.5": {
							"post": [5.00384, -2.24143, -0.1962],
							"lerp_mode": "catmullrom"
						}
					},
					"position": {
						"0.0": {
							"post": [0, 0, 0],
							"lerp_mode": "catmullrom"
						}
					}
				},
				"LeftArm": {
					"rotation": {
						"0.0": {
							"post": [0, 0, 0],
							"lerp_mode": "catmullrom"
						},
						"0.25": {
							"post": [-87.85882, 4.61451, -80.51949],
							"lerp_mode": "catmullrom"
						},
						"0.4167": {
							"post": [-98.55733, 36.48777, -85.68129],
							"lerp_mode": "catmullrom"
						}
					},
					"position": {
						"0.0": {
							"post": [0, 0, 0],
							"lerp_mode": "catmullrom"
						}
					}
				},
				"LeftForeArm": {
					"rotation": {
						"0.0": {
							"post": [0, 0, 0],
							"lerp_mode": "catmullrom"
						},
						"0.25": {
							"post": [-105, 0, 0],
							"lerp_mode": "catmullrom"
						}
					},
					"position": {
						"0.0": {
							"post": [0, 0, 0],
							"lerp_mode": "catmullrom"
						}
					}
				},
				"RightArm": {
					"rotation": {
						"0.0": {
							"post": [0, 0, 0],
							"lerp_mode": "catmullrom"
						},
						"0.25": {
							"post": [-84.83476, -27.0478, 78.75686],
							"lerp_mode": "catmullrom"
						},
						"0.4167": {
							"post": [-95.77005, -45.85387, 82.64597],
							"lerp_mode": "catmullrom"
						}
					},
					"position": {
						"0.0": {
							"post": [0, 0, 0],
							"lerp_mode": "catmullrom"
						}
					}
				},
				"RightForeArm": {
					"rotation": {
						"0.0": {
							"post": [0, 0, 0],
							"lerp_mode": "catmullrom"
						},
						"0.25": {
							"post": [-105, 0, 0],
							"lerp_mode": "catmullrom"
						},
						"0.4167": {
							"post": [-100, 0, 0],
							"lerp_mode": "catmullrom"
						}
					},
					"position": {
						"0.0": {
							"post": [0, 0, 0],
							"lerp_mode": "catmullrom"
						}
					}
				},
				"LeftLeg": {
					"rotation": {
						"0.0": {
							"post": [0, 0, 0],
							"lerp_mode": "catmullrom"
						},
						"0.25": {
							"post": [0, -5, -5],
							"lerp_mode": "catmullrom"
						}
					},
					"position": {
						"0.0": {
							"post": [0, 0, 0],
							"lerp_mode": "catmullrom"
						}
					}
				},
				"LeftLowerLeg": {
					"rotation": [0, 0, 0],
					"position": [0, 0, 0]
				},
				"LeftFoot": {
					"rotation": {
						"0.0": {
							"post": [0, 0, 0],
							"lerp_mode": "catmullrom"
						},
						"0.25": {
							"post": [0, -5, 5],
							"lerp_mode": "catmullrom"
						}
					},
					"position": {
						"0.0": {
							"post": [0, 0, 0],
							"lerp_mode": "catmullrom"
						}
					}
				},
				"RightLeg": {
					"rotation": {
						"0.0": {
							"post": [0, 0, 0],
							"lerp_mode": "catmullrom"
						},
						"0.25": {
							"post": [0, 5, 5],
							"lerp_mode": "catmullrom"
						}
					},
					"position": {
						"0.0": {
							"post": [0, 0, 0],
							"lerp_mode": "catmullrom"
						}
					}
				},
				"RightLowerLeg": {
					"rotation": {
						"0.0": {
							"post": [0, 0, 0],
							"lerp_mode": "catmullrom"
						}
					},
					"position": {
						"0.0": {
							"post": [0, 0, 0],
							"lerp_mode": "catmullrom"
						}
					}
				},
				"RightFoot": {
					"rotation": {
						"0.0": {
							"post": [0, 0, 0],
							"lerp_mode": "catmullrom"
						},
						"0.25": {
							"post": [0, 5, -5],
							"lerp_mode": "catmullrom"
						}
					},
					"position": {
						"0.0": {
							"post": [0, 0, 0],
							"lerp_mode": "catmullrom"
						}
					}
				},
				"AllBody": {
					"rotation": [0, 0, 0],
					"position": [0, 0, 0],
					"scale": 1
				},
				"AllHead": {
					"rotation": [0, 0, 0],
					"position": [0, 0, 0]
				},
				"Head": {
					"rotation": {
						"0.0": [0, 0, 0],
						"0.0833": [12.5, 0, 0],
						"0.1667": [12.7931, 13.51805, 3.54067],
						"0.25": [13.08619, 20.37228, 3.90399],
						"0.3333": [13.02579, -0.16859, 1.84312],
						"0.4167": [12.56041, -10.02382, -0.08408],
						"0.5": [12.5, 0, 0],
						"0.5833": [12.7931, 24.77059, 3.54067],
						"0.6667": [13.08619, 17.07228, 3.90399],
						"0.75": [12.85958, 4.71206, 0.5573],
						"0.8333": [12.60443, -7.32123, -1.63219],
						"0.9167": [12.60443, -10.01867, -1.9225],
						"1.0": [12.60443, -7.32123, -1.63219],
						"1.5": [12.60443, -7.32123, -1.63219]
					},
					"position": {
						"0.0": {
							"post": [0, 0, 0],
							"lerp_mode": "catmullrom"
						}
					}
				},
				"Mouth": {
					"rotation": [0, 0, 2.5],
					"scale": [0.6, 0.2, 1]
				}
			}
		},
		"extra4": {
			"loop": true,
			"animation_length": 0.6667,
			"bones": {
				"UpBody": {
					"rotation": {
						"0.0": [0, 30, 0],
						"0.0333": [0, 29.53493, 0],
						"0.0667": [0, 27.83202, 0],
						"0.1": [0, 24.06249, 0],
						"0.1333": [0, 16.21004, 0],
						"0.2": [0, -16.21004, 0],
						"0.2333": [0, -24.06249, 0],
						"0.2667": [0, -27.83202, 0],
						"0.3": [0, -29.53493, 0],
						"0.3333": [0, -30, 0],
						"0.3667": [0, -29.53493, 0],
						"0.4": [0, -27.83202, 0],
						"0.4333": [0, -24.06249, 0],
						"0.4667": [0, -16.21004, 0],
						"0.5333": [0, 16.21004, 0],
						"0.5667": [0, 24.06249, 0],
						"0.6": [0, 27.83202, 0],
						"0.6333": [0, 29.53493, 0],
						"0.6667": [0, 30, 0]
					}
				},
				"Tail": {
					"rotation": {
						"0.0": [0, 5.4, -2.83],
						"0.0333": [0, 0, 0],
						"0.0667": [0, -5.4, 2.83],
						"0.1": [0, -8.02, 5.47],
						"0.1333": [0, -9.28, 7.73],
						"0.1667": [0, -9.84, 9.36],
						"0.2": [0, -10, 10],
						"0.2333": [0, -9.84, 9.36],
						"0.2667": [0, -9.28, 7.73],
						"0.3": [0, -8.02, 5.47],
						"0.3333": [0, -5.4, 2.83],
						"0.3667": [0, 0, 0],
						"0.4": [0, 5.4, -2.83],
						"0.4333": [0, 8.02, -5.47],
						"0.4667": [0, 9.28, -7.73],
						"0.5": [0, 9.84, -9.36],
						"0.5333": [0, 10, -10],
						"0.5667": [0, 9.84, -9.36],
						"0.6": [0, 9.28, -7.73],
						"0.6333": [0, 8.02, -5.47],
						"0.6667": [0, 5.4, -2.83]
					}
				},
				"Tail2": {
					"rotation": {
						"0.0": [0, 10, 0],
						"0.0333": [0, 9.84, 0],
						"0.0667": [0, 9.28, 0],
						"0.1": [0, 8.02, 0],
						"0.1333": [0, 5.4, 0],
						"0.1667": [0, 0, 0],
						"0.2": [0, -5.4, 0],
						"0.2333": [0, -8.02, 0],
						"0.2667": [0, -9.28, 0],
						"0.3": [0, -9.84, 0],
						"0.3333": [0, -10, 0],
						"0.3667": [0, -9.84, 0],
						"0.4": [0, -9.28, 0],
						"0.4333": [0, -8.02, 0],
						"0.4667": [0, -5.4, 0],
						"0.5": [0, 0, 0],
						"0.5333": [0, 5.4, 0],
						"0.5667": [0, 8.02, 0],
						"0.6": [0, 9.28, 0],
						"0.6333": [0, 9.84, 0],
						"0.6667": [0, 10, 0]
					}
				},
				"Tail3": {
					"rotation": {
						"0.0": [0, 18.55, -15.46],
						"0.0333": [0, 19.69, -18.71],
						"0.0667": [0, 20, -20],
						"0.1": [0, 19.69, -18.71],
						"0.1333": [0, 18.55, -15.46],
						"0.1667": [0, 16.04, -10.94],
						"0.2": [0, 10.81, -5.65],
						"0.2333": [0, 0, 0],
						"0.2667": [0, -10.81, 5.65],
						"0.3": [0, -16.04, 10.94],
						"0.3333": [0, -18.55, 15.46],
						"0.3667": [0, -19.69, 18.71],
						"0.4": [0, -20, 20],
						"0.4333": [0, -19.69, 18.71],
						"0.4667": [0, -18.55, 15.46],
						"0.5": [0, -16.04, 10.94],
						"0.5333": [0, -10.81, 5.65],
						"0.5667": [0, 0, 0],
						"0.6": [0, 10.81, -5.65],
						"0.6333": [0, 16.04, -10.94],
						"0.6667": [0, 18.55, -15.46]
					}
				},
				"Tail4": {
					"rotation": {
						"0.0": [0, 10.81, 0],
						"0.0333": [0, 16.04, 0],
						"0.0667": [0, 18.55, 0],
						"0.1": [0, 19.69, 0],
						"0.1333": [0, 20, 0],
						"0.1667": [0, 19.69, 0],
						"0.2": [0, 18.55, 0],
						"0.2333": [0, 16.04, 0],
						"0.2667": [0, 10.81, 0],
						"0.3": [0, 0, 0],
						"0.3333": [0, -10.81, 0],
						"0.3667": [0, -16.04, 0],
						"0.4": [0, -18.55, 0],
						"0.4333": [0, -19.69, 0],
						"0.4667": [0, -20, 0],
						"0.5": [0, -19.69, 0],
						"0.5333": [0, -18.55, 0],
						"0.5667": [0, -16.04, 0],
						"0.6": [0, -10.81, 0],
						"0.6333": [0, 0, 0],
						"0.6667": [0, 10.81, 0]
					}
				},
				"Tail5": {
					"rotation": {
						"0.0": [0, -10.81, 0],
						"0.0333": [0, 0, 0],
						"0.0667": [0, 10.81, 0],
						"0.1": [0, 16.04, 0],
						"0.1333": [0, 18.55, 0],
						"0.1667": [0, 19.69, 0],
						"0.2": [0, 20, 0],
						"0.2333": [0, 19.69, 0],
						"0.2667": [0, 18.55, 0],
						"0.3": [0, 16.04, 0],
						"0.3333": [0, 10.81, 0],
						"0.3667": [0, 0, 0],
						"0.4": [0, -10.81, 0],
						"0.4333": [0, -16.04, 0],
						"0.4667": [0, -18.55, 0],
						"0.5": [0, -19.69, 0],
						"0.5333": [0, -20, 0],
						"0.5667": [0, -19.69, 0],
						"0.6": [0, -18.55, 0],
						"0.6333": [0, -16.04, 0],
						"0.6667": [0, -10.81, 0]
					}
				},
				"Tail6": {
					"rotation": {
						"0.0": [0, -18.55, 0],
						"0.0333": [0, -16.04, 0],
						"0.0667": [0, -10.81, 0],
						"0.1": [0, 0, 0],
						"0.1333": [0, 10.81, 0],
						"0.1667": [0, 16.04, 0],
						"0.2": [0, 18.55, 0],
						"0.2333": [0, 19.69, 0],
						"0.2667": [0, 20, 0],
						"0.3": [0, 19.69, 0],
						"0.3333": [0, 18.55, 0],
						"0.3667": [0, 16.04, 0],
						"0.4": [0, 10.81, 0],
						"0.4333": [0, 0, 0],
						"0.4667": [0, -10.81, 0],
						"0.5": [0, -16.04, 0],
						"0.5333": [0, -18.55, 0],
						"0.5667": [0, -19.69, 0],
						"0.6": [0, -20, 0],
						"0.6333": [0, -19.69, 0],
						"0.6667": [0, -18.55, 0]
					}
				},
				"Tail7": {
					"rotation": {
						"0.0": [0, -20, 0],
						"0.0333": [0, -19.69, 0],
						"0.0667": [0, -18.55, 0],
						"0.1": [0, -16.04, 0],
						"0.1333": [0, -10.81, 0],
						"0.1667": [0, 0, 0],
						"0.2": [0, 10.81, 0],
						"0.2333": [0, 16.04, 0],
						"0.2667": [0, 18.55, 0],
						"0.3": [0, 19.69, 0],
						"0.3333": [0, 20, 0],
						"0.3667": [0, 19.69, 0],
						"0.4": [0, 18.55, 0],
						"0.4333": [0, 16.04, 0],
						"0.4667": [0, 10.81, 0],
						"0.5": [0, 0, 0],
						"0.5333": [0, -10.81, 0],
						"0.5667": [0, -16.04, 0],
						"0.6": [0, -18.55, 0],
						"0.6333": [0, -19.69, 0],
						"0.6667": [0, -20, 0]
					}
				},
				"Head": {
					"rotation": {
						"0.0": [0, -25, 0],
						"0.0333": [0, -24.61244, 0],
						"0.0667": [0, -23.19335, 0],
						"0.1": [0, -20.05207, 0],
						"0.1333": [0, -13.50836, 0],
						"0.2": [0, 13.50836, 0],
						"0.2333": [0, 20.05207, 0],
						"0.2667": [0, 23.19335, 0],
						"0.3": [0, 24.61244, 0],
						"0.3333": [0, 25, 0],
						"0.3667": [0, 24.61244, 0],
						"0.4": [0, 23.19335, 0],
						"0.4333": [0, 20.05207, 0],
						"0.4667": [0, 13.50836, 0],
						"0.5333": [0, -13.50836, 0],
						"0.5667": [0, -20.05207, 0],
						"0.6": [0, -23.19335, 0],
						"0.6333": [0, -24.61244, 0],
						"0.6667": [0, -25, 0]
					}
				},
				"LeftArm": {
					"rotation": {
						"0.0": [-57.64114, 40.24616, -14.22161],
						"0.0333": [-57.13581, 40.15172, -14.3813],
						"0.0667": [-55.57043, 39.80685, -14.95958],
						"0.1": [-52.31843, 39.05398, -16.20393],
						"0.1333": [-46.16434, 37.55043, -18.59456],
						"0.2": [-25.63195, 32.05346, -26.62726],
						"0.2333": [-19.47972, 30.54349, -29.0205],
						"0.2667": [-16.2297, 29.78406, -30.26765],
						"0.3": [-14.66626, 29.4329, -30.84865],
						"0.3333": [-14.16278, 29.3325, -31.01094],
						"0.3667": [-14.48717, 29.42164, -30.85356],
						"0.4": [-15.9215, 29.76254, -30.27696],
						"0.4333": [-19.12186, 30.51362, -29.03326],
						"0.4667": [-25.36094, 32.01939, -26.64155],
						"0.5333": [-46.45061, 37.53405, -18.60173],
						"0.5667": [-52.68784, 39.04624, -16.20741],
						"0.6": [-55.88622, 39.80389, -14.96092],
						"0.6333": [-57.31861, 40.15107, -14.3816],
						"0.6667": [-57.64114, 40.24616, -14.22161]
					}
				},
				"LeftForeArm": {
					"rotation": {
						"0.0": [-70.34344, -2.24944, 17.35932],
						"0.0333": [-70.62408, -2.10823, 17.55244],
						"0.0667": [-72.09831, -1.62016, 18.7305],
						"0.1": [-75.53298, -0.66223, 21.44353],
						"0.1333": [-82.64223, 0.88183, 26.66837],
						"0.2": [-109.68303, 4.97681, 43.56237],
						"0.2333": [-116.79809, 6.52163, 48.78612],
						"0.2667": [-120.23861, 7.48056, 51.49796],
						"0.3": [-121.7184, 7.9697, 52.67483],
						"0.3333": [-122.00432, 8.11199, 52.86681],
						"0.3667": [-121.41802, 7.97172, 52.34019],
						"0.4": [-119.71285, 7.48423, 50.92645],
						"0.4333": [-116.16999, 6.52637, 48.13017],
						"0.4667": [-109.18256, 4.98178, 43.07152],
						"0.5333": [-83.18769, 0.88469, 27.14999],
						"0.5667": [-76.19445, -0.66067, 22.09243],
						"0.6": [-72.64573, -1.61951, 19.29735],
						"0.6333": [-70.93501, -2.10808, 17.88479],
						"0.6667": [-70.34344, -2.24944, 17.35932]
					}
				},
				"RightArm": {
					"rotation": {
						"0.0": [-3.50152, 10.37118, -0.31787],
						"0.0333": [-3.8764, 10.01507, -0.18618],
						"0.0667": [-5.415, 8.7084, 0.47382],
						"0.1": [-8.78718, 5.81, 1.96622],
						"0.1333": [-15.23687, -0.28013, 4.85574],
						"0.2": [-36.43388, -26.25864, 14.40169],
						"0.2333": [-42.88358, -32.34877, 17.2912],
						"0.2667": [-46.25576, -35.24718, 18.7836],
						"0.3": [-47.79436, -36.55384, 19.4436],
						"0.3333": [-48.16923, -36.90995, 19.5753],
						"0.3667": [-47.6672, -36.55384, 19.31646],
						"0.4": [-46.0376, -35.24718, 18.56547],
						"0.4333": [-42.6314, -32.34877, 17.03906],
						"0.4667": [-36.24333, -26.25864, 14.21115],
						"0.5333": [-15.42743, -0.28013, 5.04627],
						"0.5667": [-9.03935, 5.81, 2.21837],
						"0.6": [-5.63315, 8.7084, 0.69196],
						"0.6333": [-4.00356, 10.01507, -0.05903],
						"0.6667": [-3.50152, 10.37118, -0.31787]
					}
				},
				"RightForeArm": {
					"rotation": {
						"0.0": [-76.0489, -24.23706, -30.57936],
						"0.0333": [-76.01861, -24.27182, -30.66483],
						"0.0667": [-75.68765, -23.78909, -30.69552],
						"0.1": [-74.91908, -22.47466, -30.66387],
						"0.1333": [-73.52923, -19.69691, -30.571],
						"0.2": [-69.48764, -9.77594, -30.30356],
						"0.2333": [-68.09778, -6.99819, -30.21068],
						"0.2667": [-67.32921, -5.68376, -30.17903],
						"0.3": [-66.99825, -5.20103, -30.20972],
						"0.3333": [-66.96796, -5.23579, -30.29519],
						"0.3667": [-67.15366, -5.62141, -30.39066],
						"0.4": [-67.58681, -6.41209, -30.45388],
						"0.4333": [-68.38008, -7.85377, -30.48039],
						"0.4667": [-69.68464, -10.44085, -30.47086],
						"0.5333": [-73.33222, -19.032, -30.4037],
						"0.5667": [-74.63678, -21.61908, -30.39417],
						"0.6": [-75.43005, -23.06076, -30.42068],
						"0.6333": [-75.8632, -23.85144, -30.48389],
						"0.6667": [-76.0489, -24.23706, -30.57936]
					}
				},
				"RightHand": {
					"rotation": {
						"0.0": [0, 10, 0],
						"0.0333": [0.07751, 9.92683, 0],
						"0.0667": [0.36133, 9.65781, 0],
						"0.1": [0.98959, 9.05987, 0],
						"0.1333": [2.29833, 7.79313, 0],
						"0.2": [7.70167, 2.20687, 0],
						"0.2333": [9.01041, 0.94013, 0],
						"0.2667": [9.63867, 0.34219, 0],
						"0.3": [9.92249, 0.07317, 0],
						"0.3333": [10, 0, 0],
						"0.3667": [9.92249, 0.07317, 0],
						"0.4": [9.63867, 0.34219, 0],
						"0.4333": [9.01041, 0.94013, 0],
						"0.4667": [7.70167, 2.20687, 0],
						"0.5333": [2.29833, 7.79313, 0],
						"0.5667": [0.98959, 9.05987, 0],
						"0.6": [0.36133, 9.65781, 0],
						"0.6333": [0.07751, 9.92683, 0],
						"0.6667": [0, 10, 0]
					}
				},
				"LeftClothe": {
					"rotation": [0, 0, -5]
				},
				"RightClothe": {
					"rotation": [0, 0, 5]
				}
			}
		},
		"extra5": {
			"animation_length": 3,
			"bones": {
				"Root": {
					"scale": {
						"0.9583": [1, 1, 1],
						"1.2083": {
							"pre": [0, 0, 0],
							"post": [0, 0, 0],
							"lerp_mode": "catmullrom"
						},
						"1.5": [1, 1, 1]
					}
				},
				"LeftArm": {
					"rotation": {
						"0.0": {
							"post": [0, 0, 0],
							"lerp_mode": "catmullrom"
						},
						"0.5": {
							"post": [28.24912, -16.7796, -39.25088],
							"lerp_mode": "catmullrom"
						},
						"1.0": {
							"post": [28.24912, -16.7796, -39.25088],
							"lerp_mode": "catmullrom"
						},
						"1.125": {
							"post": [-75.09891, 2.68407, -71.72005],
							"lerp_mode": "catmullrom"
						},
						"1.5": {
							"post": [-75.09891, 2.68407, -71.72005],
							"lerp_mode": "catmullrom"
						},
						"1.6667": {
							"post": [28.24912, -16.7796, -39.25088],
							"lerp_mode": "catmullrom"
						},
						"2.5": {
							"post": [28.24912, -16.7796, -39.25088],
							"lerp_mode": "catmullrom"
						},
						"3.0": {
							"post": [0, 0, 0],
							"lerp_mode": "catmullrom"
						}
					}
				},
				"LeftForeArm": {
					"rotation": {
						"0.0": {
							"post": [0, 0, 0],
							"lerp_mode": "catmullrom"
						},
						"0.5": {
							"post": [0, 0, 0],
							"lerp_mode": "catmullrom"
						},
						"1.0": {
							"post": [0, 0, 0],
							"lerp_mode": "catmullrom"
						},
						"1.125": {
							"post": [-80, 0, 0],
							"lerp_mode": "catmullrom"
						},
						"1.5": {
							"post": [-80, 0, 0],
							"lerp_mode": "catmullrom"
						},
						"1.6667": {
							"post": [0, 0, 0],
							"lerp_mode": "catmullrom"
						},
						"2.5": {
							"post": [0, 0, 0],
							"lerp_mode": "catmullrom"
						},
						"3.0": {
							"post": [0, 0, 0],
							"lerp_mode": "catmullrom"
						}
					}
				},
				"RightArm": {
					"rotation": {
						"0.0": {
							"post": [0, 0, 0],
							"lerp_mode": "catmullrom"
						},
						"0.5": {
							"post": [-59.09314, -10.58927, 74.56488],
							"lerp_mode": "catmullrom"
						},
						"1.0": {
							"post": [-59.09314, -10.58927, 74.56488],
							"lerp_mode": "catmullrom"
						},
						"1.125": {
							"post": [41.71099, -5.63427, 68.87596],
							"lerp_mode": "catmullrom"
						},
						"1.5": {
							"post": [41.71099, -5.63427, 68.87596],
							"lerp_mode": "catmullrom"
						},
						"1.6667": {
							"post": [-59.09314, -10.58927, 74.56488],
							"lerp_mode": "catmullrom"
						},
						"2.5": {
							"post": [-59.09314, -10.58927, 74.56488],
							"lerp_mode": "catmullrom"
						},
						"3.0": {
							"post": [0, 0, 0],
							"lerp_mode": "catmullrom"
						}
					}
				},
				"RightForeArm": {
					"rotation": {
						"0.0": {
							"post": [0, 0, 0],
							"lerp_mode": "catmullrom"
						},
						"0.5": {
							"post": [-65, 0, 0],
							"lerp_mode": "catmullrom"
						},
						"1.0": {
							"post": [-65, 0, 0],
							"lerp_mode": "catmullrom"
						},
						"1.125": {
							"post": [0, 0, 0],
							"lerp_mode": "catmullrom"
						},
						"1.5": {
							"post": [0, 0, 0],
							"lerp_mode": "catmullrom"
						},
						"1.6667": {
							"post": [-65, 0, 0],
							"lerp_mode": "catmullrom"
						},
						"2.5": {
							"post": [-65, 0, 0],
							"lerp_mode": "catmullrom"
						},
						"3.0": {
							"post": [0, 0, 0],
							"lerp_mode": "catmullrom"
						}
					}
				},
				"Tail": {
					"rotation": {
						"0.0": {
							"post": [0, 0, 0],
							"lerp_mode": "catmullrom"
						},
						"0.5": {
							"post": [0, -17.5, 0],
							"lerp_mode": "catmullrom"
						},
						"1.0": {
							"post": [0, -17.5, 0],
							"lerp_mode": "catmullrom"
						},
						"1.125": {
							"post": [0, 40, 0],
							"lerp_mode": "catmullrom"
						},
						"1.5": {
							"post": [0, 40, 0],
							"lerp_mode": "catmullrom"
						},
						"1.6667": {
							"post": [0, -17.5, 0],
							"lerp_mode": "catmullrom"
						},
						"2.5": {
							"post": [0, -17.5, 0],
							"lerp_mode": "catmullrom"
						},
						"3.0": {
							"post": [0, 0, 0],
							"lerp_mode": "catmullrom"
						}
					}
				},
				"Tail2": {
					"rotation": [0, 0, 0]
				},
				"Tail3": {
					"rotation": {
						"0.0": {
							"post": [0, 0, 0],
							"lerp_mode": "catmullrom"
						},
						"0.5": {
							"post": [0, -17.5, 0],
							"lerp_mode": "catmullrom"
						},
						"1.0": {
							"post": [0, -17.5, 0],
							"lerp_mode": "catmullrom"
						},
						"1.125": {
							"post": [0, 40, 0],
							"lerp_mode": "catmullrom"
						},
						"1.5": {
							"post": [0, 40, 0],
							"lerp_mode": "catmullrom"
						},
						"1.6667": {
							"post": [0, -17.5, 0],
							"lerp_mode": "catmullrom"
						},
						"2.5": {
							"post": [0, -17.5, 0],
							"lerp_mode": "catmullrom"
						},
						"3.0": {
							"post": [0, 0, 0],
							"lerp_mode": "catmullrom"
						}
					}
				},
				"Tail4": {
					"rotation": {
						"0.0": {
							"post": [0, 0, 0],
							"lerp_mode": "catmullrom"
						},
						"0.5": {
							"post": [0, -17.5, 0],
							"lerp_mode": "catmullrom"
						},
						"1.0": {
							"post": [0, -17.5, 0],
							"lerp_mode": "catmullrom"
						},
						"1.125": {
							"post": [0, 40, 0],
							"lerp_mode": "catmullrom"
						},
						"1.5": {
							"post": [0, 40, 0],
							"lerp_mode": "catmullrom"
						},
						"1.6667": {
							"post": [0, -17.5, 0],
							"lerp_mode": "catmullrom"
						},
						"2.5": {
							"post": [0, -17.5, 0],
							"lerp_mode": "catmullrom"
						},
						"3.0": {
							"post": [0, 0, 0],
							"lerp_mode": "catmullrom"
						}
					}
				},
				"Tail5": {
					"rotation": [0, 0, 0]
				},
				"Tail6": {
					"rotation": [0, 0, 0]
				},
				"wb": {
					"rotation": {
						"0.0": {
							"post": [0, 0, 0],
							"lerp_mode": "catmullrom"
						},
						"0.5": {
							"post": [0, -17.5, 0],
							"lerp_mode": "catmullrom"
						},
						"1.0": {
							"post": [0, -17.5, 0],
							"lerp_mode": "catmullrom"
						},
						"1.125": {
							"post": [0, 40, 0],
							"lerp_mode": "catmullrom"
						},
						"1.5": {
							"post": [0, 40, 0],
							"lerp_mode": "catmullrom"
						},
						"1.6667": {
							"post": [0, -17.5, 0],
							"lerp_mode": "catmullrom"
						},
						"2.5": {
							"post": [0, -17.5, 0],
							"lerp_mode": "catmullrom"
						},
						"3.0": {
							"post": [0, 0, 0],
							"lerp_mode": "catmullrom"
						}
					}
				},
				"MRoot": {
					"rotation": {
						"0.0": {
							"post": [0, 0, 0],
							"lerp_mode": "catmullrom"
						},
						"0.0417": [0, 0.64057, 0],
						"0.0833": [0, 2.2637, 0],
						"0.125": [0, 4.50329, 0],
						"0.1667": [0, 7.10715, 0],
						"0.4167": [0, 24.45216, 0],
						"0.5": [0, 30, 0],
						"0.5417": [0, 32.49997, 0],
						"0.5833": [0, 34.55584, 0],
						"0.625": [0, 36.13546, 0],
						"0.6667": [0, 37.20726, 0],
						"0.7083": [0, 37.74161, 0],
						"0.75": [0, 37.71453, 0],
						"0.7917": [0, 37.1179, 0],
						"0.8333": [0, 35.97474, 0],
						"0.875": [0, 34.37107, 0],
						"0.9167": [0, 32.50977, 0],
						"0.9583": [0, 30.80409, 0],
						"1.0": [0, 30, 0],
						"1.25": {
							"pre": [0, -360, 0],
							"post": [0, -360, 0],
							"lerp_mode": "catmullrom"
						},
						"1.5": {
							"post": [0, -720, 0],
							"lerp_mode": "catmullrom"
						},
						"3.0": {
							"post": [0, -720, 0],
							"lerp_mode": "catmullrom"
						}
					}
				}
			},
			"timeline": {
				"1.2083": "v.roaming.a=1-v.roaming.b;",
				"1.25": "v.roaming.b=v.roaming.a;"
			}
		},
		"extra6": {
			"animation_length": 4.5,
			"bones": {
				"AllHead": {
					"rotation": {
						"1.6667": {
							"pre": [0, 0, 0],
							"post": [0, 0, 0],
							"lerp_mode": "catmullrom"
						},
						"1.9167": {
							"post": [15, 0, 0],
							"lerp_mode": "catmullrom"
						},
						"2.1667": {
							"post": [22.5, 0, 0],
							"lerp_mode": "catmullrom"
						},
						"2.625": {
							"post": [0, 0, 0],
							"lerp_mode": "catmullrom"
						},
						"3.0": {
							"post": [0, 0, 0],
							"lerp_mode": "catmullrom"
						},
						"3.9583": {
							"post": [0, 0, 0],
							"lerp_mode": "catmullrom"
						}
					}
				},
				"Head": {
					"rotation": {
						"0.0": [0, 0, 0],
						"1.0": ["ysm.head_pitch", "YSM.head_yaw", 0],
						"3.8333": ["ysm.head_pitch", "YSM.head_yaw", 0],
						"4.5": [0, 0, 0]
					}
				},
				"SpaceHelmet": {
					"rotation": {
						"1.6667": {
							"pre": [0, 0, 0],
							"post": [0, 0, 0],
							"lerp_mode": "catmullrom"
						},
						"1.9167": {
							"post": [25, 0, 0],
							"lerp_mode": "catmullrom"
						},
						"2.1667": {
							"post": [67.5, 0, 0],
							"lerp_mode": "catmullrom"
						},
						"2.625": {
							"post": [25, 0, 0],
							"lerp_mode": "catmullrom"
						},
						"3.0": {
							"post": [25, 0, 0],
							"lerp_mode": "catmullrom"
						}
					},
					"position": {
						"0.9167": [0, 0, 0],
						"1.6667": [0, 0, 0],
						"1.9167": {
							"pre": [0, 6, 0],
							"post": [0, 6, 0],
							"lerp_mode": "catmullrom"
						},
						"2.1667": {
							"post": [0, 4, -8],
							"lerp_mode": "catmullrom"
						},
						"2.625": {
							"post": [0, -8, -7],
							"lerp_mode": "catmullrom"
						},
						"3.0": {
							"post": [0, -8, -7],
							"lerp_mode": "catmullrom"
						}
					},
					"scale": {
						"0.9167": [1, 1, 1],
						"3.0": [1, 1, 1],
						"3.2083": [0, 0, 0]
					}
				},
				"SHmask": {
					"rotation": {
						"0.5": [0, 0, 0],
						"0.75": [-75, 0, 0]
					}
				},
				"LeftArm": {
					"rotation": {
						"1.0417": {
							"pre": [0, 0, 0],
							"post": [0, 0, 0],
							"lerp_mode": "catmullrom"
						},
						"1.4167": {
							"post": [-84.8152, -47.42109, 8.88709],
							"lerp_mode": "catmullrom"
						},
						"1.6667": {
							"post": [-84.8152, -47.42109, 8.88709],
							"lerp_mode": "catmullrom"
						},
						"1.9167": {
							"post": [-137.3152, -47.42109, 8.88709],
							"lerp_mode": "catmullrom"
						},
						"2.1667": {
							"post": [-75.17495, -20.2214, 13.87877],
							"lerp_mode": "catmullrom"
						},
						"2.625": {
							"post": [-23.156, 0.74161, -9.21578],
							"lerp_mode": "catmullrom"
						},
						"3.0": {
							"post": [-23.156, 0.74161, -9.21578],
							"lerp_mode": "catmullrom"
						},
						"3.2083": {
							"post": [-28.12881, 26.79538, -5.22518],
							"lerp_mode": "catmullrom"
						},
						"3.5": {
							"post": [-28.12881, 26.79538, -5.22518],
							"lerp_mode": "catmullrom"
						},
						"4.0833": {
							"post": [0, 0, 0],
							"lerp_mode": "catmullrom"
						}
					}
				},
				"LeftForeArm": {
					"rotation": {
						"1.0417": {
							"pre": [0, 0, 0],
							"post": [0, 0, 0],
							"lerp_mode": "catmullrom"
						},
						"1.4167": {
							"post": [-110, 0, 0],
							"lerp_mode": "catmullrom"
						},
						"1.6667": {
							"post": [-110, 0, 0],
							"lerp_mode": "catmullrom"
						},
						"1.9167": {
							"post": [-20, 0, 0],
							"lerp_mode": "catmullrom"
						},
						"2.1667": {
							"post": [-37.5, 0, 0],
							"lerp_mode": "catmullrom"
						},
						"2.625": {
							"post": [-70, 0, 0],
							"lerp_mode": "catmullrom"
						},
						"3.0": {
							"post": [-70, 0, 0],
							"lerp_mode": "catmullrom"
						},
						"4.0833": {
							"post": [0, 0, 0],
							"lerp_mode": "catmullrom"
						}
					}
				},
				"RightArm": {
					"rotation": {
						"0.0": {
							"post": [0, 0, 0],
							"lerp_mode": "catmullrom"
						},
						"0.25": {
							"post": [-67.5, 0, 0],
							"lerp_mode": "catmullrom"
						},
						"0.5": {
							"post": [-67.5, 0, 0],
							"lerp_mode": "catmullrom"
						},
						"0.75": {
							"post": [-109.53112, 2.8236, -14.27574],
							"lerp_mode": "catmullrom"
						},
						"1.0417": {
							"post": [-57.03112, 2.8236, -14.27574],
							"lerp_mode": "catmullrom"
						},
						"1.4167": {
							"post": [-84.8152, 47.42109, -8.88709],
							"lerp_mode": "catmullrom"
						},
						"1.6667": {
							"post": [-84.8152, 47.42109, -8.88709],
							"lerp_mode": "catmullrom"
						},
						"1.9167": {
							"post": [-137.3152, 47.42109, -8.88709],
							"lerp_mode": "catmullrom"
						},
						"2.1667": {
							"post": [-75.17495, 20.2214, -13.87877],
							"lerp_mode": "catmullrom"
						},
						"2.625": {
							"post": [-23.156, -0.74161, 9.21578],
							"lerp_mode": "catmullrom"
						},
						"3.0": {
							"post": [-23.156, -0.74161, 9.21578],
							"lerp_mode": "catmullrom"
						},
						"3.2083": {
							"post": [-28.12881, -26.79538, 5.22518],
							"lerp_mode": "catmullrom"
						},
						"3.5": {
							"post": [-28.12881, -26.79538, 5.22518],
							"lerp_mode": "catmullrom"
						},
						"4.0833": {
							"post": [0, 0, 0],
							"lerp_mode": "catmullrom"
						}
					}
				},
				"RightForeArm": {
					"rotation": {
						"0.0": {
							"post": [0, 0, 0],
							"lerp_mode": "catmullrom"
						},
						"0.25": {
							"post": [-105, 0, 0],
							"lerp_mode": "catmullrom"
						},
						"0.5": {
							"post": [-105, 0, 0],
							"lerp_mode": "catmullrom"
						},
						"0.75": {
							"post": [-60, 0, 0],
							"lerp_mode": "catmullrom"
						},
						"1.0417": {
							"post": [-85, 0, 0],
							"lerp_mode": "catmullrom"
						},
						"1.4167": {
							"post": [-110, 0, 0],
							"lerp_mode": "catmullrom"
						},
						"1.6667": {
							"post": [-110, 0, 0],
							"lerp_mode": "catmullrom"
						},
						"1.9167": {
							"post": [-20, 0, 0],
							"lerp_mode": "catmullrom"
						},
						"2.1667": {
							"post": [-37.5, 0, 0],
							"lerp_mode": "catmullrom"
						},
						"2.625": {
							"post": [-70, 0, 0],
							"lerp_mode": "catmullrom"
						},
						"3.0": {
							"post": [-70, 0, 0],
							"lerp_mode": "catmullrom"
						},
						"4.0833": {
							"post": [0, 0, 0],
							"lerp_mode": "catmullrom"
						}
					}
				},
				"BaseHair": {
					"scale": {
						"0.0": [0, 0, 0],
						"1.75": [0, 0, 0],
						"1.875": {
							"pre": [0, 0, 0],
							"post": [1, 1, 1]
						}
					}
				},
				"RightSideHair": {
					"scale": {
						"0.0": [0, 0, 0],
						"1.75": [0, 0, 0],
						"1.875": [1, 1, 1]
					}
				},
				"LeftSideHair": {
					"scale": {
						"0.0": [0, 0, 0],
						"1.75": [0, 0, 0],
						"1.875": [1, 1, 1]
					}
				},
				"LongHair": {
					"scale": {
						"0.0": [0, 0, 0],
						"1.75": [0, 0, 0],
						"1.875": [1, 1, 1]
					}
				},
				"LongRightHair": {
					"scale": {
						"0.0": [0, 0, 0],
						"1.75": [0, 0, 0],
						"1.875": [1, 1, 1]
					}
				},
				"LongLeftHair": {
					"scale": {
						"0.0": [0, 0, 0],
						"1.75": [0, 0, 0],
						"1.875": [1, 1, 1]
					}
				},
				"SpaceHelmetHair": {
					"scale": {
						"1.75": [1, 1, 1],
						"1.875": {
							"pre": [1, 1, 1],
							"post": [0, 0, 0]
						}
					}
				},
				"Ear": {
					"scale": {
						"0.0": [0, 0, 0],
						"1.75": [0, 0, 0],
						"1.875": [1, 1, 1]
					}
				}
			},
			"sound_effects": {
				"0.5833": {
					"effect": "minecraft:item.armor.equip_turtle"
				},
				"1.7917": {
					"effect": "minecraft:item.armor.equip_iron"
				},
				"3.125": {
					"effect": "minecraft:entity.item.pickup"
				}
			}
		},
		"extra7": {
			"animation_length": 4.5,
			"bones": {
				"AllHead": {
					"rotation": {
						"0.0": {
							"post": [0, 0, 0],
							"lerp_mode": "catmullrom"
						},
						"0.7083": {
							"post": [0, 0, 0],
							"lerp_mode": "catmullrom"
						},
						"1.0833": {
							"post": [0, 0, 0],
							"lerp_mode": "catmullrom"
						},
						"1.5417": {
							"post": [22.5, 0, 0],
							"lerp_mode": "catmullrom"
						},
						"1.7917": {
							"post": [15, 0, 0],
							"lerp_mode": "catmullrom"
						},
						"2.0417": {
							"post": [0, 0, 0],
							"lerp_mode": "catmullrom"
						}
					}
				},
				"Head": {
					"rotation": {
						"0.0": [0, 0, 0],
						"0.6667": ["ysm.head_pitch", "YSM.head_yaw", 0],
						"3.5": ["ysm.head_pitch", "YSM.head_yaw", 0],
						"4.5": [0, 0, 0]
					}
				},
				"SpaceHelmet": {
					"rotation": {
						"0.7083": {
							"pre": [25, 0, 0],
							"post": [25, 0, 0],
							"lerp_mode": "catmullrom"
						},
						"1.0833": {
							"post": [25, 0, 0],
							"lerp_mode": "catmullrom"
						},
						"1.5417": {
							"post": [67.5, 0, 0],
							"lerp_mode": "catmullrom"
						},
						"1.7917": {
							"post": [25, 0, 0],
							"lerp_mode": "catmullrom"
						},
						"2.0417": {
							"post": [0, 0, 0],
							"lerp_mode": "catmullrom"
						}
					},
					"position": {
						"0.7083": {
							"pre": [0, -8, -7],
							"post": [0, -8, -7],
							"lerp_mode": "catmullrom"
						},
						"1.0833": {
							"post": [0, -8, -7],
							"lerp_mode": "catmullrom"
						},
						"1.5417": {
							"post": [0, 4, -8],
							"lerp_mode": "catmullrom"
						},
						"1.7917": {
							"post": [0, 6, 0],
							"lerp_mode": "catmullrom"
						},
						"2.0417": [0, 0, 0],
						"2.7917": [0, 0, 0]
					},
					"scale": {
						"0.5": [0, 0, 0],
						"0.7083": [1, 1, 1],
						"2.7917": [1, 1, 1]
					}
				},
				"SHmask": {
					"rotation": {
						"2.9583": [-75, 0, 0],
						"3.2083": [0, 0, 0]
					}
				},
				"LeftArm": {
					"rotation": {
						"0.0": {
							"post": [0, 0, 0],
							"lerp_mode": "catmullrom"
						},
						"0.2083": {
							"post": [-28.12881, 26.79538, -5.22518],
							"lerp_mode": "catmullrom"
						},
						"0.5": {
							"post": [-28.12881, 26.79538, -5.22518],
							"lerp_mode": "catmullrom"
						},
						"0.7083": {
							"post": [-23.156, 0.74161, -9.21578],
							"lerp_mode": "catmullrom"
						},
						"1.0833": {
							"post": [-23.156, 0.74161, -9.21578],
							"lerp_mode": "catmullrom"
						},
						"1.5417": {
							"post": [-75.17495, -20.2214, 13.87877],
							"lerp_mode": "catmullrom"
						},
						"1.7917": {
							"post": [-137.3152, -47.42109, 8.88709],
							"lerp_mode": "catmullrom"
						},
						"2.0417": {
							"post": [-84.8152, -47.42109, 8.88709],
							"lerp_mode": "catmullrom"
						},
						"2.2917": {
							"post": [-84.8152, -47.42109, 8.88709],
							"lerp_mode": "catmullrom"
						},
						"2.6667": {
							"post": [0, 0, 0],
							"lerp_mode": "catmullrom"
						}
					}
				},
				"LeftForeArm": {
					"rotation": {
						"0.0": {
							"post": [0, 0, 0],
							"lerp_mode": "catmullrom"
						},
						"0.7083": {
							"post": [-70, 0, 0],
							"lerp_mode": "catmullrom"
						},
						"1.0833": {
							"post": [-70, 0, 0],
							"lerp_mode": "catmullrom"
						},
						"1.5417": {
							"post": [-37.5, 0, 0],
							"lerp_mode": "catmullrom"
						},
						"1.7917": {
							"post": [-20, 0, 0],
							"lerp_mode": "catmullrom"
						},
						"2.0417": {
							"post": [-110, 0, 0],
							"lerp_mode": "catmullrom"
						},
						"2.2917": {
							"post": [-110, 0, 0],
							"lerp_mode": "catmullrom"
						},
						"2.6667": {
							"post": [0, 0, 0],
							"lerp_mode": "catmullrom"
						}
					}
				},
				"RightArm": {
					"rotation": {
						"0.0": {
							"post": [0, 0, 0],
							"lerp_mode": "catmullrom"
						},
						"0.2083": {
							"post": [-28.12881, -26.79538, 5.22518],
							"lerp_mode": "catmullrom"
						},
						"0.5": {
							"post": [-28.12881, -26.79538, 5.22518],
							"lerp_mode": "catmullrom"
						},
						"0.7083": {
							"post": [-23.156, -0.74161, 9.21578],
							"lerp_mode": "catmullrom"
						},
						"1.0833": {
							"post": [-23.156, -0.74161, 9.21578],
							"lerp_mode": "catmullrom"
						},
						"1.5417": {
							"post": [-75.17495, 20.2214, -13.87877],
							"lerp_mode": "catmullrom"
						},
						"1.7917": {
							"post": [-137.3152, 47.42109, -8.88709],
							"lerp_mode": "catmullrom"
						},
						"2.0417": {
							"post": [-84.8152, 47.42109, -8.88709],
							"lerp_mode": "catmullrom"
						},
						"2.2917": {
							"post": [-84.8152, 47.42109, -8.88709],
							"lerp_mode": "catmullrom"
						},
						"2.6667": {
							"post": [-57.03112, 2.8236, -14.27574],
							"lerp_mode": "catmullrom"
						},
						"2.9583": {
							"post": [-109.53112, 2.8236, -14.27574],
							"lerp_mode": "catmullrom"
						},
						"3.2083": {
							"post": [-67.5, 0, 0],
							"lerp_mode": "catmullrom"
						},
						"3.4583": {
							"post": [-67.5, 0, 0],
							"lerp_mode": "catmullrom"
						},
						"4.0": {
							"post": [0, 0, 0],
							"lerp_mode": "catmullrom"
						},
						"4.5": {
							"post": [0, 0, 0],
							"lerp_mode": "catmullrom"
						}
					}
				},
				"RightForeArm": {
					"rotation": {
						"0.0": {
							"post": [0, 0, 0],
							"lerp_mode": "catmullrom"
						},
						"0.7083": {
							"post": [-70, 0, 0],
							"lerp_mode": "catmullrom"
						},
						"1.0833": {
							"post": [-70, 0, 0],
							"lerp_mode": "catmullrom"
						},
						"1.5417": {
							"post": [-37.5, 0, 0],
							"lerp_mode": "catmullrom"
						},
						"1.7917": {
							"post": [-20, 0, 0],
							"lerp_mode": "catmullrom"
						},
						"2.0417": {
							"post": [-110, 0, 0],
							"lerp_mode": "catmullrom"
						},
						"2.2917": {
							"post": [-110, 0, 0],
							"lerp_mode": "catmullrom"
						},
						"2.6667": {
							"post": [-85, 0, 0],
							"lerp_mode": "catmullrom"
						},
						"2.9583": {
							"post": [-60, 0, 0],
							"lerp_mode": "catmullrom"
						},
						"3.2083": {
							"post": [-105, 0, 0],
							"lerp_mode": "catmullrom"
						},
						"3.4583": {
							"post": [-105, 0, 0],
							"lerp_mode": "catmullrom"
						},
						"4.0": {
							"post": [0, 0, 0],
							"lerp_mode": "catmullrom"
						},
						"4.5": {
							"post": [0, 0, 0],
							"lerp_mode": "catmullrom"
						}
					}
				},
				"BaseHair": {
					"scale": {
						"1.875": [1, 1, 1],
						"2.0": {"pre": [1, 1, 1], "post": [0, 0, 0]},
						"3.75": [0, 0, 0]
					}
				},
				"RightSideHair": {
					"scale": {
						"1.875": [1, 1, 1],
						"2.0": [0, 0, 0],
						"3.75": [0, 0, 0]
					}
				},
				"LeftSideHair": {
					"scale": {
						"1.875": [1, 1, 1],
						"2.0": [0, 0, 0],
						"3.75": [0, 0, 0]
					}
				},
				"LongHair": {
					"scale": {
						"1.875": [1, 1, 1],
						"2.0": [0, 0, 0],
						"3.75": [0, 0, 0]
					}
				},
				"LongRightHair": {
					"scale": {
						"1.875": [1, 1, 1],
						"2.0": [0, 0, 0],
						"3.75": [0, 0, 0]
					}
				},
				"LongLeftHair": {
					"scale": {
						"1.875": [1, 1, 1],
						"2.0": [0, 0, 0],
						"3.75": [0, 0, 0]
					}
				},
				"SpaceHelmetHair": {
					"scale": {
						"1.875": [0, 0, 0],
						"2.0": {"pre": [0, 0, 0], "post": [1, 1, 1]}
					}
				},
				"Ear": {
					"scale": {
						"1.875": [1, 1, 1],
						"2.0": [0, 0, 0],
						"3.75": [0, 0, 0]
					}
				}
			},
			"sound_effects": {
				"0.5833": {
					"effect": "minecraft:entity.item.pickup"
				},
				"1.7917": {
					"effect": "minecraft:item.armor.equip_iron"
				},
				"3.125": {
					"effect": "minecraft:item.armor.equip_turtle"
				}
			}
		}
	},
	"geckolib_format_version": 2
}