{
	"format_version": "1.8.0",
	"animations": {
		"sneak": {
			"loop": true,
			"animation_length": 1,
			"bones": {
				"Root": {
					"rotation": [0, 0, 0],
					"position": {
						"0.0": [0, -12.3, 0],
						"0.0417": [0, -12.24, 0],
						"0.0833": [0, -12.06, 0],
						"0.125": [0, -11.8, 0],
						"0.1667": [0, -11.54, 0],
						"0.2083": [0, -11.36, 0],
						"0.25": [0, -11.3, 0],
						"0.2917": [0, -11.36, 0],
						"0.3333": [0, -11.54, 0],
						"0.375": [0, -11.8, 0],
						"0.4167": [0, -12.06, 0],
						"0.4583": [0, -12.24, 0],
						"0.5": [0, -12.3, 0],
						"0.5417": [0, -12.24, 0],
						"0.5833": [0, -12.06, 0],
						"0.625": [0, -11.8, 0],
						"0.6667": [0, -11.54, 0],
						"0.7083": [0, -11.36, 0],
						"0.75": [0, -11.3, 0],
						"0.7917": [0, -11.36, 0],
						"0.8333": [0, -11.54, 0],
						"0.875": [0, -11.8, 0],
						"0.9167": [0, -12.06, 0],
						"0.9583": [0, -12.24, 0],
						"1.0": [0, -12.3, 0]
					},
					"scale": 1
				},
				"AllBody": {
					"rotation": [0, 0, 0],
					"position": [0, 6, 0],
					"scale": 1
				},
				"UpBody": {
					"rotation": {
						"0.0": [32.5, -12.5, 0],
						"0.0417": [31.85, -12.34, 0.01],
						"0.0833": [31.56, -11.92, 0.17],
						"0.125": [31.53, -11.33, 0.42],
						"0.1667": [31.68, -10.63, 0.73],
						"0.2083": [31.98, -9.83, 1.08],
						"0.25": [32.27, -9.03, 1.44],
						"0.2917": [32.57, -8.23, 1.79],
						"0.3333": [32.87, -7.43, 2.15],
						"0.375": [33.02, -6.72, 2.46],
						"0.4167": [32.99, -6.13, 2.71],
						"0.4583": [32.7, -5.72, 2.87],
						"0.5": [32.05, -5.56, 2.88],
						"0.5417": [31.42, -5.72, 2.74],
						"0.5833": [31.18, -6.13, 2.54],
						"0.625": [31.22, -6.72, 2.3],
						"0.6667": [31.47, -7.43, 2.03],
						"0.7083": [31.87, -8.23, 1.73],
						"0.75": [32.27, -9.03, 1.44],
						"0.7917": [32.68, -9.83, 1.14],
						"0.8333": [33.08, -10.63, 0.85],
						"0.875": [33.32, -11.33, 0.58],
						"0.9167": [33.37, -11.92, 0.33],
						"0.9583": [33.13, -12.34, 0.13],
						"1.0": [32.5, -12.5, 0]
					},
					"position": [0, 0, 0]
				},
				"LeftArm": {
					"rotation": {
						"0.0": [17.42, 1.3, -7.39],
						"0.0417": [18.13, 1.29, -7.36],
						"0.0833": [18.95, 1.22, -7.48],
						"0.125": [19.98, 1.07, -7.82],
						"0.1667": [21.02, 0.91, -8.17],
						"0.2083": [22.05, 0.75, -8.51],
						"0.25": [23.08, 0.6, -8.86],
						"0.2917": [24.11, 0.44, -9.21],
						"0.3333": [25.12, 0.28, -9.58],
						"0.375": [26.01, 0.13, -9.9],
						"0.4167": [26.67, 0.02, -10.13],
						"0.4583": [27.02, -0.06, -10.25],
						"0.5": [26.93, -0.06, -10.22],
						"0.5417": [26.26, 0, -10.08],
						"0.5833": [25.12, 0.09, -9.88],
						"0.625": [23.66, 0.22, -9.62],
						"0.6667": [22.2, 0.35, -9.36],
						"0.7083": [20.75, 0.47, -9.1],
						"0.75": [19.43, 0.62, -8.81],
						"0.7917": [18.33, 0.76, -8.51],
						"0.8333": [17.5, 0.9, -8.23],
						"0.875": [16.98, 1.03, -7.96],
						"0.9167": [16.79, 1.15, -7.73],
						"0.9583": [16.93, 1.24, -7.53],
						"1.0": [17.42, 1.3, -7.39]
					},
					"position": [0, 0, 0]
				},
				"LeftForeArm": {
					"rotation": {
						"0.0": [-22.5, 0, 0],
						"0.0417": [-22.7, 0, 0],
						"0.0833": [-22.54, 0, 0],
						"0.125": [-22.11, 0, 0],
						"0.1667": [-21.51, 0, 0],
						"0.2083": [-20.75, 0, 0],
						"0.25": [-20, 0, 0],
						"0.2917": [-19.25, 0, 0],
						"0.3333": [-18.49, 0, 0],
						"0.375": [-17.89, 0, 0],
						"0.4167": [-17.46, 0, 0],
						"0.4583": [-17.3, 0, 0],
						"0.5": [-17.5, 0, 0],
						"0.5417": [-17.92, 0, 0],
						"0.5833": [-18.33, 0, 0],
						"0.625": [-18.75, 0, 0],
						"0.6667": [-19.17, 0, 0],
						"0.7083": [-19.58, 0, 0],
						"0.75": [-20, 0, 0],
						"0.7917": [-20.42, 0, 0],
						"0.8333": [-20.83, 0, 0],
						"0.875": [-21.25, 0, 0],
						"0.9167": [-21.67, 0, 0],
						"0.9583": [-22.08, 0, 0],
						"1.0": [-22.5, 0, 0]
					},
					"position": [0, 0, 0]
				},
				"RightArm": {
					"rotation": {
						"0.0": [-58.89, -4.89, 48.92],
						"0.0417": [-58.89, -5, 48.84],
						"0.0833": [-58.86, -5.37, 48.61],
						"0.125": [-58.83, -5.96, 48.27],
						"0.1667": [-58.79, -6.56, 47.93],
						"0.2083": [-58.77, -6.92, 47.69],
						"0.25": [-58.76, -7.03, 47.62],
						"0.2917": [-58.89, -6.98, 47.62],
						"0.3333": [-59.31, -6.82, 47.64],
						"0.375": [-60.01, -6.56, 47.66],
						"0.4167": [-60.71, -6.29, 47.69],
						"0.4583": [-61.14, -6.13, 47.71],
						"0.5": [-61.27, -6.09, 47.71],
						"0.5417": [-61.14, -6.13, 47.71],
						"0.5833": [-60.71, -6.29, 47.69],
						"0.625": [-60.01, -6.56, 47.66],
						"0.6667": [-59.31, -6.82, 47.64],
						"0.7083": [-58.89, -6.98, 47.62],
						"0.75": [-58.76, -7.03, 47.62],
						"0.7917": [-58.77, -6.92, 47.69],
						"0.8333": [-58.79, -6.56, 47.93],
						"0.875": [-58.83, -5.96, 48.27],
						"0.9167": [-58.86, -5.37, 48.61],
						"0.9583": [-58.89, -5, 48.84],
						"1.0": [-58.89, -4.89, 48.92]
					},
					"position": [0, 0, 0]
				},
				"RightForeArm": {
					"rotation": {
						"0.0": [-67.5, 0, 0],
						"0.0417": [-67.62, 0, 0],
						"0.0833": [-67.91, 0, 0],
						"0.125": [-68.45, 0, 0],
						"0.1667": [-68.99, 0, 0],
						"0.2083": [-69.53, 0, 0],
						"0.25": [-70.07, 0, 0],
						"0.2917": [-70.61, 0, 0],
						"0.3333": [-71.15, 0, 0],
						"0.375": [-71.62, 0, 0],
						"0.4167": [-72.09, 0, 0],
						"0.4583": [-72.38, 0, 0],
						"0.5": [-72.5, 0, 0],
						"0.5417": [-72.38, 0, 0],
						"0.5833": [-72.09, 0, 0],
						"0.625": [-71.55, 0, 0],
						"0.6667": [-71.01, 0, 0],
						"0.7083": [-70.47, 0, 0],
						"0.75": [-69.93, 0, 0],
						"0.7917": [-69.39, 0, 0],
						"0.8333": [-68.85, 0, 0],
						"0.875": [-68.38, 0, 0],
						"0.9167": [-67.91, 0, 0],
						"0.9583": [-67.62, 0, 0],
						"1.0": [-67.5, 0, 0]
					},
					"position": [0, 0, 0]
				},
				"AllHead": {
					"rotation": [0, 0, 0],
					"position": [0, 0, 0]
				},
				"Head": {
					"rotation": {
						"0.0": [-26.24, 13.07, -6.89],
						"0.0417": [-26.23, 12.64, -6.84],
						"0.0833": [-26.21, 12.03, -6.75],
						"0.125": [-26.19, 11.29, -6.65],
						"0.1667": [-26.17, 10.46, -6.54],
						"0.2083": [-26.14, 9.57, -6.42],
						"0.25": [-26.12, 8.66, -6.29],
						"0.2917": [-26.09, 7.78, -6.17],
						"0.3333": [-26.07, 6.97, -6.06],
						"0.375": [-26.05, 6.27, -5.97],
						"0.4167": [-26.03, 5.72, -5.89],
						"0.4583": [-26.02, 5.36, -5.84],
						"0.5": [-26.02, 5.23, -5.82],
						"0.5417": [-26.02, 5.36, -5.84],
						"0.5833": [-26.03, 5.72, -5.89],
						"0.625": [-26.05, 6.27, -5.97],
						"0.6667": [-26.07, 6.97, -6.06],
						"0.7083": [-26.09, 7.78, -6.17],
						"0.75": [-26.12, 8.66, -6.29],
						"0.7917": [-26.14, 9.57, -6.42],
						"0.8333": [-26.17, 10.46, -6.54],
						"0.875": [-26.19, 11.29, -6.65],
						"0.9167": [-26.21, 12.03, -6.75],
						"0.9583": [-26.23, 12.64, -6.84],
						"1.0": [-26.24, 13.07, -6.89]
					},
					"position": [0, 0, 0]
				},
				"Longhair": {
					"rotation": [32.5, 0, 0]
				},
				"DownBody": {
					"rotation": [0, -22.5, 0]
				},
				"LeftLeg": {
					"rotation": {
						"0.0": [-43.07, -7.45, -2.74],
						"0.0417": [-44.65, -6.95, -2.52],
						"0.0833": [-47.86, -6.32, -2.3],
						"0.125": [-54.25, -5.43, -2.01],
						"0.1667": [-63.71, -4.1, -1.45],
						"0.2083": [-72.87, -2.34, -0.39],
						"0.25": [-80.66, -0.46, 0.95],
						"0.2917": [-87.52, 2.64, 2.73],
						"0.3333": [-93.44, 8.17, 5.21],
						"0.375": [-97.89, 14.04, 7.74],
						"0.4167": [-100.27, 17.79, 9.58],
						"0.4583": [-100.53, 19.34, 10.7],
						"0.5": [-99.56, 19.33, 11.32],
						"0.5417": [-97.78, 18.55, 11.6],
						"0.5833": [-94.8, 17.32, 11.51],
						"0.625": [-90.59, 15.41, 10.89],
						"0.6667": [-85.24, 12.59, 9.79],
						"0.7083": [-78.92, 9.17, 8.79],
						"0.75": [-71.81, 5.94, 8.29],
						"0.7917": [-63.66, 2.4, 7.24],
						"0.8333": [-54.72, -1.75, 4.26],
						"0.875": [-47.51, -5.08, 0.6],
						"0.9167": [-43.71, -6.94, -1.69],
						"0.9583": [-42.58, -7.6, -2.65],
						"1.0": [-43.07, -7.45, -2.74]
					},
					"position": [0, 0, 0]
				},
				"LeftLowerLeg": {
					"rotation": {
						"0.0": [137.5, 0, 0],
						"0.0417": [139.04, 0, 0],
						"0.0833": [141.28, 0, 0],
						"0.125": [143.86, 0, 0],
						"0.1667": [145.58, 0, 0],
						"0.2083": [145.83, 0, 0],
						"0.25": [145, 0, 0],
						"0.2917": [141.91, 0, 0],
						"0.3333": [134.21, 0, 0],
						"0.375": [122.47, 0, 0],
						"0.4167": [112.52, 0, 0],
						"0.4583": [108.7, 0, 0],
						"0.5": [110, 0, 0],
						"0.5417": [113.34, 0, 0],
						"0.5833": [116.93, 0, 0],
						"0.625": [120.78, 0, 0],
						"0.6667": [124.63, 0, 0],
						"0.7083": [128.2, 0, 0],
						"0.75": [131.25, 0, 0],
						"0.7917": [133.54, 0, 0],
						"0.8333": [134.82, 0, 0],
						"0.875": [135.37, 0, 0],
						"0.9167": [135.78, 0, 0],
						"0.9583": [136.46, 0, 0],
						"1.0": [137.5, 0, 0]
					},
					"position": [0, 0, 0]
				},
				"LeftFoot": {
					"rotation": {
						"0.0": [-32.5, 0, 0],
						"0.0417": [-38.06, 0, 0.17],
						"0.0833": [-43.28, 0, 0.27],
						"0.125": [-47.63, 0, 0.25],
						"0.1667": [-50.58, 0, 0.14],
						"0.2083": [-52.09, 0, 0.04],
						"0.25": [-52.5, 0, 0],
						"0.2917": [-49.37, -0.15, -0.64],
						"0.3333": [-39.83, -0.61, -2.74],
						"0.375": [-26.11, -1.29, -5.75],
						"0.4167": [-13.56, -1.96, -8.2],
						"0.4583": [-6.24, -2.42, -9.45],
						"0.5": [-4.78, -2.58, -9.67],
						"0.5417": [-6.91, -2.5, -9.37],
						"0.5833": [-12.56, -2.27, -8.86],
						"0.625": [-22.91, -1.93, -8.06],
						"0.6667": [-33.62, -1.6, -6.98],
						"0.7083": [-42.94, -1.37, -5.82],
						"0.75": [-51.14, -1.29, -4.83],
						"0.7917": [-57.31, -1.21, -3.84],
						"0.8333": [-59.1, -0.98, -2.68],
						"0.875": [-53.69, -0.64, -1.61],
						"0.9167": [-40.12, -0.31, -0.81],
						"0.9583": [-30.89, -0.08, -0.29],
						"1.0": [-32.5, 0, 0]
					},
					"position": [0, 0, 0]
				},
				"RightLeg": {
					"rotation": {
						"0.0": [-103.24, 23.62, 0.89],
						"0.0417": [-100.05, 23.62, 0.89],
						"0.0833": [-95.97, 23.62, 0.89],
						"0.125": [-90.77, 23.62, 0.89],
						"0.1667": [-84.51, 23.62, 0.89],
						"0.2083": [-77.63, 23.62, 0.89],
						"0.25": [-70.74, 23.62, 0.89],
						"0.2917": [-63.15, 23.62, 0.89],
						"0.3333": [-54.67, 23.62, 0.89],
						"0.375": [-46.93, 23.62, 0.89],
						"0.4167": [-41.93, 23.62, 0.89],
						"0.4583": [-40.74, 23.62, 0.89],
						"0.5": [-43.24, 23.62, 0.89],
						"0.5417": [-47.47, 23.62, 1.21],
						"0.5833": [-51.99, 23.62, 2.2],
						"0.625": [-57.03, 23.62, 3.63],
						"0.6667": [-62.73, 23.62, 4.92],
						"0.7083": [-69.03, 23.62, 5.67],
						"0.75": [-75.74, 23.62, 5.89],
						"0.7917": [-83.22, 23.62, 5.64],
						"0.8333": [-91.46, 23.62, 4.87],
						"0.875": [-98.92, 23.62, 3.59],
						"0.9167": [-103.64, 23.62, 2.17],
						"0.9583": [-104.9, 23.62, 1.2],
						"1.0": [-103.24, 23.62, 0.89]
					},
					"position": [0, 0, 0]
				},
				"RightLowerLeg": {
					"rotation": {
						"0.0": [120, 0, 0],
						"0.0417": [121.75, 0, 0],
						"0.0833": [124.26, 0, 0],
						"0.125": [127.19, 0, 0],
						"0.1667": [130.19, 0, 0],
						"0.2083": [132.91, 0, 0],
						"0.25": [135, 0, 0],
						"0.2917": [136.33, 0, 0],
						"0.3333": [137.13, 0, 0],
						"0.375": [137.66, 0, 0],
						"0.4167": [138.15, 0, 0],
						"0.4583": [138.85, 0, 0],
						"0.5": [140, 0, 0],
						"0.5417": [142.17, 0, 0],
						"0.5833": [145.28, 0, 0],
						"0.625": [148.59, 0, 0],
						"0.6667": [151.39, 0, 0],
						"0.7083": [152.93, 0, 0],
						"0.75": [152.5, 0, 0],
						"0.7917": [149.31, 0, 0],
						"0.8333": [143.8, 0, 0],
						"0.875": [137.03, 0, 0],
						"0.9167": [130.09, 0, 0],
						"0.9583": [124.06, 0, 0],
						"1.0": [120, 0, 0]
					},
					"position": [0, 0, 0]
				},
				"RightFoot": {
					"rotation": {
						"0.0": [-15, 0, 0],
						"0.0417": [-21.12, 0, 0],
						"0.0833": [-30.37, 0, 0],
						"0.125": [-40.94, 0, 0],
						"0.1667": [-51.02, 0, 0],
						"0.2083": [-58.81, 0, 0],
						"0.25": [-62.5, 0, 0],
						"0.2917": [-60.75, 0, 0],
						"0.3333": [-54.72, 0, 0],
						"0.375": [-46.41, 0, 0],
						"0.4167": [-37.78, 0, 0],
						"0.4583": [-30.82, 0, 0],
						"0.5": [-27.5, 0, 0],
						"0.5417": [-28.92, 0, 0],
						"0.5833": [-33.7, 0, 0],
						"0.625": [-40.16, 0, 0],
						"0.6667": [-46.57, 0, 0],
						"0.7083": [-51.26, 0, 0],
						"0.75": [-52.5, 0, 0],
						"0.7917": [-49.43, 0, 0],
						"0.8333": [-43.24, 0, 0],
						"0.875": [-35.31, 0, 0],
						"0.9167": [-27.04, 0, 0],
						"0.9583": [-19.8, 0, 0],
						"1.0": [-15, 0, 0]
					},
					"position": [0, 0, 0]
				},
				"molang": {
					"rotation": ["v.bv=math.cos(2*query.anim_time*360/(24/24))*3", 0, 0]
				}
			}
		},
		"sneaking": {
			"loop": true,
			"bones": {
				"Root": {
					"rotation": [0, 0, 0],
					"position": [0, -10.3, 0],
					"scale": 1
				},
				"AllBody": {
					"rotation": [0, 0, 0],
					"position": [0, 4, 0],
					"scale": 1
				},
				"UpBody": {
					"rotation": [32.5, -12.5, 0],
					"position": [0, 0, 0]
				},
				"LeftArm": {
					"rotation": [17.41615, 1.29876, -7.38733],
					"position": [0, 0, 0]
				},
				"LeftForeArm": {
					"rotation": [-22.5, 0, 0],
					"position": [0, 0, 0]
				},
				"RightArm": {
					"rotation": [-58.89414, -4.89153, 48.91721],
					"position": [0, 0, 0]
				},
				"RightForeArm": {
					"rotation": [-67.5, 0, 0],
					"position": [0, 0, 0]
				},
				"AllHead": {
					"rotation": [0, 0, 0],
					"position": [0, 0, 0]
				},
				"Head": {
					"rotation": [-26.24184, 13.06793, -6.89391],
					"position": [0, 0, 0]
				},
				"Longhair": {
					"rotation": [32.5, 0, 0]
				},
				"DownBody": {
					"rotation": [0, -22.5, 0]
				},
				"LeftLeg": {
					"rotation": [-43.07225, -7.45242, -2.74092],
					"position": [0, 0, 0]
				},
				"LeftLowerLeg": {
					"rotation": [137.5, 0, 0],
					"position": [0, 0, 0]
				},
				"LeftFoot": {
					"rotation": [-32.5, 0, 0],
					"position": [0, 0, 0]
				},
				"RightLeg": {
					"rotation": [-103.24342, 23.61864, 0.8892],
					"position": [0, 0, 0]
				},
				"RightLowerLeg": {
					"rotation": [120, 0, 0],
					"position": [0, 0, 0]
				},
				"RightFoot": {
					"rotation": [-15, 0, 0],
					"position": [0, 0, 0]
				},
				"molang": {
					"rotation": ["v.bv=math.lerp(10,math.sin(q.anim_time*1440)*10,math.exp(-q.anim_time*5))", 0, 0]
				}
			}
		},
		"parallel0": {
			"loop": true,
			"bones": {
				"RightEyesBase": {
					"position": ["ysm.second_order('眼睛yaw', ysm.head_yaw/180, 1, 0.8, 0)", "ysm.second_order('眼睛pitch', ysm.head_pitch/360, 1, 0.8, 0)", 0]
				},
				"LeftEyesBase": {
					"position": ["ysm.second_order('眼睛yaw', ysm.head_yaw/180, 1, 0.8, 0)", "ysm.second_order('眼睛pitch', ysm.head_pitch/360, 1, 0.8, 0)", 0]
				},
				"Breast": {
					"rotation": [
						"ysm.second_order('胸部垂直', math.clamp(q.vertical_speed+v.bv,-30,30), 3, 0.3, 0)+ysm.second_order('胸部水平', math.clamp(q.ground_speed+v.bg,0,20), 2, 0.5, 1)",
						"ysm.second_order('胸部角速度', math.clamp(-0.01*q.yaw_speed,-30,30), 3, 0.3, 0)",
						0
					],
					"scale": [
						"1-0.002*(ysm.second_order('胸部垂直', math.clamp(q.vertical_speed+v.bv,-30,30), 3, 0.3, 0)+ysm.second_order('胸部水平', math.clamp(q.ground_speed+v.bg,0,20), 2, 0.5, 1))",
						"1+0.01*(ysm.second_order('胸部垂直', math.clamp(q.vertical_speed+v.bv,-30,30), 3, 0.3, 0)+ysm.second_order('胸部水平', math.clamp(q.ground_speed+v.bg,0,20), 2, 0.5, 1))",
						"1-0.008*(ysm.second_order('胸部垂直', math.clamp(q.vertical_speed+v.bv,-30,30), 3, 0.3, 0)+ysm.second_order('胸部水平', math.clamp(q.ground_speed+v.bg,0,20), 2, 0.5, 1))"
					]
				}
			}
		},
		"parallel1": {
			"loop": true
		},
		"parallel2": {
			"loop": true
		},
		"parallel3": {
			"loop": true
		},
		"parallel4": {
			"loop": true
		},
		"parallel5": {
			"loop": true
		},
		"parallel6": {
			"loop": true
		},
		"parallel7": {
			"loop": true
		},
		"Hair_Physics": {
			"loop": true,
			"animation_length": 0.0101,
			"bones": {
				"Right_SideDownHairM1": {
					"rotation": [
						"ysm.second_order('抬头头发防穿模', ysm.head_pitch>-10?ysm.head_pitch:-10, 1, 0.6, 0)+ysm.second_order('抬头头发防穿模b', ysm.head_pitch>-30?0:ysm.head_pitch+30, 1, 0.6, 0)+ysm.second_order('头发垂直', math.clamp(-5*q.vertical_speed+v.hv,-10,150), 1.5, 0.6, 0)+ysm.second_order('头发水平', math.clamp(q.ground_speed+v.hg,0,20), 1.5, 0.6, 0)+0.6*math.abs(ysm.second_order('头发角速度', math.clamp(0.05*q.yaw_speed,-80,80), 1.2, 0.3, 0))",
						0,
						"ysm.second_order('头发角速度', math.clamp(0.05*q.yaw_speed,-60,60), 1.2, 0.4, 0)"
					]
				},
				"Right_SideDownHairM2": {
					"rotation": ["10*ysm.second_order('A1x增量',v.HP_x,1.7,0.5,0)", 0, "5*ysm.second_order('A1z增量',v.HP_z,1.7,0.4,0)"]
				},
				"Right_SideDownHairM3": {
					"rotation": ["10*ysm.second_order('A1x增量',v.HP_x,1.7,0.5,0)", 0, "5*ysm.second_order('A1z增量',v.HP_z,1.7,0.4,0)"]
				},
				"MaWei_LeftA1": {
					"rotation": [
						"ysm.second_order('抬头头发防穿模', ysm.head_pitch>-10?ysm.head_pitch:-10, 1, 0.6, 0)+ysm.second_order('头发垂直', math.clamp(-5*q.vertical_speed+v.hv,-10,150), 1.5, 0.6, 0)+ysm.second_order('头发水平', math.clamp(q.ground_speed+v.hg,0,20), 1.5, 0.6, 0)+0.6*math.abs(ysm.second_order('头发角速度', math.clamp(0.05*q.yaw_speed,-80,80), 1.2, 0.3, 0))",
						0,
						"0.5*ysm.second_order('头发角速度', math.clamp(0.05*q.yaw_speed,-60,60), 1.2, 0.4, 0)"
					]
				},
				"MaWei_LeftA2": {
					"rotation": [
						"ysm.second_order('抬头头发防穿模', ysm.head_pitch>-10?ysm.head_pitch:-10, 1, 0.6, 0)+ysm.second_order('头发垂直', math.clamp(-5*q.vertical_speed+v.hv,-10,150), 1.5, 0.6, 0)+ysm.second_order('头发水平', math.clamp(q.ground_speed+v.hg,0,20), 1.5, 0.6, 0)+0.6*math.abs(ysm.second_order('头发角速度', math.clamp(0.05*q.yaw_speed,-80,80), 1.2, 0.3, 0))",
						0,
						"0.5*ysm.second_order('头发角速度', math.clamp(0.05*q.yaw_speed,-60,60), 1.2, 0.4, 0)"
					]
				},
				"BackHairA2": {
					"rotation": [
						"ysm.second_order('抬头头发防穿模', ysm.head_pitch>-10?ysm.head_pitch:-10, 1, 0.6, 0)+ysm.second_order('头发垂直', math.clamp(-5*q.vertical_speed+v.hv,-10,150), 1.5, 0.6, 0)+ysm.second_order('头发水平', math.clamp(q.ground_speed+v.hg,0,20), 1.5, 0.6, 0)+0.6*math.abs(ysm.second_order('头发角速度', math.clamp(0.05*q.yaw_speed,-80,80), 1.2, 0.3, 0))",
						0,
						"ysm.second_order('头发角速度', math.clamp(0.05*q.yaw_speed,-60,60), 1.2, 0.4, 0)"
					]
				},
				"BackHairB2": {
					"rotation": ["10*ysm.second_order('A1x增量',v.HP_x,1.7,0.5,0)", 0, "5*ysm.second_order('A1z增量',v.HP_z,1.7,0.4,0)"]
				},
				"BackHairC2": {
					"rotation": [
						"ysm.second_order('B1x增量',ysm.bone_rot('BackHairB1').x,2,0.5,0.2)-1.5*(5*ysm.second_order('A1x增量',v.HP_x,2,0.5,0))",
						0,
						"ysm.second_order('B1z增量',ysm.bone_rot('BackHairB1').z,2,0.5,0.2)"
					]
				},
				"BackHairD2": {
					"rotation": [
						"ysm.second_order('C1x增量',ysm.bone_rot('BackHairC1').x,2,0.5,0.2)-0.8*(5*ysm.second_order('A1x增量',v.HP_x,2,0.5,0))",
						0,
						"ysm.second_order('C1z增量',ysm.bone_rot('BackHairC1').z,2,0.4,0.2)"
					]
				},
				"BackHairE2": {
					"rotation": [
						"ysm.second_order('D1x增量',ysm.bone_rot('BackHairD1').x,2,0.5,0.2)-0.3*(5*ysm.second_order('A1x增量',v.HP_x,2,0.5,0))",
						0,
						"ysm.second_order('D1z增量',ysm.bone_rot('BackHairD1').z,2,0.5,0.2)"
					]
				},
				"BackHairA3": {
					"rotation": [
						"ysm.second_order('抬头头发防穿模', ysm.head_pitch>-10?ysm.head_pitch:-10, 1, 0.6, 0)+ysm.second_order('头发垂直', math.clamp(-5*q.vertical_speed+v.hv,-10,150), 1.5, 0.6, 0)+ysm.second_order('头发水平', math.clamp(q.ground_speed+v.hg,0,20), 1.5, 0.6, 0)+0.6*math.abs(ysm.second_order('头发角速度', math.clamp(0.05*q.yaw_speed,-80,80), 1.2, 0.3, 0))",
						0,
						"ysm.second_order('头发角速度', math.clamp(0.05*q.yaw_speed,-60,60), 1.2, 0.4, 0)"
					]
				},
				"BackHairB3": {
					"rotation": ["10*ysm.second_order('A1x增量',v.HP_x,1.7,0.5,0)", 0, "5*ysm.second_order('A1z增量',v.HP_z,1.7,0.4,0)"]
				},
				"BackHairC3": {
					"rotation": [
						"ysm.second_order('B1x增量',ysm.bone_rot('BackHairB1').x,2,0.5,0.2)-1.5*(5*ysm.second_order('A1x增量',v.HP_x,2,0.5,0))",
						0,
						"ysm.second_order('B1z增量',ysm.bone_rot('BackHairB1').z,2,0.5,0.2)"
					]
				},
				"BackHairD3": {
					"rotation": [
						"ysm.second_order('C1x增量',ysm.bone_rot('BackHairC1').x,2,0.5,0.2)-0.8*(5*ysm.second_order('A1x增量',v.HP_x,2,0.5,0))",
						0,
						"ysm.second_order('C1z增量',ysm.bone_rot('BackHairC1').z,2,0.4,0.2)"
					]
				},
				"BackHairE3": {
					"rotation": [
						"ysm.second_order('D1x增量',ysm.bone_rot('BackHairD1').x,2,0.5,0.2)-0.3*(5*ysm.second_order('A1x增量',v.HP_x,2,0.5,0))",
						0,
						"ysm.second_order('D1z增量',ysm.bone_rot('BackHairD1').z,2,0.5,0.2)"
					]
				},
				"BackHairRightA1": {
					"rotation": [
						"ysm.second_order('抬头头发防穿模', ysm.head_pitch>-10?ysm.head_pitch:-10, 1, 0.6, 0)+ysm.second_order('头发垂直', math.clamp(-5*q.vertical_speed+v.hv,-10,150), 1.5, 0.6, 0)+ysm.second_order('头发水平', math.clamp(q.ground_speed+v.hg,0,20), 1.5, 0.6, 0)+0.6*math.abs(ysm.second_order('头发角速度', math.clamp(0.05*q.yaw_speed,-80,80), 1.2, 0.3, 0))",
						0,
						"ysm.second_order('头发角速度', math.clamp(0.05*q.yaw_speed,-60,60), 1.2, 0.4, 0)"
					]
				},
				"BackHairRightB1": {
					"rotation": ["10*ysm.second_order('A1x增量',v.HP_x,1.7,0.5,0)", 0, "5*ysm.second_order('A1z增量',v.HP_z,1.7,0.4,0)"]
				},
				"BackHairRightC1": {
					"rotation": [
						"ysm.second_order('B1x增量',ysm.bone_rot('BackHairB1').x,2,0.5,0.2)-1.5*(5*ysm.second_order('A1x增量',v.HP_x,2,0.5,0))",
						0,
						"ysm.second_order('B1z增量',ysm.bone_rot('BackHairB1').z,2,0.5,0.2)"
					]
				},
				"BackHairLeftA1": {
					"rotation": [
						"ysm.second_order('抬头头发防穿模', ysm.head_pitch>-10?ysm.head_pitch:-10, 1, 0.6, 0)+ysm.second_order('头发垂直', math.clamp(-5*q.vertical_speed+v.hv,-10,150), 1.5, 0.6, 0)+ysm.second_order('头发水平', math.clamp(q.ground_speed+v.hg,0,20), 1.5, 0.6, 0)+0.6*math.abs(ysm.second_order('头发角速度', math.clamp(0.05*q.yaw_speed,-80,80), 1.2, 0.3, 0))",
						0,
						"ysm.second_order('头发角速度', math.clamp(0.05*q.yaw_speed,-60,60), 1.2, 0.4, 0)"
					]
				},
				"BackHairLeftB1": {
					"rotation": ["10*ysm.second_order('A1x增量',v.HP_x,1.7,0.5,0)", 0, "5*ysm.second_order('A1z增量',v.HP_z,1.7,0.4,0)"]
				},
				"BackHairLeftC1": {
					"rotation": [
						"ysm.second_order('B1x增量',ysm.bone_rot('BackHairB1').x,2,0.5,0.2)-1.5*(5*ysm.second_order('A1x增量',v.HP_x,2,0.5,0))",
						0,
						"ysm.second_order('B1z增量',ysm.bone_rot('BackHairB1').z,2,0.5,0.2)"
					]
				},
				"BackHairLeftD1": {
					"rotation": [
						"ysm.second_order('C1x增量',ysm.bone_rot('BackHairC1').x,2,0.5,0.2)-0.8*(5*ysm.second_order('A1x增量',v.HP_x,2,0.5,0))",
						0,
						"ysm.second_order('C1z增量',ysm.bone_rot('BackHairC1').z,2,0.4,0.2)"
					]
				},
				"BackHairRightA2": {
					"rotation": [
						"ysm.second_order('抬头头发防穿模', ysm.head_pitch>-10?ysm.head_pitch:-10, 1, 0.6, 0)+ysm.second_order('头发垂直', math.clamp(-5*q.vertical_speed+v.hv,-10,150), 1.5, 0.6, 0)+ysm.second_order('头发水平', math.clamp(q.ground_speed+v.hg,0,20), 1.5, 0.6, 0)+0.6*math.abs(ysm.second_order('头发角速度', math.clamp(0.05*q.yaw_speed,-80,80), 1.2, 0.3, 0))",
						0,
						"ysm.second_order('头发角速度', math.clamp(0.05*q.yaw_speed,-60,60), 1.2, 0.4, 0)"
					]
				},
				"BackHairRightB2": {
					"rotation": ["10*ysm.second_order('A1x增量',v.HP_x,1.7,0.5,0)", 0, "10*ysm.second_order('A1z增量',v.HP_z,1.7,0.4,0)"]
				},
				"BackHairRightC2": {
					"rotation": [
						"ysm.second_order('B1x增量',ysm.bone_rot('BackHairB1').x,2,0.5,0.2)-1.5*(5*ysm.second_order('A1x增量',v.HP_x,2,0.5,0))",
						0,
						"ysm.second_order('B1z增量',ysm.bone_rot('BackHairB1').z,2,0.5,0.2)"
					]
				},
				"BackHairRightD2": {
					"rotation": [
						"ysm.second_order('C1x增量',ysm.bone_rot('BackHairC1').x,2,0.5,0.2)-0.8*(5*ysm.second_order('A1x增量',v.HP_x,2,0.5,0))",
						0,
						"ysm.second_order('C1z增量',ysm.bone_rot('BackHairC1').z,2,0.4,0.2)"
					]
				},
				"BackHairLeftA2": {
					"rotation": [
						"ysm.second_order('抬头头发防穿模', ysm.head_pitch>-10?ysm.head_pitch:-10, 1, 0.6, 0)+ysm.second_order('头发垂直', math.clamp(-5*q.vertical_speed+v.hv,-10,150), 1.5, 0.6, 0)+ysm.second_order('头发水平', math.clamp(q.ground_speed+v.hg,0,20), 1.5, 0.6, 0)+0.6*math.abs(ysm.second_order('头发角速度', math.clamp(0.05*q.yaw_speed,-80,80), 1.2, 0.3, 0))",
						0,
						"ysm.second_order('头发角速度', math.clamp(0.05*q.yaw_speed,-60,60), 1.2, 0.4, 0)"
					]
				},
				"BackHairLeftB2": {
					"rotation": ["10*ysm.second_order('A1x增量',v.HP_x,1.7,0.5,0)", 0, "5*ysm.second_order('A1z增量',v.HP_z,1.7,0.4,0)"]
				},
				"BackHairLeftC2": {
					"rotation": [
						"ysm.second_order('B1x增量',ysm.bone_rot('BackHairB1').x,2,0.5,0.2)-1.5*(5*ysm.second_order('A1x增量',v.HP_x,2,0.5,0))",
						0,
						"ysm.second_order('B1z增量',ysm.bone_rot('BackHairB1').z,2,0.5,0.2)"
					]
				},
				"BackHairLeftD2": {
					"rotation": [
						"ysm.second_order('C1x增量',ysm.bone_rot('BackHairC1').x,2,0.5,0.2)-0.8*(5*ysm.second_order('A1x增量',v.HP_x,2,0.5,0))",
						0,
						"ysm.second_order('C1z增量',ysm.bone_rot('BackHairC1').z,2,0.4,0.2)"
					]
				},
				"BackHairRightA3": {
					"rotation": [
						"ysm.second_order('抬头头发防穿模', ysm.head_pitch>-10?ysm.head_pitch:-10, 1, 0.6, 0)+ysm.second_order('头发垂直', math.clamp(-5*q.vertical_speed+v.hv,-10,150), 1.5, 0.6, 0)+ysm.second_order('头发水平', math.clamp(q.ground_speed+v.hg,0,20), 1.5, 0.6, 0)+0.6*math.abs(ysm.second_order('头发角速度', math.clamp(0.05*q.yaw_speed,-80,80), 1.2, 0.3, 0))",
						0,
						"ysm.second_order('头发角速度', math.clamp(0.05*q.yaw_speed,-60,60), 1.2, 0.4, 0)"
					]
				},
				"BackHairRightB3": {
					"rotation": ["10*ysm.second_order('A1x增量',v.HP_x,1.7,0.5,0)", 0, "5*ysm.second_order('A1z增量',v.HP_z,1.7,0.4,0)"]
				},
				"BackHairRightC3": {
					"rotation": [
						"ysm.second_order('B1x增量',ysm.bone_rot('BackHairB1').x,2,0.5,0.2)-1.5*(5*ysm.second_order('A1x增量',v.HP_x,2,0.5,0))",
						0,
						"ysm.second_order('B1z增量',ysm.bone_rot('BackHairB1').z,2,0.5,0.2)"
					]
				},
				"BackHairRightD3": {
					"rotation": [
						"ysm.second_order('C1x增量',ysm.bone_rot('BackHairC1').x,2,0.5,0.2)-0.8*(5*ysm.second_order('A1x增量',v.HP_x,2,0.5,0))",
						0,
						"ysm.second_order('C1z增量',ysm.bone_rot('BackHairC1').z,2,0.4,0.2)"
					]
				},
				"BackHairLeftA3": {
					"rotation": [
						"ysm.second_order('抬头头发防穿模', ysm.head_pitch>-10?ysm.head_pitch:-10, 1, 0.6, 0)+ysm.second_order('头发垂直', math.clamp(-5*q.vertical_speed+v.hv,-10,150), 1.5, 0.6, 0)+ysm.second_order('头发水平', math.clamp(q.ground_speed+v.hg,0,20), 1.5, 0.6, 0)+0.6*math.abs(ysm.second_order('头发角速度', math.clamp(0.05*q.yaw_speed,-80,80), 1.2, 0.3, 0))",
						0,
						"ysm.second_order('头发角速度', math.clamp(0.05*q.yaw_speed,-60,60), 1.2, 0.4, 0)"
					]
				},
				"BackHairLeftB3": {
					"rotation": ["10*ysm.second_order('A1x增量',v.HP_x,1.7,0.5,0)", 0, "5*ysm.second_order('A1z增量',v.HP_z,1.7,0.4,0)"]
				},
				"BackHairLeftC3": {
					"rotation": [
						"ysm.second_order('B1x增量',ysm.bone_rot('BackHairB1').x,2,0.5,0.2)-1.5*(5*ysm.second_order('A1x增量',v.HP_x,2,0.5,0))",
						0,
						"ysm.second_order('B1z增量',ysm.bone_rot('BackHairB1').z,2,0.5,0.2)"
					]
				},
				"BackHairLeftD3": {
					"rotation": [
						"ysm.second_order('C1x增量',ysm.bone_rot('BackHairC1').x,2,0.5,0.2)-0.8*(5*ysm.second_order('A1x增量',v.HP_x,2,0.5,0))",
						0,
						"ysm.second_order('C1z增量',ysm.bone_rot('BackHairC1').z,2,0.4,0.2)"
					]
				},
				"ElytraLocator": {
					"rotation": [
						"ysm.second_order('头发垂直', math.clamp(-5*q.vertical_speed+v.hv,-10,150), 1.5, 0.6, 0)+ysm.second_order('头发水平', math.clamp(q.ground_speed+v.hg,0,20), 1.5, 0.6, 0)",
						0,
						"ysm.second_order('头发角速度', math.clamp(0.05*q.yaw_speed,-60,60), 1.2, 0.4, 0)"
					]
				},
				"BackHairA1": {
					"rotation": [
						"ysm.second_order('抬头头发防穿模', ysm.head_pitch>-10?ysm.head_pitch:-10, 1, 0.6, 0)+ysm.second_order('头发垂直', math.clamp(-5*q.vertical_speed+v.hv,-10,150), 1.5, 0.6, 0)+ysm.second_order('头发水平', math.clamp(q.ground_speed+v.hg,0,20), 1.5, 0.6, 0)+0.6*math.abs(ysm.second_order('头发角速度', math.clamp(0.05*q.yaw_speed,-80,80), 1.2, 0.3, 0))",
						0,
						"ysm.second_order('头发角速度', math.clamp(0.05*q.yaw_speed,-60,60), 1.2, 0.4, 0)"
					]
				},
				"BackHairB1": {
					"rotation": ["10*ysm.second_order('A1x增量',v.HP_x,1.7,0.5,0)", 0, "5*ysm.second_order('A1z增量',v.HP_z,1.7,0.4,0)"]
				},
				"BackHairC1": {
					"rotation": [
						"ysm.second_order('B1x增量',ysm.bone_rot('BackHairB1').x,2,0.5,0.2)-1.5*(5*ysm.second_order('A1x增量',v.HP_x,2,0.5,0))",
						0,
						"ysm.second_order('B1z增量',ysm.bone_rot('BackHairB1').z,2,0.5,0.2)"
					]
				},
				"BackHairD1": {
					"rotation": [
						"ysm.second_order('C1x增量',ysm.bone_rot('BackHairC1').x,2,0.5,0.2)-0.8*(5*ysm.second_order('A1x增量',v.HP_x,2,0.5,0))",
						0,
						"ysm.second_order('C1z增量',ysm.bone_rot('BackHairC1').z,2,0.4,0.2)"
					]
				},
				"BackHairE1": {
					"rotation": [
						"ysm.second_order('D1x增量',ysm.bone_rot('BackHairD1').x,2,0.5,0.2)-0.3*(5*ysm.second_order('A1x增量',v.HP_x,2,0.5,0))",
						0,
						"ysm.second_order('D1z增量',ysm.bone_rot('BackHairD1').z,2,0.5,0.2)"
					]
				},
				"BackHairRightD1": {
					"rotation": [
						"ysm.second_order('C1x增量',ysm.bone_rot('BackHairC1').x,2,0.5,0.2)-0.8*(5*ysm.second_order('A1x增量',v.HP_x,2,0.5,0))",
						0,
						"ysm.second_order('C1z增量',ysm.bone_rot('BackHairC1').z,2,0.4,0.2)"
					]
				},
				"F_BackHairLeftB3": {
					"rotation": ["ysm.second_order('抬头头发防穿模b', ysm.head_pitch>-30?0:ysm.head_pitch+30, 1, 0.6, 0)", 0, 0]
				},
				"F_BackHairB1": {
					"rotation": ["ysm.second_order('抬头头发防穿模b', ysm.head_pitch>-30?0:ysm.head_pitch+30, 1, 0.6, 0)", 0, 0]
				},
				"F_BackHairB2": {
					"rotation": ["ysm.second_order('抬头头发防穿模b', ysm.head_pitch>-30?0:ysm.head_pitch+30, 1, 0.6, 0)", 0, 0]
				},
				"F_BackHairB3": {
					"rotation": ["ysm.second_order('抬头头发防穿模b', ysm.head_pitch>-30?0:ysm.head_pitch+30, 1, 0.6, 0)", 0, 0]
				},
				"F_BackHairRightB1": {
					"rotation": ["ysm.second_order('抬头头发防穿模b', ysm.head_pitch>-30?0:ysm.head_pitch+30, 1, 0.6, 0)", 0, 0]
				},
				"F_BackHairRightB2": {
					"rotation": ["ysm.second_order('抬头头发防穿模b', ysm.head_pitch>-30?0:ysm.head_pitch+30, 1, 0.6, 0)", 0, 0]
				},
				"F_BackHairRightB3": {
					"rotation": ["ysm.second_order('抬头头发防穿模b', ysm.head_pitch>-30?0:ysm.head_pitch+30, 1, 0.6, 0)", 0, 0]
				},
				"F_BackHairLeftB1": {
					"rotation": ["ysm.second_order('抬头头发防穿模b', ysm.head_pitch>-30?0:ysm.head_pitch+30, 1, 0.6, 0)", 0, 0]
				},
				"F_BackHairLeftB2": {
					"rotation": ["ysm.second_order('抬头头发防穿模b', ysm.head_pitch>-30?0:ysm.head_pitch+30, 1, 0.6, 0)", 0, 0]
				},
				"MaWei_RightA1": {
					"rotation": [
						"ysm.second_order('抬头头发防穿模', ysm.head_pitch>-10?ysm.head_pitch:-10, 1, 0.6, 0)+ysm.second_order('头发垂直', math.clamp(-5*q.vertical_speed+v.hv,-10,150), 1.5, 0.6, 0)+ysm.second_order('头发水平', math.clamp(q.ground_speed+v.hg,0,20), 1.5, 0.6, 0)+0.6*math.abs(ysm.second_order('头发角速度', math.clamp(0.05*q.yaw_speed,-80,80), 1.2, 0.3, 0))",
						0,
						"0.5*ysm.second_order('头发角速度', math.clamp(0.05*q.yaw_speed,-60,60), 1.2, 0.4, 0)"
					]
				},
				"MaWei_RightA2": {
					"rotation": [
						"ysm.second_order('抬头头发防穿模', ysm.head_pitch>-10?ysm.head_pitch:-10, 1, 0.6, 0)+ysm.second_order('头发垂直', math.clamp(-5*q.vertical_speed+v.hv,-10,150), 1.5, 0.6, 0)+ysm.second_order('头发水平', math.clamp(q.ground_speed+v.hg,0,20), 1.5, 0.6, 0)+0.6*math.abs(ysm.second_order('头发角速度', math.clamp(0.05*q.yaw_speed,-80,80), 1.2, 0.3, 0))",
						0,
						"0.5*ysm.second_order('头发角速度', math.clamp(0.05*q.yaw_speed,-60,60), 1.2, 0.4, 0)"
					]
				},
				"MaWei_LeftA3": {
					"rotation": [
						"ysm.second_order('抬头头发防穿模', ysm.head_pitch>-10?ysm.head_pitch:-10, 1, 0.6, 0)+ysm.second_order('头发垂直', math.clamp(-5*q.vertical_speed+v.hv,-10,150), 1.5, 0.6, 0)+ysm.second_order('头发水平', math.clamp(q.ground_speed+v.hg,0,20), 1.5, 0.6, 0)+0.6*math.abs(ysm.second_order('头发角速度', math.clamp(0.05*q.yaw_speed,-80,80), 1.2, 0.3, 0))",
						0,
						"0.5*ysm.second_order('头发角速度', math.clamp(0.05*q.yaw_speed,-60,60), 1.2, 0.4, 0)"
					]
				},
				"MaWei_RightA3": {
					"rotation": [
						"ysm.second_order('抬头头发防穿模', ysm.head_pitch>-10?ysm.head_pitch:-10, 1, 0.6, 0)+ysm.second_order('头发垂直', math.clamp(-5*q.vertical_speed+v.hv,-10,150), 1.5, 0.6, 0)+ysm.second_order('头发水平', math.clamp(q.ground_speed+v.hg,0,20), 1.5, 0.6, 0)+0.6*math.abs(ysm.second_order('头发角速度', math.clamp(0.05*q.yaw_speed,-80,80), 1.2, 0.3, 0))",
						0,
						"0.5*ysm.second_order('头发角速度', math.clamp(0.05*q.yaw_speed,-60,60), 1.2, 0.4, 0)"
					]
				}
			},
			"timeline": {
				"0.0": [
					"v.HP_x_0=ysm.bone_rot('BackHairA1').x;",
					"v.HP_z_0=ysm.bone_rot('BackHairA1').z;",
					"v.HP_x=v.HP_x_0-v.HP_x_1;",
					"v.HP_z=v.HP_z_0-v.HP_z_1;"
				],
				"0.0101": ["v.HP_x_1=v.HP_x_0;", "v.HP_z_1=v.HP_z_0;"]
			}
		},
		"pre_parallel1": {
			"loop": true,
			"animation_length": 4,
			"bones": {
				"LeftEyebrow": {
					"position": {
						"0.0": {
							"post": [0, 0, 0],
							"lerp_mode": "catmullrom"
						},
						"0.0833": {
							"post": [0, -1.5, 0],
							"lerp_mode": "catmullrom"
						},
						"0.2083": {
							"post": [0, -1.5, 0],
							"lerp_mode": "catmullrom"
						},
						"0.2917": {
							"post": [0, 0, 0],
							"lerp_mode": "catmullrom"
						}
					}
				},
				"RightEyebrow": {
					"position": {
						"0.0": {
							"post": [0, 0, 0],
							"lerp_mode": "catmullrom"
						},
						"0.0833": {
							"post": [0, -1.5, 0],
							"lerp_mode": "catmullrom"
						},
						"0.2083": {
							"post": [0, -1.5, 0],
							"lerp_mode": "catmullrom"
						},
						"0.2917": {
							"post": [0, 0, 0],
							"lerp_mode": "catmullrom"
						}
					}
				},
				"LeftEyelid": {
					"scale": {
						"0.0": {
							"post": [1, 1, 1],
							"lerp_mode": "catmullrom"
						},
						"0.0833": {
							"post": [1, 0, 1],
							"lerp_mode": "catmullrom"
						},
						"0.2083": {
							"post": [1, 0, 1],
							"lerp_mode": "catmullrom"
						},
						"0.2917": {
							"post": [1, 1, 1],
							"lerp_mode": "catmullrom"
						}
					}
				},
				"LeftEyelight": {
					"rotation": {
						"0.0": [0, 0, 0],
						"0.25": [0, 0, 0],
						"0.3333": {
							"pre": [0, 0, 10],
							"post": [0, 0, 10],
							"lerp_mode": "catmullrom"
						},
						"0.4167": {
							"post": [0, 0, -7.5],
							"lerp_mode": "catmullrom"
						},
						"0.5": {
							"post": [0, 0, 5],
							"lerp_mode": "catmullrom"
						},
						"0.5833": {
							"post": [0, 0, -2.5],
							"lerp_mode": "catmullrom"
						},
						"0.6667": {
							"post": [0, 0, 1.2],
							"lerp_mode": "catmullrom"
						},
						"0.75": {
							"post": [0, 0, -0.5],
							"lerp_mode": "catmullrom"
						},
						"0.8333": [0, 0, 0]
					}
				},
				"RightEyelid": {
					"scale": {
						"0.0": {
							"post": [1, 1, 1],
							"lerp_mode": "catmullrom"
						},
						"0.0833": {
							"post": [1, 0, 1],
							"lerp_mode": "catmullrom"
						},
						"0.2083": {
							"post": [1, 0, 1],
							"lerp_mode": "catmullrom"
						},
						"0.2917": {
							"post": [1, 1, 1],
							"lerp_mode": "catmullrom"
						}
					}
				},
				"RightEyelight": {
					"rotation": {
						"0.0": [0, 0, 0],
						"0.25": [0, 0, 0],
						"0.3333": {
							"pre": [0, 0, 10],
							"post": [0, 0, 10],
							"lerp_mode": "catmullrom"
						},
						"0.4167": {
							"post": [0, 0, -7.5],
							"lerp_mode": "catmullrom"
						},
						"0.5": {
							"post": [0, 0, 5],
							"lerp_mode": "catmullrom"
						},
						"0.5833": {
							"post": [0, 0, -2.5],
							"lerp_mode": "catmullrom"
						},
						"0.6667": {
							"post": [0, 0, 1.2],
							"lerp_mode": "catmullrom"
						},
						"0.75": {
							"post": [0, 0, -0.5],
							"lerp_mode": "catmullrom"
						},
						"0.8333": [0, 0, 0]
					}
				}
			}
		},
		"pre_parallel2": {
			"loop": true,
			"bones": {
				"SheathLocator": {
					"scale": 0
				},
				"LeftWaistLocator": {
					"scale": 0
				},
				"BladeLocator": {
					"scale": 0
				}
			}
		},
		"pre_parallel3": {
			"loop": true
		},
		"pre_parallel4": {
			"loop": true
		},
		"pre_parallel6": {
			"loop": true
		},
		"pre_parallel7": {
			"loop": true
		}
	}
}