{
	"format_version": "1.12.0",
	"minecraft:geometry": [
		{
			"description": {
				"identifier": "geometry.unknown",
				"texture_width": 64,
				"texture_height": 64,
				"visible_bounds_width": 2,
				"visible_bounds_height": 1.5,
				"visible_bounds_offset": [0, 0.25, 0]
			},
			"bones": [
				{
					"name": "Root",
					"pivot": [3, 0, 0],
					"rotation": [-45, 0, 0],
					"cubes": [
						{
							"origin": [-3.1, -0.3, -0.3],
							"size": [25, 0.6, 0.6],
							"uv": {
								"north": {"uv": [0, 0], "uv_size": [25, 1]},
								"east": {"uv": [16, 26], "uv_size": [1, 1]},
								"south": {"uv": [0, 2], "uv_size": [25, 1]},
								"west": {"uv": [26, 17], "uv_size": [1, 1]},
								"up": {"uv": [0, 4], "uv_size": [25, 1]},
								"down": {"uv": [0, 7], "uv_size": [25, -1]}
							}
						},
						{
							"origin": [-3.125, -0.325, -0.325],
							"size": [2, 0.65, 0.65],
							"uv": {
								"north": {"uv": [11, 8], "uv_size": [2, 1]},
								"east": {"uv": [21, 26], "uv_size": [1, 1]},
								"south": {"uv": [11, 10], "uv_size": [2, 1]},
								"west": {"uv": [23, 26], "uv_size": [1, 1]},
								"up": {"uv": [6, 12], "uv_size": [2, 1]},
								"down": {"uv": [9, 13], "uv_size": [2, -1]}
							}
						},
						{
							"origin": [10.4, -0.325, -0.325],
							"size": [0.5, 0.65, 0.65],
							"uv": {
								"north": {"uv": [25, 26], "uv_size": [1, 1]},
								"east": {"uv": [5, 27], "uv_size": [1, 1]},
								"south": {"uv": [13, 27], "uv_size": [1, 1]},
								"west": {"uv": [27, 14], "uv_size": [1, 1]},
								"up": {"uv": [18, 27], "uv_size": [1, 1]},
								"down": {"uv": [27, 20], "uv_size": [1, -1]}
							}
						}
					]
				},
				{
					"name": "UpPl",
					"parent": "Root",
					"pivot": [17.55989, 0, 0],
					"rotation": [90, 0, 45],
					"cubes": [
						{
							"origin": [17.97995, -0.125, 1.04003],
							"size": [1.7, 0.2, 1.5],
							"pivot": [19.42995, -0.025, 1.04003],
							"rotation": [0, -30, 0],
							"uv": {
								"north": {"uv": [12, 12], "uv_size": [2, 1]},
								"east": {"uv": [27, 21], "uv_size": [1, 1]},
								"south": {"uv": [0, 13], "uv_size": [2, 1]},
								"west": {"uv": [27, 23], "uv_size": [1, 1]},
								"up": {"uv": [3, 13], "uv_size": [2, 1]},
								"down": {"uv": [6, 15], "uv_size": [2, -1]}
							}
						},
						{
							"origin": [16.27972, -0.15, 0.97038],
							"size": [1.7, 0.2, 1.5],
							"pivot": [19.42995, -0.075, 1.04003],
							"rotation": [0, -30, 0],
							"uv": {
								"north": {"uv": [14, 8], "uv_size": [2, 1]},
								"east": {"uv": [27, 25], "uv_size": [1, 1]},
								"south": {"uv": [9, 14], "uv_size": [2, 1]},
								"west": {"uv": [27, 27], "uv_size": [1, 1]},
								"up": {"uv": [14, 10], "uv_size": [2, 1]},
								"down": {"uv": [12, 15], "uv_size": [2, -1]}
							}
						},
						{
							"origin": [14.58226, -0.175, 1.00377],
							"size": [1.7, 0.2, 1.5],
							"pivot": [19.42995, -0.125, 1.04003],
							"rotation": [0, -30, 0],
							"uv": {
								"north": {"uv": [0, 15], "uv_size": [2, 1]},
								"east": {"uv": [28, 0], "uv_size": [1, 1]},
								"south": {"uv": [3, 15], "uv_size": [2, 1]},
								"west": {"uv": [2, 28], "uv_size": [1, 1]},
								"up": {"uv": [15, 12], "uv_size": [2, 1]},
								"down": {"uv": [15, 15], "uv_size": [2, -1]}
							}
						}
					]
				},
				{
					"name": "DownPl",
					"parent": "Root",
					"pivot": [17.55989, 0, 0],
					"rotation": [-90, 0, -45],
					"cubes": [
						{
							"origin": [17.97995, -0.125, 1.04003],
							"size": [1.7, 0.2, 1.5],
							"pivot": [19.42995, -0.025, 1.04003],
							"rotation": [0, -30, 0],
							"uv": {
								"north": {"uv": [6, 16], "uv_size": [2, 1]},
								"east": {"uv": [28, 5], "uv_size": [1, 1]},
								"south": {"uv": [9, 16], "uv_size": [2, 1]},
								"west": {"uv": [10, 28], "uv_size": [1, 1]},
								"up": {"uv": [12, 16], "uv_size": [2, 1]},
								"down": {"uv": [15, 17], "uv_size": [2, -1]}
							}
						},
						{
							"origin": [16.27972, -0.1, 0.97038],
							"size": [1.7, 0.2, 1.5],
							"pivot": [19.42995, -0.025, 1.04003],
							"rotation": [0, -30, 0],
							"uv": {
								"north": {"uv": [0, 17], "uv_size": [2, 1]},
								"east": {"uv": [15, 28], "uv_size": [1, 1]},
								"south": {"uv": [3, 17], "uv_size": [2, 1]},
								"west": {"uv": [28, 16], "uv_size": [1, 1]},
								"up": {"uv": [17, 8], "uv_size": [2, 1]},
								"down": {"uv": [17, 11], "uv_size": [2, -1]}
							}
						},
						{
							"origin": [14.58226, -0.075, 1.00377],
							"size": [1.7, 0.2, 1.5],
							"pivot": [19.42995, -0.025, 1.04003],
							"rotation": [0, -30, 0],
							"uv": {
								"north": {"uv": [6, 18], "uv_size": [2, 1]},
								"east": {"uv": [20, 28], "uv_size": [1, 1]},
								"south": {"uv": [9, 18], "uv_size": [2, 1]},
								"west": {"uv": [22, 28], "uv_size": [1, 1]},
								"up": {"uv": [12, 18], "uv_size": [2, 1]},
								"down": {"uv": [18, 13], "uv_size": [2, -1]}
							}
						}
					]
				},
				{
					"name": "LeftPl",
					"parent": "Root",
					"pivot": [17.55989, 0, 0],
					"rotation": [0, 45, 0],
					"cubes": [
						{
							"origin": [17.97995, -0.125, 1.04003],
							"size": [1.7, 0.2, 1.5],
							"pivot": [19.42995, -0.025, 1.04003],
							"rotation": [0, -30, 0],
							"uv": {
								"north": {"uv": [18, 14], "uv_size": [2, 1]},
								"east": {"uv": [24, 28], "uv_size": [1, 1]},
								"south": {"uv": [15, 18], "uv_size": [2, 1]},
								"west": {"uv": [0, 29], "uv_size": [1, 1]},
								"up": {"uv": [18, 16], "uv_size": [2, 1]},
								"down": {"uv": [18, 19], "uv_size": [2, -1]}
							}
						},
						{
							"origin": [16.27972, -0.15, 0.97038],
							"size": [1.7, 0.2, 1.5],
							"pivot": [19.42995, -0.025, 1.04003],
							"rotation": [0, -30, 0],
							"uv": {
								"north": {"uv": [0, 19], "uv_size": [2, 1]},
								"east": {"uv": [29, 2], "uv_size": [1, 1]},
								"south": {"uv": [3, 19], "uv_size": [2, 1]},
								"west": {"uv": [4, 29], "uv_size": [1, 1]},
								"up": {"uv": [6, 20], "uv_size": [2, 1]},
								"down": {"uv": [20, 9], "uv_size": [2, -1]}
							}
						},
						{
							"origin": [14.58226, -0.175, 1.00377],
							"size": [1.7, 0.2, 1.5],
							"pivot": [19.42995, -0.025, 1.04003],
							"rotation": [0, -30, 0],
							"uv": {
								"north": {"uv": [9, 20], "uv_size": [2, 1]},
								"east": {"uv": [6, 29], "uv_size": [1, 1]},
								"south": {"uv": [20, 10], "uv_size": [2, 1]},
								"west": {"uv": [29, 7], "uv_size": [1, 1]},
								"up": {"uv": [12, 20], "uv_size": [2, 1]},
								"down": {"uv": [15, 21], "uv_size": [2, -1]}
							}
						}
					]
				},
				{
					"name": "RightPl",
					"parent": "Root",
					"pivot": [17.55989, 0, 0],
					"rotation": [0, -45, 0],
					"cubes": [
						{
							"origin": [17.97995, -0.125, -2.54003],
							"size": [1.7, 0.2, 1.5],
							"pivot": [19.42995, -0.025, -1.04003],
							"rotation": [0, 30, 0],
							"uv": {
								"north": {"uv": [18, 20], "uv_size": [2, 1]},
								"east": {"uv": [8, 29], "uv_size": [1, 1]},
								"south": {"uv": [0, 21], "uv_size": [2, 1]},
								"west": {"uv": [29, 9], "uv_size": [1, 1]},
								"up": {"uv": [3, 21], "uv_size": [2, 1]},
								"down": {"uv": [21, 13], "uv_size": [2, -1]}
							}
						},
						{
							"origin": [16.27972, -0.15, -2.47038],
							"size": [1.7, 0.2, 1.5],
							"pivot": [19.42995, -0.025, -1.04003],
							"rotation": [0, 30, 0],
							"uv": {
								"north": {"uv": [21, 14], "uv_size": [2, 1]},
								"east": {"uv": [29, 11], "uv_size": [1, 1]},
								"south": {"uv": [21, 16], "uv_size": [2, 1]},
								"west": {"uv": [12, 29], "uv_size": [1, 1]},
								"up": {"uv": [21, 18], "uv_size": [2, 1]},
								"down": {"uv": [21, 21], "uv_size": [2, -1]}
							}
						},
						{
							"origin": [14.58226, -0.175, -2.50377],
							"size": [1.7, 0.2, 1.5],
							"pivot": [19.42995, -0.025, -1.04003],
							"rotation": [0, 30, 0],
							"uv": {
								"north": {"uv": [6, 22], "uv_size": [2, 1]},
								"east": {"uv": [29, 13], "uv_size": [1, 1]},
								"south": {"uv": [9, 22], "uv_size": [2, 1]},
								"west": {"uv": [17, 29], "uv_size": [1, 1]},
								"up": {"uv": [12, 22], "uv_size": [2, 1]},
								"down": {"uv": [15, 23], "uv_size": [2, -1]}
							}
						}
					]
				},
				{
					"name": "Other",
					"parent": "Root",
					"pivot": [2, 0, 0],
					"cubes": [
						{
							"origin": [12.2, -0.35, -0.35],
							"size": [1, 0.7, 0.7],
							"uv": {
								"north": {"uv": [33, 10], "uv_size": [1, 1]},
								"east": {"uv": [12, 33], "uv_size": [1, 1]},
								"south": {"uv": [33, 12], "uv_size": [1, 1]},
								"west": {"uv": [16, 33], "uv_size": [1, 1]},
								"up": {"uv": [33, 16], "uv_size": [1, 1]},
								"down": {"uv": [33, 19], "uv_size": [1, -1]}
							}
						}
					]
				},
				{
					"name": "Bowknot",
					"parent": "Other",
					"pivot": [12.65, 0, 0],
					"cubes": [
						{
							"origin": [12.25, 0.15, -1.65],
							"size": [0.4, 0.3, 1.7],
							"pivot": [12.65, 0, 0],
							"rotation": [0, 15, 0],
							"uv": {
								"north": {"uv": [29, 18], "uv_size": [1, 1]},
								"east": {"uv": [18, 22], "uv_size": [2, 1]},
								"south": {"uv": [29, 20], "uv_size": [1, 1]},
								"west": {"uv": [21, 22], "uv_size": [2, 1]},
								"up": {"uv": [0, 23], "uv_size": [1, 2]},
								"down": {"uv": [2, 25], "uv_size": [1, -2]}
							}
						},
						{
							"origin": [11.4261, 0.15, -1.87668],
							"size": [0.4, 0.3, 0.7],
							"pivot": [12.65, 0, 0],
							"rotation": [0, -17.5, 0],
							"uv": {
								"north": {"uv": [29, 22], "uv_size": [1, 1]},
								"east": {"uv": [29, 24], "uv_size": [1, 1]},
								"south": {"uv": [26, 29], "uv_size": [1, 1]},
								"west": {"uv": [29, 26], "uv_size": [1, 1]},
								"up": {"uv": [28, 29], "uv_size": [1, 1]},
								"down": {"uv": [30, 1], "uv_size": [1, -1]}
							}
						},
						{
							"origin": [10.60944, 0.15, -1.62517],
							"size": [0.4, 0.3, 0.7],
							"pivot": [12.65, 0, 0],
							"rotation": [0, -50, 0],
							"uv": {
								"north": {"uv": [2, 30], "uv_size": [1, 1]},
								"east": {"uv": [30, 4], "uv_size": [1, 1]},
								"south": {"uv": [10, 30], "uv_size": [1, 1]},
								"west": {"uv": [14, 30], "uv_size": [1, 1]},
								"up": {"uv": [30, 15], "uv_size": [1, 1]},
								"down": {"uv": [19, 31], "uv_size": [1, -1]}
							}
						},
						{
							"origin": [14.79339, 0.15, -0.58037],
							"size": [0.4, 0.3, 1.15],
							"pivot": [12.65, 0, 0],
							"rotation": [0, 78.5, 0],
							"uv": {
								"north": {"uv": [21, 30], "uv_size": [1, 1]},
								"east": {"uv": [23, 30], "uv_size": [1, 1]},
								"south": {"uv": [30, 28], "uv_size": [1, 1]},
								"west": {"uv": [30, 30], "uv_size": [1, 1]},
								"up": {"uv": [0, 31], "uv_size": [1, 1]},
								"down": {"uv": [31, 3], "uv_size": [1, -1]}
							}
						},
						{
							"origin": [13.89464, 0.15, -2.02199],
							"size": [0.4, 0.3, 0.7],
							"pivot": [12.65, 0, 0],
							"rotation": [0, 15, 0],
							"uv": {
								"north": {"uv": [4, 31], "uv_size": [1, 1]},
								"east": {"uv": [6, 31], "uv_size": [1, 1]},
								"south": {"uv": [31, 6], "uv_size": [1, 1]},
								"west": {"uv": [8, 31], "uv_size": [1, 1]},
								"up": {"uv": [31, 8], "uv_size": [1, 1]},
								"down": {"uv": [31, 11], "uv_size": [1, -1]}
							}
						},
						{
							"origin": [12.56943, 0.15, -2.08578],
							"size": [0.4, 0.3, 1.85],
							"pivot": [12.65, 0, 0],
							"rotation": [0, -27.5, 0],
							"uv": {
								"north": {"uv": [12, 31], "uv_size": [1, 1]},
								"east": {"uv": [23, 8], "uv_size": [2, 1]},
								"south": {"uv": [31, 12], "uv_size": [1, 1]},
								"west": {"uv": [23, 10], "uv_size": [2, 1]},
								"up": {"uv": [4, 23], "uv_size": [1, 2]},
								"down": {"uv": [6, 26], "uv_size": [1, -2]}
							}
						}
					]
				},
				{
					"name": "Bowknot2",
					"parent": "Other",
					"pivot": [12.65, 0, 0],
					"cubes": [
						{
							"origin": [12.25, 0.15, -0.05],
							"size": [0.4, 0.3, 1.7],
							"pivot": [12.65, 0, 0],
							"rotation": [0, -15, 0],
							"uv": {
								"north": {"uv": [16, 31], "uv_size": [1, 1]},
								"east": {"uv": [8, 24], "uv_size": [2, 1]},
								"south": {"uv": [31, 17], "uv_size": [1, 1]},
								"west": {"uv": [11, 24], "uv_size": [2, 1]},
								"up": {"uv": [24, 12], "uv_size": [1, 2]},
								"down": {"uv": [14, 26], "uv_size": [1, -2]}
							}
						},
						{
							"origin": [11.4261, 0.15, 1.17668],
							"size": [0.4, 0.3, 0.7],
							"pivot": [12.65, 0, 0],
							"rotation": [0, 17.5, 0],
							"uv": {
								"north": {"uv": [31, 19], "uv_size": [1, 1]},
								"east": {"uv": [31, 21], "uv_size": [1, 1]},
								"south": {"uv": [31, 23], "uv_size": [1, 1]},
								"west": {"uv": [25, 31], "uv_size": [1, 1]},
								"up": {"uv": [31, 25], "uv_size": [1, 1]},
								"down": {"uv": [27, 32], "uv_size": [1, -1]}
							}
						},
						{
							"origin": [10.60944, 0.15, 0.92517],
							"size": [0.4, 0.3, 0.7],
							"pivot": [12.65, 0, 0],
							"rotation": [0, 50, 0],
							"uv": {
								"north": {"uv": [32, 0], "uv_size": [1, 1]},
								"east": {"uv": [2, 32], "uv_size": [1, 1]},
								"south": {"uv": [32, 4], "uv_size": [1, 1]},
								"west": {"uv": [10, 32], "uv_size": [1, 1]},
								"up": {"uv": [14, 32], "uv_size": [1, 1]},
								"down": {"uv": [32, 15], "uv_size": [1, -1]}
							}
						},
						{
							"origin": [14.79339, 0.15, -0.56963],
							"size": [0.4, 0.3, 1.15],
							"pivot": [12.65, 0, 0],
							"rotation": [0, -78.5, 0],
							"uv": {
								"north": {"uv": [18, 32], "uv_size": [1, 1]},
								"east": {"uv": [20, 32], "uv_size": [1, 1]},
								"south": {"uv": [22, 32], "uv_size": [1, 1]},
								"west": {"uv": [32, 27], "uv_size": [1, 1]},
								"up": {"uv": [29, 32], "uv_size": [1, 1]},
								"down": {"uv": [32, 30], "uv_size": [1, -1]}
							}
						},
						{
							"origin": [13.89464, 0.15, 1.32199],
							"size": [0.4, 0.3, 0.7],
							"pivot": [12.65, 0, 0],
							"rotation": [0, -15, 0],
							"uv": {
								"north": {"uv": [31, 32], "uv_size": [1, 1]},
								"east": {"uv": [0, 33], "uv_size": [1, 1]},
								"south": {"uv": [33, 2], "uv_size": [1, 1]},
								"west": {"uv": [4, 33], "uv_size": [1, 1]},
								"up": {"uv": [6, 33], "uv_size": [1, 1]},
								"down": {"uv": [33, 7], "uv_size": [1, -1]}
							}
						},
						{
							"origin": [12.56943, 0.15, 0.23578],
							"size": [0.4, 0.3, 1.85],
							"pivot": [12.65, 0, 0],
							"rotation": [0, 27.5, 0],
							"uv": {
								"north": {"uv": [8, 33], "uv_size": [1, 1]},
								"east": {"uv": [24, 15], "uv_size": [2, 1]},
								"south": {"uv": [33, 8], "uv_size": [1, 1]},
								"west": {"uv": [16, 24], "uv_size": [2, 1]},
								"up": {"uv": [24, 17], "uv_size": [1, 2]},
								"down": {"uv": [19, 26], "uv_size": [1, -2]}
							}
						}
					]
				},
				{
					"name": "Bowknot3",
					"parent": "Other",
					"pivot": [12.6, 0, 0],
					"cubes": [
						{
							"origin": [12.15, 0.15, -0.25],
							"size": [1.05, 0.35, 0.5],
							"uv": {
								"north": {"uv": [33, 20], "uv_size": [1, 1]},
								"east": {"uv": [33, 22], "uv_size": [1, 1]},
								"south": {"uv": [24, 33], "uv_size": [1, 1]},
								"west": {"uv": [33, 24], "uv_size": [1, 1]},
								"up": {"uv": [26, 33], "uv_size": [1, 1]},
								"down": {"uv": [33, 32], "uv_size": [1, -1]}
							}
						}
					]
				},
				{
					"name": "Bowknot4",
					"parent": "Other",
					"pivot": [12.31148, 0.10499, 0.26362],
					"cubes": [
						{
							"origin": [11.7981, 0.02488, 0.75282],
							"size": [0.4, 0.3, 0.9],
							"pivot": [11.7981, 0.32488, 0.75282],
							"rotation": [-3.5, -30, 0],
							"uv": {
								"north": {"uv": [33, 33], "uv_size": [1, 1]},
								"east": {"uv": [34, 0], "uv_size": [1, 1]},
								"south": {"uv": [2, 34], "uv_size": [1, 1]},
								"west": {"uv": [34, 4], "uv_size": [1, 1]},
								"up": {"uv": [10, 34], "uv_size": [1, 1]},
								"down": {"uv": [14, 35], "uv_size": [1, -1]}
							}
						},
						{
							"origin": [11.36202, -0.02961, 1.50812],
							"size": [0.4, 0.3, 0.9],
							"pivot": [11.36202, 0.27039, 1.50812],
							"rotation": [1.31023, -7.50656, 0.57893],
							"uv": {
								"north": {"uv": [34, 14], "uv_size": [1, 1]},
								"east": {"uv": [18, 34], "uv_size": [1, 1]},
								"south": {"uv": [20, 34], "uv_size": [1, 1]},
								"west": {"uv": [22, 34], "uv_size": [1, 1]},
								"up": {"uv": [34, 26], "uv_size": [1, 1]},
								"down": {"uv": [28, 35], "uv_size": [1, -1]}
							}
						},
						{
							"origin": [10.90837, -0.49761, 2.24205],
							"size": [0.6, 0.6, 0.6],
							"pivot": [11.70837, -0.19761, 1.44205],
							"rotation": [-14.04465, 16.40648, 93.39668],
							"uv": {
								"north": {"uv": [34, 28], "uv_size": [1, 1]},
								"east": {"uv": [30, 34], "uv_size": [1, 1]},
								"south": {"uv": [0, 35], "uv_size": [1, 1]},
								"west": {"uv": [35, 2], "uv_size": [1, 1]},
								"up": {"uv": [4, 35], "uv_size": [1, 1]},
								"down": {"uv": [6, 36], "uv_size": [1, -1]}
							}
						},
						{
							"origin": [12.11148, 0.06413, -0.06085],
							"size": [0.4, 0.3, 1],
							"pivot": [12.31148, 0.10499, 0.26362],
							"rotation": [-3.5, -30, 0],
							"uv": {
								"north": {"uv": [35, 6], "uv_size": [1, 1]},
								"east": {"uv": [8, 35], "uv_size": [1, 1]},
								"south": {"uv": [35, 8], "uv_size": [1, 1]},
								"west": {"uv": [35, 10], "uv_size": [1, 1]},
								"up": {"uv": [12, 35], "uv_size": [1, 1]},
								"down": {"uv": [35, 13], "uv_size": [1, -1]}
							}
						}
					]
				},
				{
					"name": "Bowknot5",
					"parent": "Other",
					"pivot": [12.31148, 0.00499, 0.26362],
					"rotation": [0, -37.5, 0],
					"cubes": [
						{
							"origin": [11.7981, -0.07512, 0.72782],
							"size": [0.4, 0.3, 0.7],
							"pivot": [11.7981, 0.22488, 0.75282],
							"rotation": [1.5, -30, 0],
							"uv": {
								"north": {"uv": [16, 35], "uv_size": [1, 1]},
								"east": {"uv": [35, 16], "uv_size": [1, 1]},
								"south": {"uv": [35, 18], "uv_size": [1, 1]},
								"west": {"uv": [35, 20], "uv_size": [1, 1]},
								"up": {"uv": [35, 22], "uv_size": [1, 1]},
								"down": {"uv": [24, 36], "uv_size": [1, -1]}
							}
						},
						{
							"origin": [11.46072, -0.05745, 1.33718],
							"size": [0.4, 0.3, 0.7],
							"pivot": [11.46072, 0.24255, 1.33718],
							"rotation": [1.31907, -10.00591, 0.5209],
							"uv": {
								"north": {"uv": [35, 24], "uv_size": [1, 1]},
								"east": {"uv": [26, 35], "uv_size": [1, 1]},
								"south": {"uv": [35, 30], "uv_size": [1, 1]},
								"west": {"uv": [32, 35], "uv_size": [1, 1]},
								"up": {"uv": [35, 32], "uv_size": [1, 1]},
								"down": {"uv": [34, 36], "uv_size": [1, -1]}
							}
						},
						{
							"origin": [11.11904, -0.18864, 1.95161],
							"size": [0.6, 0.6, 0.6],
							"pivot": [11.61904, 0.11136, 2.25161],
							"rotation": [4.56431, -24.20994, 81.47249],
							"uv": {
								"north": {"uv": [36, 0], "uv_size": [1, 1]},
								"east": {"uv": [2, 36], "uv_size": [1, 1]},
								"south": {"uv": [36, 4], "uv_size": [1, 1]},
								"west": {"uv": [10, 36], "uv_size": [1, 1]},
								"up": {"uv": [14, 36], "uv_size": [1, 1]},
								"down": {"uv": [36, 15], "uv_size": [1, -1]}
							}
						},
						{
							"origin": [12.11148, -0.03587, -0.06085],
							"size": [0.4, 0.3, 1],
							"pivot": [12.31148, 0.00499, 0.26362],
							"rotation": [-3.5, -30, 0],
							"uv": {
								"north": {"uv": [18, 36], "uv_size": [1, 1]},
								"east": {"uv": [20, 36], "uv_size": [1, 1]},
								"south": {"uv": [22, 36], "uv_size": [1, 1]},
								"west": {"uv": [36, 26], "uv_size": [1, 1]},
								"up": {"uv": [28, 36], "uv_size": [1, 1]},
								"down": {"uv": [36, 29], "uv_size": [1, -1]}
							}
						}
					]
				},
				{
					"name": "Board",
					"parent": "Other",
					"pivot": [10.6, 0.26517, -0.26517],
					"rotation": [-1.78082, -13.99545, 14.43276],
					"cubes": [
						{
							"origin": [10.2, 0.16517, -0.36517],
							"size": [0.6, 0.2, 0.2],
							"pivot": [10.6, 0.26517, -0.26517],
							"rotation": [45, 0, 0],
							"uv": {
								"north": {"uv": [30, 36], "uv_size": [1, 1]},
								"east": {"uv": [36, 34], "uv_size": [1, 1]},
								"south": {"uv": [36, 36], "uv_size": [1, 1]},
								"west": {"uv": [0, 37], "uv_size": [1, 1]},
								"up": {"uv": [37, 2], "uv_size": [1, 1]},
								"down": {"uv": [4, 38], "uv_size": [1, -1]}
							}
						}
					]
				},
				{
					"name": "Board2",
					"parent": "Board",
					"pivot": [10.03041, 0.2634, -0.2634],
					"rotation": [180, 0, 0],
					"cubes": [
						{
							"origin": [7.85, 0.19017, -2.06517],
							"size": [2.2, 0.15, 3.6],
							"pivot": [10.6, 0.26517, -0.26517],
							"rotation": [45, 0, 0],
							"uv": {
								"north": {"uv": [24, 20], "uv_size": [2, 1]},
								"east": {"uv": [6, 8], "uv_size": [4, 1]},
								"south": {"uv": [21, 24], "uv_size": [2, 1]},
								"west": {"uv": [6, 10], "uv_size": [4, 1]},
								"up": {"uv": [0, 8], "uv_size": [2, 4]},
								"down": {"uv": [3, 12], "uv_size": [2, -4]}
							}
						},
						{
							"origin": [8.55, 0.95093, 0.48185],
							"size": [0.25, 0.025, 0.15],
							"pivot": [8.625, 0.96343, 0.55685],
							"rotation": [45.43855, 7.05302, 7.10708],
							"uv": {
								"north": {"uv": [38, 34], "uv_size": [1, 1]},
								"east": {"uv": [38, 34], "uv_size": [1, 1]},
								"south": {"uv": [38, 34], "uv_size": [1, 1]},
								"west": {"uv": [38, 34], "uv_size": [1, 1]},
								"up": {"uv": [39, 35], "uv_size": [-1, -1]},
								"down": {"uv": [39, 37], "uv_size": [-1, -1]}
							}
						},
						{
							"origin": [8.35, 0.84487, 0.42578],
							"size": [0.2, 0.025, 0.1],
							"pivot": [8.425, 0.85737, 0.45078],
							"rotation": [48.42663, 19.05681, 20.20848],
							"uv": {
								"north": {"uv": [38, 34], "uv_size": [1, 1]},
								"east": {"uv": [38, 34], "uv_size": [1, 1]},
								"south": {"uv": [38, 34], "uv_size": [1, 1]},
								"west": {"uv": [38, 34], "uv_size": [1, 1]},
								"up": {"uv": [39, 35], "uv_size": [-1, -1]},
								"down": {"uv": [39, 37], "uv_size": [-1, -1]}
							}
						},
						{
							"origin": [8.23521, 1.11255, 0.64347],
							"size": [0.2, 0.025, 0.1],
							"pivot": [8.33521, 1.12505, 0.71847],
							"rotation": [48.42663, 19.05681, 20.20848],
							"uv": {
								"north": {"uv": [38, 34], "uv_size": [1, 1]},
								"east": {"uv": [38, 34], "uv_size": [1, 1]},
								"south": {"uv": [38, 34], "uv_size": [1, 1]},
								"west": {"uv": [38, 34], "uv_size": [1, 1]},
								"up": {"uv": [39, 35], "uv_size": [-1, -1]},
								"down": {"uv": [39, 37], "uv_size": [-1, -1]}
							}
						},
						{
							"origin": [8.35, 1.23378, 0.76469],
							"size": [0.2, 0.025, 0.1],
							"pivot": [8.425, 1.24628, 0.83969],
							"rotation": [47.81374, -17.38772, -18.2489],
							"uv": {
								"north": {"uv": [38, 34], "uv_size": [1, 1]},
								"east": {"uv": [38, 34], "uv_size": [1, 1]},
								"south": {"uv": [38, 34], "uv_size": [1, 1]},
								"west": {"uv": [38, 34], "uv_size": [1, 1]},
								"up": {"uv": [39, 35], "uv_size": [-1, -1]},
								"down": {"uv": [39, 37], "uv_size": [-1, -1]}
							}
						},
						{
							"origin": [8.23981, 0.97554, 0.55646],
							"size": [0.2, 0.025, 0.1],
							"pivot": [8.33981, 0.98804, 0.58146],
							"rotation": [49.10661, -20.70481, -22.20765],
							"uv": {
								"north": {"uv": [38, 34], "uv_size": [1, 1]},
								"east": {"uv": [38, 34], "uv_size": [1, 1]},
								"south": {"uv": [38, 34], "uv_size": [1, 1]},
								"west": {"uv": [38, 34], "uv_size": [1, 1]},
								"up": {"uv": [39, 35], "uv_size": [-1, -1]},
								"down": {"uv": [39, 37], "uv_size": [-1, -1]}
							}
						},
						{
							"origin": [8.55, 1.12771, 0.65862],
							"size": [0.25, 0.025, 0.15],
							"pivot": [8.625, 1.14021, 0.73362],
							"rotation": [45.43855, -7.05302, -7.10708],
							"uv": {
								"north": {"uv": [38, 34], "uv_size": [1, 1]},
								"east": {"uv": [38, 34], "uv_size": [1, 1]},
								"south": {"uv": [38, 34], "uv_size": [1, 1]},
								"west": {"uv": [38, 34], "uv_size": [1, 1]},
								"up": {"uv": [39, 35], "uv_size": [-1, -1]},
								"down": {"uv": [39, 37], "uv_size": [-1, -1]}
							}
						},
						{
							"origin": [7.95, 0.16517, -1.96517],
							"size": [2.1, 0.15, 3.4],
							"pivot": [10.6, 0.26517, -0.26517],
							"rotation": [45, 0, 0],
							"uv": {
								"north": {"uv": [38, 34], "uv_size": [1, 1]},
								"east": {"uv": [38, 34], "uv_size": [1, 1]},
								"south": {"uv": [38, 34], "uv_size": [1, 1]},
								"west": {"uv": [38, 34], "uv_size": [1, 1]},
								"up": {"uv": [39, 35], "uv_size": [-1, -1]},
								"down": {"uv": [64, 24], "uv_size": [-17, -24]}
							}
						},
						{
							"origin": [10.85, 0.16517, -2.66517],
							"size": [1.4, 0.15, 1.5],
							"pivot": [10.6, 0.26517, -0.26517],
							"rotation": [90, 45, 90],
							"uv": {
								"north": {"uv": [38, 34], "uv_size": [1, 1]},
								"east": {"uv": [38, 34], "uv_size": [1, 1]},
								"south": {"uv": [38, 34], "uv_size": [1, 1]},
								"west": {"uv": [38, 34], "uv_size": [1, 1]},
								"up": {"uv": [39, 35], "uv_size": [-1, -1]},
								"down": {"uv": [43, 64], "uv_size": [-26, -27]}
							}
						},
						{
							"origin": [9.99519, 0.2, -0.29781],
							"size": [0.3, 0.145, 1.8125],
							"pivot": [10.03041, 0.2634, -0.2634],
							"rotation": [45.24614, -5.29571, -5.31847],
							"uv": {
								"north": {"uv": [6, 37], "uv_size": [1, 1]},
								"east": {"uv": [24, 22], "uv_size": [2, 1]},
								"south": {"uv": [37, 6], "uv_size": [1, 1]},
								"west": {"uv": [24, 24], "uv_size": [2, 1]},
								"up": {"uv": [0, 26], "uv_size": [1, 2]},
								"down": {"uv": [26, 2], "uv_size": [1, -2]}
							}
						},
						{
							"origin": [9.99519, 0.2, -2.04148],
							"size": [0.3, 0.145, 1.8125],
							"pivot": [10.03041, 0.2634, -0.2634],
							"rotation": [45.24614, 5.29571, 5.31847],
							"uv": {
								"north": {"uv": [8, 37], "uv_size": [1, 1]},
								"east": {"uv": [2, 26], "uv_size": [2, 1]},
								"south": {"uv": [37, 8], "uv_size": [1, 1]},
								"west": {"uv": [26, 3], "uv_size": [2, 1]},
								"up": {"uv": [26, 5], "uv_size": [1, 2]},
								"down": {"uv": [8, 28], "uv_size": [1, -2]}
							}
						}
					]
				},
				{
					"name": "Brand",
					"parent": "Other",
					"pivot": [10.6, -0.23483, 0.03483],
					"rotation": [135, 0, -20],
					"cubes": [
						{
							"origin": [10.2, -0.28483, 0.00983],
							"size": [0.6, 0.1, 0.05],
							"pivot": [10.6, -0.23483, 0.03483],
							"rotation": [45, 0, 0],
							"uv": {
								"north": {"uv": [37, 10], "uv_size": [1, 1]},
								"east": {"uv": [12, 37], "uv_size": [1, 1]},
								"south": {"uv": [37, 12], "uv_size": [1, 1]},
								"west": {"uv": [16, 37], "uv_size": [1, 1]},
								"up": {"uv": [37, 16], "uv_size": [1, 1]},
								"down": {"uv": [37, 19], "uv_size": [1, -1]}
							}
						},
						{
							"origin": [10.125, -0.28483, -0.01517],
							"size": [0.1, 0.1, 0.1],
							"pivot": [10.175, -0.23483, 0.03483],
							"rotation": [54.73561, 30, 35.26439],
							"uv": {
								"north": {"uv": [37, 10], "uv_size": [1, 1]},
								"east": {"uv": [12, 37], "uv_size": [1, 1]},
								"south": {"uv": [37, 12], "uv_size": [1, 1]},
								"west": {"uv": [16, 37], "uv_size": [1, 1]},
								"up": {"uv": [37, 16], "uv_size": [1, 1]},
								"down": {"uv": [37, 19], "uv_size": [1, -1]}
							}
						},
						{
							"origin": [8.4, -0.25983, -0.26517],
							"size": [1.9, 0.05, 0.6],
							"pivot": [10.8, -0.23483, 0.03483],
							"rotation": [45, 0, 0],
							"uv": {
								"north": {"uv": [26, 8], "uv_size": [2, 1]},
								"east": {"uv": [37, 20], "uv_size": [1, 1]},
								"south": {"uv": [10, 26], "uv_size": [2, 1]},
								"west": {"uv": [37, 22], "uv_size": [1, 1]},
								"up": {"uv": [26, 10], "uv_size": [2, 1]},
								"down": {"uv": [26, 13], "uv_size": [2, -1]}
							}
						}
					]
				},
				{
					"name": "Sakura",
					"parent": "Root",
					"pivot": [3, 0, 0],
					"cubes": [
						{
							"origin": [2.5, 0, -0.5],
							"size": [1, 0, 1],
							"uv": {
								"north": {"uv": [38, 34], "uv_size": [1, 1]},
								"east": {"uv": [38, 34], "uv_size": [1, 1]},
								"south": {"uv": [38, 34], "uv_size": [1, 1]},
								"west": {"uv": [38, 34], "uv_size": [1, 1]},
								"up": {"uv": [63, 63], "uv_size": [-3, -3]},
								"down": {"uv": [39, 35], "uv_size": [-1, -1]}
							}
						}
					]
				}
			]
		}
	]
}