{
	"format_version": "1.12.0",
	"minecraft:geometry": [
		{
			"description": {
				"identifier": "geometry.unknown",
				"texture_width": 256,
				"texture_height": 256,
				"visible_bounds_width": 19,
				"visible_bounds_height": 18,
				"visible_bounds_offset": [0, 1, 0]
			},
			"bones": [
				{
					"name": "LeftArm",
					"pivot": [1.25, 29.1, 0],
					"cubes": [
						{
							"origin": [-0.05, 23.15, -1.8],
							"size": [3.05, 7, 3.6],
							"uv": {
								"north": {"uv": [108, 120], "uv_size": [3, 7]},
								"east": {"uv": [109, 21], "uv_size": [4, 7]},
								"south": {"uv": [121, 73], "uv_size": [3, 7]},
								"west": {"uv": [32, 109], "uv_size": [4, 7]},
								"up": {"uv": [116, 135], "uv_size": [3, 4]},
								"down": {"uv": [136, 56], "uv_size": [3, -4]}
							}
						}
					]
				},
				{
					"name": "LeftForeArm2",
					"parent": "LeftArm",
					"pivot": [1.35325, 23.58739, -0.05],
					"cubes": [
						{
							"origin": [0.025, 17.775, -1.775],
							"size": [3, 6, 3.6],
							"uv": {
								"north": {"uv": [128, 56], "uv_size": [3, 6]},
								"east": {"uv": [116, 75], "uv_size": [4, 6]},
								"south": {"uv": [102, 128], "uv_size": [3, 6]},
								"west": {"uv": [116, 108], "uv_size": [4, 6]},
								"up": {"uv": [136, 105], "uv_size": [3, 4]},
								"down": {"uv": [136, 114], "uv_size": [3, -4]}
							}
						},
						{
							"origin": [-1.275, 17.775, -1.775],
							"size": [2, 6, 3.6],
							"inflate": -0.005,
							"pivot": [1.525, 19.775, 0.325],
							"rotation": [0, 0, 20],
							"uv": {
								"north": {"uv": [136, 122], "uv_size": [2, 6]},
								"east": {"uv": [116, 115], "uv_size": [4, 6]},
								"south": {"uv": [136, 129], "uv_size": [2, 6]},
								"west": {"uv": [30, 117], "uv_size": [4, 6]},
								"up": {"uv": [43, 146], "uv_size": [2, 4]},
								"down": {"uv": [46, 150], "uv_size": [2, -4]}
							}
						},
						{
							"origin": [-1.99357, 18.50472, -1.775],
							"size": [2, 3, 3.6],
							"inflate": -0.01,
							"pivot": [-0.99357, 19.60472, 0.325],
							"rotation": [0, 0, 41.5],
							"uv": {
								"north": {"uv": [68, 155], "uv_size": [2, 3]},
								"east": {"uv": [135, 41], "uv_size": [4, 3]},
								"south": {"uv": [89, 155], "uv_size": [2, 3]},
								"west": {"uv": [136, 57], "uv_size": [4, 3]},
								"up": {"uv": [80, 146], "uv_size": [2, 4]},
								"down": {"uv": [146, 86], "uv_size": [2, -4]}
							}
						},
						{
							"origin": [-1.59357, 16.90472, -1.775],
							"size": [2, 2, 3.6],
							"inflate": -0.015,
							"pivot": [-0.99357, 19.60472, 0.025],
							"rotation": [0, 0, 65],
							"uv": {
								"north": {"uv": [168, 70], "uv_size": [2, 2]},
								"east": {"uv": [146, 41], "uv_size": [4, 2]},
								"south": {"uv": [78, 168], "uv_size": [2, 2]},
								"west": {"uv": [146, 52], "uv_size": [4, 2]},
								"up": {"uv": [83, 146], "uv_size": [2, 4]},
								"down": {"uv": [86, 150], "uv_size": [2, -4]}
							}
						},
						{
							"origin": [-3.92038, 17.28038, -1.975],
							"size": [2.4, 2, 4],
							"inflate": 0.01,
							"pivot": [-4.22038, 18.28038, -0.275],
							"rotation": [0, 0, 7.5],
							"uv": {
								"north": {"uv": [81, 168], "uv_size": [2, 2]},
								"east": {"uv": [146, 65], "uv_size": [4, 2]},
								"south": {"uv": [168, 82], "uv_size": [2, 2]},
								"west": {"uv": [100, 146], "uv_size": [4, 2]},
								"up": {"uv": [89, 146], "uv_size": [2, 4]},
								"down": {"uv": [105, 150], "uv_size": [2, -4]}
							}
						},
						{
							"origin": [-1.82763, 17.28038, -1.975],
							"size": [5.4, 2, 4],
							"pivot": [0.87237, 18.28038, 0.325],
							"rotation": [0, 0, -7.5],
							"uv": {
								"north": {"uv": [141, 25], "uv_size": [5, 2]},
								"east": {"uv": [146, 110], "uv_size": [4, 2]},
								"south": {"uv": [141, 28], "uv_size": [5, 2]},
								"west": {"uv": [138, 146], "uv_size": [4, 2]},
								"up": {"uv": [20, 123], "uv_size": [5, 4]},
								"down": {"uv": [123, 36], "uv_size": [5, -4]}
							}
						}
					]
				},
				{
					"name": "LeftHand4",
					"parent": "LeftForeArm2",
					"pivot": [1.525, 18.275, 0.05],
					"cubes": [
						{
							"origin": [0.025, 14.775, -1.45],
							"size": [3, 3, 3],
							"uv": {
								"north": {"uv": [100, 142], "uv_size": [3, 3]},
								"east": {"uv": [104, 142], "uv_size": [3, 3]},
								"south": {"uv": [0, 143], "uv_size": [3, 3]},
								"west": {"uv": [28, 143], "uv_size": [3, 3]},
								"up": {"uv": [50, 143], "uv_size": [3, 3]},
								"down": {"uv": [143, 77], "uv_size": [3, -3]}
							}
						}
					]
				},
				{
					"name": "LeftHand5",
					"parent": "LeftForeArm2",
					"pivot": [1.525, 16.275, 0.05],
					"cubes": [
						{
							"origin": [1.025, 15.775, -0.45],
							"size": [1, 1, 1],
							"uv": {
								"north": {"uv": [184, 194], "uv_size": [1, 1]},
								"east": {"uv": [186, 194], "uv_size": [1, 1]},
								"south": {"uv": [188, 194], "uv_size": [1, 1]},
								"west": {"uv": [194, 189], "uv_size": [1, 1]},
								"up": {"uv": [194, 191], "uv_size": [1, 1]},
								"down": {"uv": [194, 194], "uv_size": [1, -1]}
							}
						}
					]
				},
				{
					"name": "LeftHandLocator3",
					"parent": "LeftHand5",
					"pivot": [1.525, 16.275, 0.05]
				},
				{
					"name": "LeftWaistLocator2",
					"parent": "LeftHand5",
					"pivot": [1.525, 16.275, 0.05]
				},
				{
					"name": "SheathLocator2",
					"parent": "LeftHand5",
					"pivot": [1.525, 16.275, 0.05]
				},
				{
					"name": "RightArm",
					"pivot": [-1.25, 29.1, 0],
					"cubes": [
						{
							"origin": [-3, 23.15, -1.8],
							"size": [3.05, 7, 3.6],
							"uv": {
								"north": {"uv": [121, 90], "uv_size": [3, 7]},
								"east": {"uv": [37, 109], "uv_size": [4, 7]},
								"south": {"uv": [98, 121], "uv_size": [3, 7]},
								"west": {"uv": [109, 49], "uv_size": [4, 7]},
								"up": {"uv": [136, 136], "uv_size": [3, 4]},
								"down": {"uv": [137, 26], "uv_size": [3, -4]}
							}
						}
					]
				},
				{
					"name": "RightForeArm2",
					"parent": "RightArm",
					"pivot": [-1.35325, 23.58739, -0.05],
					"cubes": [
						{
							"origin": [-3.025, 17.775, -1.775],
							"size": [3, 6, 3.6],
							"uv": {
								"north": {"uv": [106, 128], "uv_size": [3, 6]},
								"east": {"uv": [35, 117], "uv_size": [4, 6]},
								"south": {"uv": [116, 128], "uv_size": [3, 6]},
								"west": {"uv": [48, 117], "uv_size": [4, 6]},
								"up": {"uv": [137, 27], "uv_size": [3, 4]},
								"down": {"uv": [137, 49], "uv_size": [3, -4]}
							}
						},
						{
							"origin": [0.16387, 19.19779, -2.1],
							"size": [1.7, 1.1, 1.61],
							"inflate": -0.3,
							"pivot": [1.01387, 19.74779, -1.8],
							"rotation": [0, 0, -3.5],
							"uv": {
								"north": {"uv": [116, 189], "uv_size": [2, 1]},
								"east": {"uv": [119, 189], "uv_size": [2, 1]},
								"south": {"uv": [189, 120], "uv_size": [2, 1]},
								"west": {"uv": [122, 189], "uv_size": [2, 1]},
								"up": {"uv": [168, 85], "uv_size": [2, 2]},
								"down": {"uv": [168, 95], "uv_size": [2, -2]}
							}
						},
						{
							"origin": [-0.725, 17.775, -1.775],
							"size": [2, 6, 3.6],
							"inflate": -0.005,
							"pivot": [-1.525, 19.775, 0.325],
							"rotation": [0, 0, -20],
							"uv": {
								"north": {"uv": [137, 71], "uv_size": [2, 6]},
								"east": {"uv": [53, 117], "uv_size": [4, 6]},
								"south": {"uv": [137, 78], "uv_size": [2, 6]},
								"west": {"uv": [58, 117], "uv_size": [4, 6]},
								"up": {"uv": [115, 146], "uv_size": [2, 4]},
								"down": {"uv": [143, 150], "uv_size": [2, -4]}
							}
						},
						{
							"origin": [-0.00643, 18.50472, -1.775],
							"size": [2, 3, 3.6],
							"inflate": -0.01,
							"pivot": [0.99357, 19.60472, 0.325],
							"rotation": [0, 0, -41.5],
							"uv": {
								"north": {"uv": [105, 155], "uv_size": [2, 3]},
								"east": {"uv": [137, 61], "uv_size": [4, 3]},
								"south": {"uv": [112, 155], "uv_size": [2, 3]},
								"west": {"uv": [137, 85], "uv_size": [4, 3]},
								"up": {"uv": [146, 146], "uv_size": [2, 4]},
								"down": {"uv": [0, 151], "uv_size": [2, -4]}
							}
						},
						{
							"origin": [-0.40643, 16.90472, -1.775],
							"size": [2, 2, 3.6],
							"inflate": -0.015,
							"pivot": [0.99357, 19.60472, 0.025],
							"rotation": [0, 0, -65],
							"uv": {
								"north": {"uv": [168, 101], "uv_size": [2, 2]},
								"east": {"uv": [3, 147], "uv_size": [4, 2]},
								"south": {"uv": [103, 168], "uv_size": [2, 2]},
								"west": {"uv": [147, 22], "uv_size": [4, 2]},
								"up": {"uv": [8, 147], "uv_size": [2, 4]},
								"down": {"uv": [20, 151], "uv_size": [2, -4]}
							}
						},
						{
							"origin": [1.52038, 17.28038, -1.975],
							"size": [2.4, 2, 4],
							"inflate": 0.01,
							"pivot": [4.22038, 18.28038, -0.275],
							"rotation": [0, 0, -7.5],
							"uv": {
								"north": {"uv": [168, 104], "uv_size": [2, 2]},
								"east": {"uv": [147, 25], "uv_size": [4, 2]},
								"south": {"uv": [168, 107], "uv_size": [2, 2]},
								"west": {"uv": [147, 28], "uv_size": [4, 2]},
								"up": {"uv": [28, 147], "uv_size": [2, 4]},
								"down": {"uv": [147, 48], "uv_size": [2, -4]}
							}
						},
						{
							"origin": [-3.57237, 17.28038, -1.975],
							"size": [5.4, 2, 4],
							"pivot": [-0.87237, 18.28038, 0.325],
							"rotation": [0, 0, 7.5],
							"uv": {
								"north": {"uv": [141, 44], "uv_size": [5, 2]},
								"east": {"uv": [49, 147], "uv_size": [4, 2]},
								"south": {"uv": [141, 47], "uv_size": [5, 2]},
								"west": {"uv": [147, 55], "uv_size": [4, 2]},
								"up": {"uv": [123, 37], "uv_size": [5, 4]},
								"down": {"uv": [123, 55], "uv_size": [5, -4]}
							}
						}
					]
				},
				{
					"name": "RightHand4",
					"parent": "RightForeArm2",
					"pivot": [-1.525, 18.275, 0.05],
					"cubes": [
						{
							"origin": [-3.025, 14.775, -1.45],
							"size": [3, 3, 3],
							"uv": {
								"north": {"uv": [76, 143], "uv_size": [3, 3]},
								"east": {"uv": [143, 78], "uv_size": [3, 3]},
								"south": {"uv": [143, 104], "uv_size": [3, 3]},
								"west": {"uv": [143, 134], "uv_size": [3, 3]},
								"up": {"uv": [143, 138], "uv_size": [3, 3]},
								"down": {"uv": [143, 145], "uv_size": [3, -3]}
							}
						}
					]
				},
				{
					"name": "RightHand5",
					"parent": "RightHand4",
					"pivot": [-1.525, 16.275, 0.05],
					"cubes": [
						{
							"origin": [-2.025, 15.775, -0.45],
							"size": [1, 1, 1],
							"uv": {
								"north": {"uv": [0, 195], "uv_size": [1, 1]},
								"east": {"uv": [2, 195], "uv_size": [1, 1]},
								"south": {"uv": [4, 195], "uv_size": [1, 1]},
								"west": {"uv": [6, 195], "uv_size": [1, 1]},
								"up": {"uv": [10, 195], "uv_size": [1, 1]},
								"down": {"uv": [12, 196], "uv_size": [1, -1]}
							}
						}
					]
				},
				{
					"name": "RightHandLocator3",
					"parent": "RightHand5",
					"pivot": [-1.525, 16.275, 0.05]
				},
				{
					"name": "BladeLocator2",
					"parent": "RightHand5",
					"pivot": [-1.525, 16.275, 0.05]
				}
			]
		}
	]
}