{
	"format_version": "1.12.0",
	"minecraft:geometry": [
		{
			"description": {
				"identifier": "geometry.unknown",
				"texture_width": 1024,
				"texture_height": 1024,
				"visible_bounds_width": 9,
				"visible_bounds_height": 5.5,
				"visible_bounds_offset": [0, 2.25, 0]
			},
			"bones": [
				{
					"name": "RightArm",
					"pivot": [-2.1, 26.35, 0],
					"cubes": [
						{
							"origin": [-3.53402, 22.37606, -1.5],
							"size": [2.5, 5, 3],
							"inflate": -0.005,
							"uv": {
								"north": {"uv": [671, 33], "uv_size": [3, 5]},
								"east": {"uv": [671, 39], "uv_size": [3, 5]},
								"south": {"uv": [671, 45], "uv_size": [3, 5]},
								"west": {"uv": [671, 51], "uv_size": [3, 5]},
								"up": {"uv": [670, 124], "uv_size": [3, 3]},
								"down": {"uv": [689, 118], "uv_size": [3, -3]}
							}
						},
						{
							"origin": [-3.73402, 22.37606, -1.7],
							"size": [2.9, 5, 3.4],
							"uv": {
								"north": {"uv": [652, 106], "uv_size": [3, 5]},
								"east": {"uv": [575, 107], "uv_size": [3, 5]},
								"south": {"uv": [640, 107], "uv_size": [3, 5]},
								"west": {"uv": [672, 96], "uv_size": [3, 5]},
								"up": {"uv": [691, 119], "uv_size": [3, 3]},
								"down": {"uv": [691, 126], "uv_size": [3, -3]}
							}
						},
						{
							"origin": [-3.75902, 25.37606, -1],
							"size": [1, 1, 2],
							"uv": {
								"north": {"uv": [729, 130], "uv_size": [1, 1]},
								"east": {"uv": [651, 156], "uv_size": [2, 1]},
								"south": {"uv": [707, 164], "uv_size": [1, 1]},
								"west": {"uv": [721, 90], "uv_size": [2, 1]},
								"up": {"uv": [654, 156], "uv_size": [1, 2]},
								"down": {"uv": [721, 94], "uv_size": [1, -2]}
							}
						},
						{
							"origin": [-3.91024, 22.26582, -1.85],
							"size": [3.2, 2, 3.7],
							"pivot": [-2.16024, 23.26582, 0],
							"rotation": [0, 0, -20],
							"uv": {
								"north": {"uv": [663, 60], "uv_size": [3, 2]},
								"east": {"uv": [695, 56], "uv_size": [4, 2]},
								"south": {"uv": [664, 86], "uv_size": [3, 2]},
								"west": {"uv": [695, 59], "uv_size": [4, 2]},
								"up": {"uv": [620, 117], "uv_size": [3, 4]},
								"down": {"uv": [634, 121], "uv_size": [3, -4]}
							}
						},
						{
							"origin": [-3.70902, 25.37606, -1],
							"size": [1, 1, 2],
							"uv": {
								"north": {"uv": [729, 126], "uv_size": [1, 1]},
								"east": {"uv": [642, 156], "uv_size": [2, 1]},
								"south": {"uv": [729, 128], "uv_size": [1, 1]},
								"west": {"uv": [721, 80], "uv_size": [2, 1]},
								"up": {"uv": [721, 82], "uv_size": [1, 2]},
								"down": {"uv": [721, 87], "uv_size": [1, -2]}
							}
						}
					]
				},
				{
					"name": "RightForeArm",
					"parent": "RightArm",
					"pivot": [-2.325, 22.225, -0.025],
					"cubes": [
						{
							"origin": [-3.53402, 18.40106, -1.5],
							"size": [2.5, 3.975, 3],
							"inflate": 0.005,
							"uv": {
								"north": {"uv": [644, 115], "uv_size": [3, 4]},
								"east": {"uv": [680, 100], "uv_size": [3, 4]},
								"south": {"uv": [578, 116], "uv_size": [3, 4]},
								"west": {"uv": [582, 116], "uv_size": [3, 4]},
								"up": {"uv": [690, 27], "uv_size": [3, 3]},
								"down": {"uv": [595, 128], "uv_size": [3, -3]}
							}
						},
						{
							"origin": [-4.03402, 20.87606, -2],
							"size": [3.5, 2, 4],
							"uv": {
								"north": {"uv": [693, 89], "uv_size": [4, 2]},
								"east": {"uv": [693, 103], "uv_size": [4, 2]},
								"south": {"uv": [693, 115], "uv_size": [4, 2]},
								"west": {"uv": [694, 27], "uv_size": [4, 2]},
								"up": {"uv": [670, 80], "uv_size": [4, 4]},
								"down": {"uv": [657, 109], "uv_size": [4, -4]}
							}
						}
					]
				},
				{
					"name": "RightHand",
					"parent": "RightForeArm",
					"pivot": [-2.325, 18.9, -0.025],
					"cubes": [
						{
							"origin": [-3.53502, 16.12606, -1.5],
							"size": [2.501, 3, 3],
							"uv": {
								"north": {"uv": [690, 51], "uv_size": [3, 3]},
								"east": {"uv": [630, 125], "uv_size": [3, 3]},
								"south": {"uv": [634, 125], "uv_size": [3, 3]},
								"west": {"uv": [662, 125], "uv_size": [3, 3]},
								"up": {"uv": [687, 125], "uv_size": [3, 3]},
								"down": {"uv": [566, 129], "uv_size": [3, -3]}
							}
						},
						{
							"origin": [-3.68402, 15.87606, -1.65],
							"size": [2.8, 3, 3.3],
							"uv": {
								"north": {"uv": [692, 15], "uv_size": [3, 3]},
								"east": {"uv": [692, 19], "uv_size": [3, 3]},
								"south": {"uv": [585, 127], "uv_size": [3, 3]},
								"west": {"uv": [692, 23], "uv_size": [3, 3]},
								"up": {"uv": [589, 127], "uv_size": [3, 3]},
								"down": {"uv": [692, 38], "uv_size": [3, -3]}
							}
						},
						{
							"origin": [-3.59939, 17.42913, -1.65],
							"size": [1, 2, 3.3],
							"inflate": -0.003,
							"pivot": [-3.27439, 16.82913, 0],
							"rotation": [0, 0, -7.5],
							"uv": {
								"north": {"uv": [711, 156], "uv_size": [1, 2]},
								"east": {"uv": [699, 50], "uv_size": [3, 2]},
								"south": {"uv": [721, 149], "uv_size": [1, 2]},
								"west": {"uv": [699, 84], "uv_size": [3, 2]},
								"up": {"uv": [645, 150], "uv_size": [1, 3]},
								"down": {"uv": [715, 83], "uv_size": [1, -3]}
							}
						},
						{
							"origin": [-1.82101, 17.68162, -1.65],
							"size": [1, 2, 3.3],
							"inflate": -0.003,
							"pivot": [-3.14601, 18.08162, 0],
							"rotation": [0, 0, 7.5],
							"uv": {
								"north": {"uv": [721, 152], "uv_size": [1, 2]},
								"east": {"uv": [699, 98], "uv_size": [3, 2]},
								"south": {"uv": [719, 156], "uv_size": [1, 2]},
								"west": {"uv": [699, 106], "uv_size": [3, 2]},
								"up": {"uv": [647, 150], "uv_size": [1, 3]},
								"down": {"uv": [715, 87], "uv_size": [1, -3]}
							}
						},
						{
							"origin": [-3.83402, 16.37606, -1.25],
							"size": [1, 1, 1],
							"uv": {
								"north": {"uv": [729, 149], "uv_size": [1, 1]},
								"east": {"uv": [715, 164], "uv_size": [1, 1]},
								"south": {"uv": [729, 151], "uv_size": [1, 1]},
								"west": {"uv": [717, 164], "uv_size": [1, 1]},
								"up": {"uv": [729, 153], "uv_size": [1, 1]},
								"down": {"uv": [719, 165], "uv_size": [1, -1]}
							}
						},
						{
							"origin": [-3.83402, 16.37606, 0.25],
							"size": [1, 1, 1],
							"uv": {
								"north": {"uv": [730, 29], "uv_size": [1, 1]},
								"east": {"uv": [596, 165], "uv_size": [1, 1]},
								"south": {"uv": [730, 31], "uv_size": [1, 1]},
								"west": {"uv": [598, 165], "uv_size": [1, 1]},
								"up": {"uv": [730, 33], "uv_size": [1, 1]},
								"down": {"uv": [600, 166], "uv_size": [1, -1]}
							}
						},
						{
							"origin": [-3.93402, 17.62606, -1],
							"size": [1, 1.5, 2],
							"pivot": [-3.43402, 18.12606, 0],
							"rotation": [0, 0, -5],
							"uv": {
								"north": {"uv": [681, 156], "uv_size": [1, 2]},
								"east": {"uv": [709, 64], "uv_size": [2, 2]},
								"south": {"uv": [700, 156], "uv_size": [1, 2]},
								"west": {"uv": [709, 71], "uv_size": [2, 2]},
								"up": {"uv": [707, 156], "uv_size": [1, 2]},
								"down": {"uv": [709, 158], "uv_size": [1, -2]}
							}
						}
					]
				},
				{
					"name": "RightHandLocator",
					"parent": "RightHand",
					"pivot": [-2.025, 17.125, 0.075]
				},
				{
					"name": "LeftArm",
					"pivot": [2.1, 26.35, 0],
					"cubes": [
						{
							"origin": [1.03402, 22.37606, -1.5],
							"size": [2.5, 5, 3],
							"inflate": -0.005,
							"uv": {
								"north": {"uv": [571, 106], "uv_size": [3, 5]},
								"east": {"uv": [671, 21], "uv_size": [3, 5]},
								"south": {"uv": [671, 27], "uv_size": [3, 5]},
								"west": {"uv": [597, 106], "uv_size": [3, 5]},
								"up": {"uv": [688, 15], "uv_size": [3, 3]},
								"down": {"uv": [688, 22], "uv_size": [3, -3]}
							}
						},
						{
							"origin": [0.83402, 22.37606, -1.7],
							"size": [2.9, 5, 3.4],
							"uv": {
								"north": {"uv": [667, 107], "uv_size": [3, 5]},
								"east": {"uv": [672, 102], "uv_size": [3, 5]},
								"south": {"uv": [673, 57], "uv_size": [3, 5]},
								"west": {"uv": [673, 85], "uv_size": [3, 5]},
								"up": {"uv": [570, 127], "uv_size": [3, 3]},
								"down": {"uv": [574, 130], "uv_size": [3, -3]}
							}
						},
						{
							"origin": [0.71024, 22.26582, -1.85],
							"size": [3.2, 2, 3.7],
							"pivot": [2.16024, 23.26582, 0],
							"rotation": [0, 0, 20],
							"uv": {
								"north": {"uv": [698, 103], "uv_size": [3, 2]},
								"east": {"uv": [643, 130], "uv_size": [4, 2]},
								"south": {"uv": [698, 115], "uv_size": [3, 2]},
								"west": {"uv": [695, 78], "uv_size": [4, 2]},
								"up": {"uv": [638, 117], "uv_size": [3, 4]},
								"down": {"uv": [648, 121], "uv_size": [3, -4]}
							}
						}
					]
				},
				{
					"name": "LeftForeArm",
					"parent": "LeftArm",
					"pivot": [2.325, 22.225, 0.025],
					"cubes": [
						{
							"origin": [1.03402, 18.40106, -1.5],
							"size": [2.5, 3.975, 3],
							"inflate": 0.005,
							"uv": {
								"north": {"uv": [666, 113], "uv_size": [3, 4]},
								"east": {"uv": [677, 113], "uv_size": [3, 4]},
								"south": {"uv": [679, 21], "uv_size": [3, 4]},
								"west": {"uv": [679, 71], "uv_size": [3, 4]},
								"up": {"uv": [688, 23], "uv_size": [3, 3]},
								"down": {"uv": [688, 38], "uv_size": [3, -3]}
							}
						},
						{
							"origin": [0.53402, 20.87606, -2],
							"size": [3.5, 2, 4],
							"uv": {
								"north": {"uv": [694, 50], "uv_size": [4, 2]},
								"east": {"uv": [686, 129], "uv_size": [4, 2]},
								"south": {"uv": [598, 130], "uv_size": [4, 2]},
								"west": {"uv": [695, 53], "uv_size": [4, 2]},
								"up": {"uv": [662, 105], "uv_size": [4, 4]},
								"down": {"uv": [566, 110], "uv_size": [4, -4]}
							}
						}
					]
				},
				{
					"name": "LeftHand",
					"parent": "LeftForeArm",
					"pivot": [2.325, 18.9, 0.025],
					"cubes": [
						{
							"origin": [1.03402, 16.12606, -1.5],
							"size": [2.501, 3, 3],
							"uv": {
								"north": {"uv": [688, 39], "uv_size": [3, 3]},
								"east": {"uv": [688, 43], "uv_size": [3, 3]},
								"south": {"uv": [626, 123], "uv_size": [3, 3]},
								"west": {"uv": [688, 65], "uv_size": [3, 3]},
								"up": {"uv": [688, 69], "uv_size": [3, 3]},
								"down": {"uv": [655, 126], "uv_size": [3, -3]}
							}
						},
						{
							"origin": [2.83402, 16.37606, 0.25],
							"size": [1, 1, 1],
							"uv": {
								"north": {"uv": [613, 165], "uv_size": [1, 1]},
								"east": {"uv": [730, 49], "uv_size": [1, 1]},
								"south": {"uv": [730, 51], "uv_size": [1, 1]},
								"west": {"uv": [618, 165], "uv_size": [1, 1]},
								"up": {"uv": [730, 53], "uv_size": [1, 1]},
								"down": {"uv": [620, 166], "uv_size": [1, -1]}
							}
						},
						{
							"origin": [2.83402, 16.37606, -1.25],
							"size": [1, 1, 1],
							"uv": {
								"north": {"uv": [602, 165], "uv_size": [1, 1]},
								"east": {"uv": [730, 39], "uv_size": [1, 1]},
								"south": {"uv": [606, 165], "uv_size": [1, 1]},
								"west": {"uv": [730, 41], "uv_size": [1, 1]},
								"up": {"uv": [730, 45], "uv_size": [1, 1]},
								"down": {"uv": [611, 166], "uv_size": [1, -1]}
							}
						},
						{
							"origin": [2.93402, 17.62606, -1],
							"size": [1, 1.5, 2],
							"pivot": [3.43402, 18.12606, 0],
							"rotation": [0, 0, 5],
							"uv": {
								"north": {"uv": [722, 23], "uv_size": [1, 2]},
								"east": {"uv": [642, 144], "uv_size": [2, 2]},
								"south": {"uv": [722, 26], "uv_size": [1, 2]},
								"west": {"uv": [709, 95], "uv_size": [2, 2]},
								"up": {"uv": [722, 29], "uv_size": [1, 2]},
								"down": {"uv": [722, 39], "uv_size": [1, -2]}
							}
						},
						{
							"origin": [2.59939, 17.42913, -1.65],
							"size": [1, 2, 3.3],
							"inflate": -0.003,
							"pivot": [3.27439, 16.82913, 0],
							"rotation": [0, 0, 7.5],
							"uv": {
								"north": {"uv": [582, 157], "uv_size": [1, 2]},
								"east": {"uv": [700, 37], "uv_size": [3, 2]},
								"south": {"uv": [584, 157], "uv_size": [1, 2]},
								"west": {"uv": [700, 53], "uv_size": [3, 2]},
								"up": {"uv": [658, 150], "uv_size": [1, 3]},
								"down": {"uv": [715, 96], "uv_size": [1, -3]}
							}
						},
						{
							"origin": [0.88402, 15.87606, -1.65],
							"size": [2.8, 3, 3.3],
							"uv": {
								"north": {"uv": [692, 39], "uv_size": [3, 3]},
								"east": {"uv": [692, 43], "uv_size": [3, 3]},
								"south": {"uv": [611, 127], "uv_size": [3, 3]},
								"west": {"uv": [615, 127], "uv_size": [3, 3]},
								"up": {"uv": [626, 127], "uv_size": [3, 3]},
								"down": {"uv": [692, 66], "uv_size": [3, -3]}
							}
						},
						{
							"origin": [0.82101, 17.68162, -1.65],
							"size": [1, 2, 3.3],
							"inflate": -0.003,
							"pivot": [3.14601, 18.08162, 0],
							"rotation": [0, 0, -7.5],
							"uv": {
								"north": {"uv": [721, 155], "uv_size": [1, 2]},
								"east": {"uv": [700, 31], "uv_size": [3, 2]},
								"south": {"uv": [722, 5], "uv_size": [1, 2]},
								"west": {"uv": [700, 34], "uv_size": [3, 2]},
								"up": {"uv": [652, 150], "uv_size": [1, 3]},
								"down": {"uv": [656, 153], "uv_size": [1, -3]}
							}
						}
					]
				},
				{
					"name": "LeftHandLocator",
					"parent": "LeftHand",
					"pivot": [2.025, 17.125, -0.075]
				}
			]
		}
	]
}