{
	"format_version": "1.12.0",
	"minecraft:geometry": [
		{
			"description": {
				"identifier": "geometry.unknown",
				"texture_width": 64,
				"texture_height": 64,
				"visible_bounds_width": 3,
				"visible_bounds_height": 2.5,
				"visible_bounds_offset": [0, 0.75, 0]
			},
			"bones": [
				{
					"name": "bone",
					"pivot": [-0.5, -0.5, -0.5],
					"rotation": [0, 0, -90],
					"cubes": [
						{
							"origin": [-1.5, -1.5, -1.5],
							"size": [3, 8, 3],
							"uv": {
								"north": {"uv": [3, 7], "uv_size": [3, 8]},
								"east": {"uv": [6, 7], "uv_size": [3, 8]},
								"south": {"uv": [9, 7], "uv_size": [3, 8]},
								"west": {"uv": [0, 15], "uv_size": [3, 8]},
								"up": {"uv": [16, 7], "uv_size": [3, 3]},
								"down": {"uv": [13, 36], "uv_size": [3, -3]}
							}
						},
						{
							"origin": [-0.5, -4.5, -0.5],
							"size": [1, 4, 1],
							"uv": {
								"north": {"uv": [3, 0], "uv_size": [1, 4]},
								"east": {"uv": [1, 3], "uv_size": [1, 4]},
								"south": {"uv": [2, 3], "uv_size": [1, 4]},
								"west": {"uv": [0, 4], "uv_size": [1, 4]},
								"up": {"uv": [4, 0], "uv_size": [1, 1]},
								"down": {"uv": [4, 2], "uv_size": [1, -1]}
							}
						},
						{
							"origin": [-2, 6.5, -2],
							"size": [4, 1, 4],
							"uv": {
								"north": {"uv": [4, 16], "uv_size": [4, 1]},
								"east": {"uv": [16, 10], "uv_size": [4, 1]},
								"south": {"uv": [16, 12], "uv_size": [4, 1]},
								"west": {"uv": [16, 14], "uv_size": [4, 1]},
								"up": {"uv": [12, 0], "uv_size": [4, 4]},
								"down": {"uv": [12, 9], "uv_size": [4, -4]}
							}
						},
						{
							"origin": [-0.5, 7.5, -0.5],
							"size": [1, 3, 1],
							"uv": {
								"north": {"uv": [9, 16], "uv_size": [1, 3]},
								"east": {"uv": [16, 16], "uv_size": [1, 3]},
								"south": {"uv": [17, 0], "uv_size": [1, 3]},
								"west": {"uv": [17, 4], "uv_size": [1, 3]},
								"up": {"uv": [8, 28], "uv_size": [1, 1]},
								"down": {"uv": [28, 25], "uv_size": [1, -1]}
							}
						},
						{
							"origin": [-0.5, 7.92923, -1.18077],
							"size": [1, 2.5, 1],
							"pivot": [0, 8.92923, -0.68077],
							"rotation": [-25, 0, 0],
							"uv": {
								"north": {"uv": [4, 18], "uv_size": [1, 3]},
								"east": {"uv": [6, 18], "uv_size": [1, 3]},
								"south": {"uv": [11, 18], "uv_size": [1, 3]},
								"west": {"uv": [13, 18], "uv_size": [1, 3]},
								"up": {"uv": [26, 28], "uv_size": [1, 1]},
								"down": {"uv": [28, 27], "uv_size": [1, -1]}
							}
						},
						{
							"origin": [-0.5, 7.92923, 0.18077],
							"size": [1, 2.5, 1],
							"pivot": [0, 8.92923, 0.68077],
							"rotation": [25, 0, 0],
							"uv": {
								"north": {"uv": [18, 16], "uv_size": [1, 3]},
								"east": {"uv": [19, 0], "uv_size": [1, 3]},
								"south": {"uv": [19, 4], "uv_size": [1, 3]},
								"west": {"uv": [8, 20], "uv_size": [1, 3]},
								"up": {"uv": [28, 28], "uv_size": [1, 1]},
								"down": {"uv": [0, 31], "uv_size": [1, -1]}
							}
						},
						{
							"origin": [-0.5, 7.62029, -1.21275],
							"size": [1, 2.5, 1],
							"pivot": [0, 8.70265, 0],
							"rotation": [0, -90, -25],
							"uv": {
								"north": {"uv": [15, 20], "uv_size": [1, 3]},
								"east": {"uv": [20, 16], "uv_size": [1, 3]},
								"south": {"uv": [17, 20], "uv_size": [1, 3]},
								"west": {"uv": [19, 20], "uv_size": [1, 3]},
								"up": {"uv": [2, 30], "uv_size": [1, 1]},
								"down": {"uv": [30, 3], "uv_size": [1, -1]}
							}
						},
						{
							"origin": [-0.5, 7.62029, 0.21275],
							"size": [1, 2.5, 1],
							"pivot": [0, 8.70265, 0],
							"rotation": [0, -90, 25],
							"uv": {
								"north": {"uv": [21, 0], "uv_size": [1, 3]},
								"east": {"uv": [21, 4], "uv_size": [1, 3]},
								"south": {"uv": [21, 8], "uv_size": [1, 3]},
								"west": {"uv": [21, 12], "uv_size": [1, 3]},
								"up": {"uv": [4, 30], "uv_size": [1, 1]},
								"down": {"uv": [30, 5], "uv_size": [1, -1]}
							}
						},
						{
							"origin": [-0.46474, 6.64468, -1.79331],
							"size": [1, 3.4, 1],
							"inflate": -0.01,
							"pivot": [0.03526, 8.62704, -0.58057],
							"rotation": [-90, -67.5, 65],
							"uv": {
								"north": {"uv": [21, 20], "uv_size": [1, 3]},
								"east": {"uv": [4, 22], "uv_size": [1, 3]},
								"south": {"uv": [6, 22], "uv_size": [1, 3]},
								"west": {"uv": [10, 22], "uv_size": [1, 3]},
								"up": {"uv": [6, 30], "uv_size": [1, 1]},
								"down": {"uv": [30, 7], "uv_size": [1, -1]}
							}
						},
						{
							"origin": [0.11209, 6.9593, -1.21338],
							"size": [1, 3.4, 1],
							"inflate": -0.01,
							"pivot": [0.61209, 8.8593, -0.71338],
							"rotation": [-23.30696, -9.30727, -20.57639],
							"uv": {
								"north": {"uv": [12, 22], "uv_size": [1, 3]},
								"east": {"uv": [22, 16], "uv_size": [1, 3]},
								"south": {"uv": [23, 0], "uv_size": [1, 3]},
								"west": {"uv": [23, 4], "uv_size": [1, 3]},
								"up": {"uv": [8, 30], "uv_size": [1, 1]},
								"down": {"uv": [30, 9], "uv_size": [1, -1]}
							}
						},
						{
							"origin": [-1, 6.51415, -1.69152],
							"size": [2, 1, 1],
							"pivot": [0, 7.56977, 0],
							"rotation": [0, -90, -25],
							"uv": {
								"north": {"uv": [27, 2], "uv_size": [2, 1]},
								"east": {"uv": [10, 30], "uv_size": [1, 1]},
								"south": {"uv": [27, 4], "uv_size": [2, 1]},
								"west": {"uv": [30, 10], "uv_size": [1, 1]},
								"up": {"uv": [27, 6], "uv_size": [2, 1]},
								"down": {"uv": [27, 9], "uv_size": [2, -1]}
							}
						},
						{
							"origin": [-1, 6.51415, 0.69152],
							"size": [2, 1, 1],
							"pivot": [0, 7.56977, 0],
							"rotation": [0, -90, 25],
							"uv": {
								"north": {"uv": [27, 10], "uv_size": [2, 1]},
								"east": {"uv": [12, 30], "uv_size": [1, 1]},
								"south": {"uv": [27, 12], "uv_size": [2, 1]},
								"west": {"uv": [30, 12], "uv_size": [1, 1]},
								"up": {"uv": [27, 14], "uv_size": [2, 1]},
								"down": {"uv": [27, 21], "uv_size": [2, -1]}
							}
						},
						{
							"origin": [-1, 6.51415, 0.69152],
							"size": [2, 1, 1],
							"pivot": [0, 7.56977, 0],
							"rotation": [-155, 0, 180],
							"uv": {
								"north": {"uv": [27, 22], "uv_size": [2, 1]},
								"east": {"uv": [14, 30], "uv_size": [1, 1]},
								"south": {"uv": [0, 28], "uv_size": [2, 1]},
								"west": {"uv": [30, 14], "uv_size": [1, 1]},
								"up": {"uv": [14, 28], "uv_size": [2, 1]},
								"down": {"uv": [28, 17], "uv_size": [2, -1]}
							}
						},
						{
							"origin": [-1, 6.51415, -1.69152],
							"size": [2, 1, 1],
							"pivot": [0, 7.56977, 0],
							"rotation": [155, 0, -180],
							"uv": {
								"north": {"uv": [17, 28], "uv_size": [2, 1]},
								"east": {"uv": [16, 30], "uv_size": [1, 1]},
								"south": {"uv": [28, 18], "uv_size": [2, 1]},
								"west": {"uv": [18, 30], "uv_size": [1, 1]},
								"up": {"uv": [20, 28], "uv_size": [2, 1]},
								"down": {"uv": [23, 29], "uv_size": [2, -1]}
							}
						},
						{
							"origin": [-0.31637, 6.4765, -1.93873],
							"size": [0.5, 0.25, 1],
							"inflate": -0.01,
							"pivot": [0.18363, 8.30886, -0.72599],
							"rotation": [-90, -67.5, 65],
							"uv": {
								"north": {"uv": [20, 30], "uv_size": [1, 1]},
								"east": {"uv": [30, 20], "uv_size": [1, 1]},
								"south": {"uv": [22, 30], "uv_size": [1, 1]},
								"west": {"uv": [30, 22], "uv_size": [1, 1]},
								"up": {"uv": [24, 30], "uv_size": [1, 1]},
								"down": {"uv": [30, 25], "uv_size": [1, -1]}
							}
						},
						{
							"origin": [0.75751, 6.79112, -1.36175],
							"size": [0.5, 0.25, 1],
							"inflate": -0.01,
							"pivot": [0.75751, 8.54112, -0.86175],
							"rotation": [-23.30696, -9.30727, -20.57639],
							"uv": {
								"north": {"uv": [26, 30], "uv_size": [1, 1]},
								"east": {"uv": [30, 26], "uv_size": [1, 1]},
								"south": {"uv": [28, 30], "uv_size": [1, 1]},
								"west": {"uv": [30, 28], "uv_size": [1, 1]},
								"up": {"uv": [30, 30], "uv_size": [1, 1]},
								"down": {"uv": [31, 1], "uv_size": [1, -1]}
							}
						},
						{
							"origin": [-0.46474, 6.64468, 0.79331],
							"size": [1, 3.4, 1],
							"inflate": -0.01,
							"pivot": [0.03526, 8.62704, 0.58057],
							"rotation": [90, 67.5, 65],
							"uv": {
								"north": {"uv": [23, 8], "uv_size": [1, 3]},
								"east": {"uv": [23, 12], "uv_size": [1, 3]},
								"south": {"uv": [23, 20], "uv_size": [1, 3]},
								"west": {"uv": [0, 24], "uv_size": [1, 3]},
								"up": {"uv": [31, 16], "uv_size": [1, 1]},
								"down": {"uv": [31, 19], "uv_size": [1, -1]}
							}
						},
						{
							"origin": [0.11209, 6.9593, 0.21338],
							"size": [1, 3.4, 1],
							"inflate": -0.01,
							"pivot": [0.61209, 8.8593, 0.71338],
							"rotation": [23.30696, 9.30727, -20.57639],
							"uv": {
								"north": {"uv": [2, 24], "uv_size": [1, 3]},
								"east": {"uv": [8, 24], "uv_size": [1, 3]},
								"south": {"uv": [14, 24], "uv_size": [1, 3]},
								"west": {"uv": [16, 24], "uv_size": [1, 3]},
								"up": {"uv": [0, 32], "uv_size": [1, 1]},
								"down": {"uv": [2, 33], "uv_size": [1, -1]}
							}
						},
						{
							"origin": [-0.31637, 6.4765, 0.93873],
							"size": [0.5, 0.25, 1],
							"inflate": -0.01,
							"pivot": [0.18363, 8.30886, 0.72599],
							"rotation": [90, 67.5, 65],
							"uv": {
								"north": {"uv": [32, 2], "uv_size": [1, 1]},
								"east": {"uv": [4, 32], "uv_size": [1, 1]},
								"south": {"uv": [32, 4], "uv_size": [1, 1]},
								"west": {"uv": [6, 32], "uv_size": [1, 1]},
								"up": {"uv": [32, 6], "uv_size": [1, 1]},
								"down": {"uv": [8, 33], "uv_size": [1, -1]}
							}
						},
						{
							"origin": [0.75751, 6.79112, 0.36175],
							"size": [0.5, 0.25, 1],
							"inflate": -0.01,
							"pivot": [0.75751, 8.54112, 0.86175],
							"rotation": [23.30696, 9.30727, -20.57639],
							"uv": {
								"north": {"uv": [32, 8], "uv_size": [1, 1]},
								"east": {"uv": [10, 32], "uv_size": [1, 1]},
								"south": {"uv": [32, 10], "uv_size": [1, 1]},
								"west": {"uv": [12, 32], "uv_size": [1, 1]},
								"up": {"uv": [32, 12], "uv_size": [1, 1]},
								"down": {"uv": [14, 33], "uv_size": [1, -1]}
							}
						},
						{
							"origin": [-0.53526, 6.64468, 0.79331],
							"size": [1, 3.4, 1],
							"inflate": -0.01,
							"pivot": [-0.03526, 8.62704, 0.58057],
							"rotation": [90, -67.5, -65],
							"uv": {
								"north": {"uv": [24, 16], "uv_size": [1, 3]},
								"east": {"uv": [18, 24], "uv_size": [1, 3]},
								"south": {"uv": [20, 24], "uv_size": [1, 3]},
								"west": {"uv": [22, 24], "uv_size": [1, 3]},
								"up": {"uv": [32, 14], "uv_size": [1, 1]},
								"down": {"uv": [16, 33], "uv_size": [1, -1]}
							}
						},
						{
							"origin": [-1.11209, 6.9593, 0.21338],
							"size": [1, 3.4, 1],
							"inflate": -0.01,
							"pivot": [-0.61209, 8.8593, 0.71338],
							"rotation": [23.30696, -9.30727, 20.57639],
							"uv": {
								"north": {"uv": [24, 24], "uv_size": [1, 3]},
								"east": {"uv": [25, 0], "uv_size": [1, 3]},
								"south": {"uv": [25, 4], "uv_size": [1, 3]},
								"west": {"uv": [25, 8], "uv_size": [1, 3]},
								"up": {"uv": [18, 32], "uv_size": [1, 1]},
								"down": {"uv": [20, 33], "uv_size": [1, -1]}
							}
						},
						{
							"origin": [-0.18363, 6.4765, 0.93873],
							"size": [0.5, 0.25, 1],
							"inflate": -0.01,
							"pivot": [-0.18363, 8.30886, 0.72599],
							"rotation": [90, -67.5, -65],
							"uv": {
								"north": {"uv": [32, 20], "uv_size": [1, 1]},
								"east": {"uv": [22, 32], "uv_size": [1, 1]},
								"south": {"uv": [32, 22], "uv_size": [1, 1]},
								"west": {"uv": [24, 32], "uv_size": [1, 1]},
								"up": {"uv": [32, 24], "uv_size": [1, 1]},
								"down": {"uv": [26, 33], "uv_size": [1, -1]}
							}
						},
						{
							"origin": [-1.25751, 6.79112, 0.36175],
							"size": [0.5, 0.25, 1],
							"inflate": -0.01,
							"pivot": [-0.75751, 8.54112, 0.86175],
							"rotation": [23.30696, -9.30727, 20.57639],
							"uv": {
								"north": {"uv": [32, 26], "uv_size": [1, 1]},
								"east": {"uv": [28, 32], "uv_size": [1, 1]},
								"south": {"uv": [32, 28], "uv_size": [1, 1]},
								"west": {"uv": [30, 32], "uv_size": [1, 1]},
								"up": {"uv": [32, 30], "uv_size": [1, 1]},
								"down": {"uv": [32, 33], "uv_size": [1, -1]}
							}
						},
						{
							"origin": [-0.53526, 6.64468, -1.79331],
							"size": [1, 3.4, 1],
							"inflate": -0.01,
							"pivot": [-0.03526, 8.62704, -0.58057],
							"rotation": [-90, 67.5, -65],
							"uv": {
								"north": {"uv": [25, 12], "uv_size": [1, 3]},
								"east": {"uv": [25, 20], "uv_size": [1, 3]},
								"south": {"uv": [4, 26], "uv_size": [1, 3]},
								"west": {"uv": [6, 26], "uv_size": [1, 3]},
								"up": {"uv": [33, 0], "uv_size": [1, 1]},
								"down": {"uv": [33, 17], "uv_size": [1, -1]}
							}
						},
						{
							"origin": [-1.11209, 6.9593, -1.21338],
							"size": [1, 3.4, 1],
							"inflate": -0.01,
							"pivot": [-0.61209, 8.8593, -0.71338],
							"rotation": [-23.30696, 9.30727, 20.57639],
							"uv": {
								"north": {"uv": [10, 26], "uv_size": [1, 3]},
								"east": {"uv": [12, 26], "uv_size": [1, 3]},
								"south": {"uv": [26, 16], "uv_size": [1, 3]},
								"west": {"uv": [26, 24], "uv_size": [1, 3]},
								"up": {"uv": [33, 18], "uv_size": [1, 1]},
								"down": {"uv": [0, 35], "uv_size": [1, -1]}
							}
						},
						{
							"origin": [-0.18363, 6.4765, -1.93873],
							"size": [0.5, 0.25, 1],
							"inflate": -0.01,
							"pivot": [-0.18363, 8.30886, -0.72599],
							"rotation": [-90, 67.5, -65],
							"uv": {
								"north": {"uv": [2, 34], "uv_size": [1, 1]},
								"east": {"uv": [34, 2], "uv_size": [1, 1]},
								"south": {"uv": [4, 34], "uv_size": [1, 1]},
								"west": {"uv": [34, 4], "uv_size": [1, 1]},
								"up": {"uv": [6, 34], "uv_size": [1, 1]},
								"down": {"uv": [34, 7], "uv_size": [1, -1]}
							}
						},
						{
							"origin": [-1.25751, 6.79112, -1.36175],
							"size": [0.5, 0.25, 1],
							"inflate": -0.01,
							"pivot": [-0.75751, 8.54112, -0.86175],
							"rotation": [-23.30696, 9.30727, 20.57639],
							"uv": {
								"north": {"uv": [8, 34], "uv_size": [1, 1]},
								"east": {"uv": [34, 8], "uv_size": [1, 1]},
								"south": {"uv": [10, 34], "uv_size": [1, 1]},
								"west": {"uv": [34, 10], "uv_size": [1, 1]},
								"up": {"uv": [12, 34], "uv_size": [1, 1]},
								"down": {"uv": [34, 13], "uv_size": [1, -1]}
							}
						}
					]
				}
			]
		}
	]
}