{
	"format_version": "1.12.0",
	"minecraft:geometry": [
		{
			"description": {
				"identifier": "geometry.unknown",
				"texture_width": 128,
				"texture_height": 128,
				"visible_bounds_width": 7,
				"visible_bounds_height": 7,
				"visible_bounds_offset": [0, 0.5, 0]
			},
			"bones": [
				{
					"name": "Root",
					"pivot": [0, 0, 0]
				},
				{
					"name": "MAllBody",
					"parent": "Root",
					"pivot": [0, 20.65, 0]
				},
				{
					"name": "AllBody",
					"parent": "MAllBody",
					"pivot": [0, 20.65, 0]
				},
				{
					"name": "UpBody",
					"parent": "AllBody",
					"pivot": [0, 20.65, 0]
				},
				{
					"name": "UpperBody",
					"parent": "UpBody",
					"pivot": [0, 20.65, 0],
					"cubes": [
						{
							"origin": [0.35, 23.82247, -2.15834],
							"size": [0.7, 0.7, 0.7],
							"pivot": [0.5, 24.42247, -1.73334],
							"rotation": [-7.5, 0, 0],
							"uv": {
								"north": {"uv": [1, 83], "uv_size": [0, 0]},
								"east": {"uv": [1, 83], "uv_size": [0, 0]},
								"south": {"uv": [1, 83], "uv_size": [0, 0]},
								"west": {"uv": [1, 83], "uv_size": [0, 0]},
								"up": {"uv": [1, 83], "uv_size": [0, 0]},
								"down": {"uv": [1, 83], "uv_size": [0, 0]}
							}
						},
						{
							"origin": [-2.7, 30.15, -2.125],
							"size": [5.4, 2, 4.2],
							"uv": {
								"north": {"uv": [73, 20], "uv_size": [5, 2]},
								"east": {"uv": [69, 20], "uv_size": [4, 2]},
								"south": {"uv": [82, 20], "uv_size": [5, 2]},
								"west": {"uv": [78, 20], "uv_size": [4, 2]},
								"up": {"uv": [73, 16], "uv_size": [5, 4]},
								"down": {"uv": [78, 20], "uv_size": [5, -4]}
							}
						},
						{
							"origin": [-3.5, 20.75, -2.025],
							"size": [7, 11, 4.05],
							"uv": {
								"north": {"uv": [4, 28], "uv_size": [7, 11]},
								"east": {"uv": [0, 28], "uv_size": [4, 11]},
								"south": {"uv": [15, 28], "uv_size": [7, 11]},
								"west": {"uv": [11, 28], "uv_size": [4, 11]},
								"up": {"uv": [4, 24], "uv_size": [7, 4]},
								"down": {"uv": [11, 28], "uv_size": [7, -4]}
							}
						},
						{
							"origin": [-3.8, 24.6, -2.225],
							"size": [7.5, 1, 4.65],
							"pivot": [0, 24.925, 0],
							"rotation": [0, 0, -5],
							"uv": {
								"north": {"uv": [70, 41], "uv_size": [7, 1]},
								"east": {"uv": [66, 41], "uv_size": [4, 1]},
								"south": {"uv": [81, 41], "uv_size": [7, 1]},
								"west": {"uv": [77, 41], "uv_size": [4, 1]},
								"up": {"uv": [70, 37], "uv_size": [7, 4]},
								"down": {"uv": [77, 41], "uv_size": [7, -4]}
							}
						},
						{
							"origin": [-0.8, 24.35, -2.4],
							"size": [1.5, 1.5, 4.925],
							"pivot": [0, 24.925, 0],
							"rotation": [0, 0, -5],
							"uv": {
								"north": {"uv": [66, 5], "uv_size": [1, 1]},
								"east": {"uv": [62, 5], "uv_size": [4, 1]},
								"south": {"uv": [71, 5], "uv_size": [1, 1]},
								"west": {"uv": [67, 5], "uv_size": [4, 1]},
								"up": {"uv": [66, 1], "uv_size": [1, 4]},
								"down": {"uv": [67, 5], "uv_size": [1, -4]}
							}
						},
						{
							"origin": [-0.55, 24.6, -2.475],
							"size": [1, 1, 5.075],
							"pivot": [0, 24.925, 0],
							"rotation": [0, 0, -5],
							"uv": {
								"north": {"uv": [92, 26], "uv_size": [1, 1]},
								"east": {"uv": [87, 26], "uv_size": [5, 1]},
								"south": {"uv": [98, 26], "uv_size": [1, 1]},
								"west": {"uv": [93, 26], "uv_size": [5, 1]},
								"up": {"uv": [92, 21], "uv_size": [1, 5]},
								"down": {"uv": [93, 26], "uv_size": [1, -5]}
							}
						},
						{
							"origin": [-1.5, 19.75, -2.025],
							"size": [3, 1, 4.05],
							"uv": {
								"north": {"uv": [85, 4], "uv_size": [3, 1]},
								"east": {"uv": [81, 4], "uv_size": [4, 1]},
								"south": {"uv": [92, 4], "uv_size": [3, 1]},
								"west": {"uv": [88, 4], "uv_size": [4, 1]},
								"up": {"uv": [85, 0], "uv_size": [3, 4]},
								"down": {"uv": [88, 4], "uv_size": [3, -4]}
							}
						},
						{
							"origin": [-0.85, 25.97247, -2.08334],
							"size": [0.7, 0.7, 0.7],
							"uv": {
								"north": {"uv": [1, 83], "uv_size": [0, 0]},
								"east": {"uv": [1, 83], "uv_size": [0, 0]},
								"south": {"uv": [1, 83], "uv_size": [0, 0]},
								"west": {"uv": [1, 83], "uv_size": [0, 0]},
								"up": {"uv": [1, 83], "uv_size": [0, 0]},
								"down": {"uv": [1, 83], "uv_size": [0, 0]}
							}
						},
						{
							"origin": [0.35, 25.97247, -2.08334],
							"size": [0.7, 0.7, 0.7],
							"uv": {
								"north": {"uv": [1, 83], "uv_size": [0, 0]},
								"east": {"uv": [1, 83], "uv_size": [0, 0]},
								"south": {"uv": [1, 83], "uv_size": [0, 0]},
								"west": {"uv": [1, 83], "uv_size": [0, 0]},
								"up": {"uv": [1, 83], "uv_size": [0, 0]},
								"down": {"uv": [1, 83], "uv_size": [0, 0]}
							}
						},
						{
							"origin": [-0.95, 23.82247, -2.15834],
							"size": [0.7, 0.7, 0.7],
							"pivot": [-0.4, 24.42247, -1.73334],
							"rotation": [-7.5, 0, 0],
							"uv": {
								"north": {"uv": [1, 83], "uv_size": [0, 0]},
								"east": {"uv": [1, 83], "uv_size": [0, 0]},
								"south": {"uv": [1, 83], "uv_size": [0, 0]},
								"west": {"uv": [1, 83], "uv_size": [0, 0]},
								"up": {"uv": [1, 83], "uv_size": [0, 0]},
								"down": {"uv": [1, 83], "uv_size": [0, 0]}
							}
						},
						{
							"origin": [-4, 31.575, -1.9],
							"size": [8, 1, 4.2],
							"uv": {
								"north": {"uv": [46, 13], "uv_size": [8, 1]},
								"east": {"uv": [42, 13], "uv_size": [4, 1]},
								"south": {"uv": [58, 13], "uv_size": [8, 1]},
								"west": {"uv": [54, 13], "uv_size": [4, 1]},
								"up": {"uv": [46, 9], "uv_size": [8, 4]},
								"down": {"uv": [54, 13], "uv_size": [8, -4]}
							}
						}
					]
				},
				{
					"name": "AllHead",
					"parent": "UpperBody",
					"pivot": [0, 32.425, -0.025],
					"cubes": [
						{
							"origin": [-1.5, 31.925, -1.525],
							"size": [3, 2, 3],
							"uv": {
								"north": {"uv": [71, 3], "uv_size": [3, 2]},
								"east": {"uv": [68, 3], "uv_size": [3, 2]},
								"south": {"uv": [77, 3], "uv_size": [3, 2]},
								"west": {"uv": [74, 3], "uv_size": [3, 2]},
								"up": {"uv": [71, 0], "uv_size": [3, 3]},
								"down": {"uv": [74, 3], "uv_size": [3, -3]}
							}
						}
					]
				},
				{
					"name": "MHead",
					"parent": "AllHead",
					"pivot": [0, 33.05, 0]
				},
				{
					"name": "Head",
					"parent": "MHead",
					"pivot": [0, 33.05, 0],
					"cubes": [
						{
							"origin": [-3.5, 33.05, -3.5],
							"size": [7, 7, 7],
							"uv": {
								"north": {"uv": [7, 17], "uv_size": [7, 7]},
								"east": {"uv": [0, 17], "uv_size": [7, 7]},
								"south": {"uv": [21, 17], "uv_size": [7, 7]},
								"west": {"uv": [14, 17], "uv_size": [7, 7]},
								"up": {"uv": [7, 10], "uv_size": [7, 7]},
								"down": {"uv": [14, 17], "uv_size": [7, -7]}
							}
						}
					]
				},
				{
					"name": "Hair",
					"parent": "Head",
					"pivot": [-0.14783, 37.76957, 0.42174],
					"cubes": [
						{
							"origin": [-2.975, 41.3, -3.8],
							"size": [6, 1, 7],
							"uv": {
								"north": {"uv": [34, 7], "uv_size": [6, 1]},
								"east": {"uv": [27, 7], "uv_size": [7, 1]},
								"south": {"uv": [47, 7], "uv_size": [6, 1]},
								"west": {"uv": [40, 7], "uv_size": [7, 1]},
								"up": {"uv": [34, 0], "uv_size": [6, 7]},
								"down": {"uv": [40, 7], "uv_size": [6, -7]}
							}
						},
						{
							"origin": [-2, 40, -4.4],
							"size": [4, 2, 1],
							"uv": {
								"north": {"uv": [1, 64], "uv_size": [4, 2]},
								"east": {"uv": [0, 64], "uv_size": [1, 2]},
								"south": {"uv": [6, 64], "uv_size": [4, 2]},
								"west": {"uv": [5, 64], "uv_size": [1, 2]},
								"up": {"uv": [1, 63], "uv_size": [4, 1]},
								"down": {"uv": [5, 64], "uv_size": [4, -1]}
							}
						},
						{
							"origin": [-4, 40.6, -4],
							"size": [8, 1, 8],
							"uv": {
								"north": {"uv": [11, 8], "uv_size": [8, 1]},
								"east": {"uv": [3, 8], "uv_size": [8, 1]},
								"south": {"uv": [27, 8], "uv_size": [8, 1]},
								"west": {"uv": [19, 8], "uv_size": [8, 1]},
								"up": {"uv": [11, 0], "uv_size": [8, 8]},
								"down": {"uv": [19, 8], "uv_size": [8, -8]}
							}
						},
						{
							"origin": [-2, 42.3, -2.8],
							"size": [4, 1, 5],
							"uv": {
								"north": {"uv": [5, 48], "uv_size": [4, 1]},
								"east": {"uv": [0, 48], "uv_size": [5, 1]},
								"south": {"uv": [14, 48], "uv_size": [4, 1]},
								"west": {"uv": [9, 48], "uv_size": [5, 1]},
								"up": {"uv": [5, 43], "uv_size": [4, 5]},
								"down": {"uv": [9, 48], "uv_size": [4, -5]}
							}
						},
						{
							"origin": [-3, 42.3, -1.8],
							"size": [1, 1, 3],
							"uv": {
								"north": {"uv": [61, 24], "uv_size": [1, 1]},
								"east": {"uv": [58, 24], "uv_size": [3, 1]},
								"south": {"uv": [65, 24], "uv_size": [1, 1]},
								"west": {"uv": [62, 24], "uv_size": [3, 1]},
								"up": {"uv": [61, 21], "uv_size": [1, 3]},
								"down": {"uv": [62, 24], "uv_size": [1, -3]}
							}
						},
						{
							"origin": [2, 42.3, -1.8],
							"size": [1, 1, 3],
							"uv": {
								"north": {"uv": [3, 7], "uv_size": [1, 1]},
								"east": {"uv": [0, 7], "uv_size": [3, 1]},
								"south": {"uv": [7, 7], "uv_size": [1, 1]},
								"west": {"uv": [4, 7], "uv_size": [3, 1]},
								"up": {"uv": [3, 4], "uv_size": [1, 3]},
								"down": {"uv": [4, 7], "uv_size": [1, -3]}
							}
						},
						{
							"origin": [-3.975, 41.3, -2.8],
							"size": [1, 1, 5],
							"uv": {
								"north": {"uv": [20, 44], "uv_size": [1, 1]},
								"east": {"uv": [15, 44], "uv_size": [5, 1]},
								"south": {"uv": [26, 44], "uv_size": [1, 1]},
								"west": {"uv": [21, 44], "uv_size": [5, 1]},
								"up": {"uv": [20, 39], "uv_size": [1, 5]},
								"down": {"uv": [21, 44], "uv_size": [1, -5]}
							}
						},
						{
							"origin": [3.025, 41.3, -2.8],
							"size": [1, 1, 5],
							"uv": {
								"north": {"uv": [35, 32], "uv_size": [1, 1]},
								"east": {"uv": [30, 32], "uv_size": [5, 1]},
								"south": {"uv": [41, 32], "uv_size": [1, 1]},
								"west": {"uv": [36, 32], "uv_size": [5, 1]},
								"up": {"uv": [35, 27], "uv_size": [1, 5]},
								"down": {"uv": [36, 32], "uv_size": [1, -5]}
							}
						},
						{
							"origin": [-5.5, 34.4, 0.825],
							"size": [1, 6, 2],
							"uv": {
								"north": {"uv": [10, 57], "uv_size": [1, 6]},
								"east": {"uv": [8, 57], "uv_size": [2, 6]},
								"south": {"uv": [13, 57], "uv_size": [1, 6]},
								"west": {"uv": [11, 57], "uv_size": [2, 6]},
								"up": {"uv": [10, 55], "uv_size": [1, 2]},
								"down": {"uv": [11, 57], "uv_size": [1, -2]}
							}
						},
						{
							"origin": [4.5, 34.4, 0.825],
							"size": [1, 6, 2],
							"uv": {
								"north": {"uv": [2, 11], "uv_size": [1, 6]},
								"east": {"uv": [0, 11], "uv_size": [2, 6]},
								"south": {"uv": [5, 11], "uv_size": [1, 6]},
								"west": {"uv": [3, 11], "uv_size": [2, 6]},
								"up": {"uv": [2, 9], "uv_size": [1, 2]},
								"down": {"uv": [3, 11], "uv_size": [1, -2]}
							}
						},
						{
							"origin": [-5.5, 32.4, -0.175],
							"size": [1, 8, 1],
							"uv": {
								"north": {"uv": [33, 61], "uv_size": [1, 8]},
								"east": {"uv": [32, 61], "uv_size": [1, 8]},
								"south": {"uv": [35, 61], "uv_size": [1, 8]},
								"west": {"uv": [34, 61], "uv_size": [1, 8]},
								"up": {"uv": [33, 60], "uv_size": [1, 1]},
								"down": {"uv": [34, 61], "uv_size": [1, -1]}
							}
						},
						{
							"origin": [-5.5, 35.4, -1.175],
							"size": [1, 4, 1],
							"uv": {
								"north": {"uv": [43, 9], "uv_size": [1, 4]},
								"east": {"uv": [42, 9], "uv_size": [1, 4]},
								"south": {"uv": [45, 9], "uv_size": [1, 4]},
								"west": {"uv": [44, 9], "uv_size": [1, 4]},
								"up": {"uv": [43, 8], "uv_size": [1, 1]},
								"down": {"uv": [44, 9], "uv_size": [1, -1]}
							}
						},
						{
							"origin": [3.5, 33.4, -2.65],
							"size": [1, 8, 6],
							"uv": {
								"north": {"uv": [29, 33], "uv_size": [-1, 8]},
								"east": {"uv": [35, 33], "uv_size": [-6, 8]},
								"south": {"uv": [36, 33], "uv_size": [-1, 8]},
								"west": {"uv": [28, 33], "uv_size": [-6, 8]},
								"up": {"uv": [29, 27], "uv_size": [-1, 6]},
								"down": {"uv": [30, 33], "uv_size": [-1, -6]}
							}
						},
						{
							"origin": [4.5, 32.4, -0.175],
							"size": [1, 8, 1],
							"uv": {
								"north": {"uv": [34, 61], "uv_size": [-1, 8]},
								"east": {"uv": [35, 61], "uv_size": [-1, 8]},
								"south": {"uv": [36, 61], "uv_size": [-1, 8]},
								"west": {"uv": [33, 61], "uv_size": [-1, 8]},
								"up": {"uv": [34, 60], "uv_size": [-1, 1]},
								"down": {"uv": [35, 61], "uv_size": [-1, -1]}
							}
						},
						{
							"origin": [4.5, 35.4, -1.175],
							"size": [1, 4, 1],
							"uv": {
								"north": {"uv": [44, 9], "uv_size": [-1, 4]},
								"east": {"uv": [45, 9], "uv_size": [-1, 4]},
								"south": {"uv": [46, 9], "uv_size": [-1, 4]},
								"west": {"uv": [43, 9], "uv_size": [-1, 4]},
								"up": {"uv": [44, 8], "uv_size": [-1, 1]},
								"down": {"uv": [45, 9], "uv_size": [-1, -1]}
							}
						},
						{
							"origin": [-4.4, 36, -3.8],
							"size": [1, 4, 2],
							"uv": {
								"north": {"uv": [24, 29], "uv_size": [1, 4]},
								"east": {"uv": [22, 29], "uv_size": [2, 4]},
								"south": {"uv": [27, 29], "uv_size": [1, 4]},
								"west": {"uv": [25, 29], "uv_size": [2, 4]},
								"up": {"uv": [24, 27], "uv_size": [1, 2]},
								"down": {"uv": [25, 29], "uv_size": [1, -2]}
							}
						},
						{
							"origin": [1.84924, 33.14972, 7.48277],
							"size": [2, 6, 1],
							"pivot": [2.36604, 17.10616, 2.88004],
							"rotation": [49.1895, 86.7138, 42.8839],
							"uv": {
								"north": {"uv": [28, 1], "uv_size": [2, 6]},
								"east": {"uv": [27, 1], "uv_size": [1, 6]},
								"south": {"uv": [31, 1], "uv_size": [2, 6]},
								"west": {"uv": [30, 1], "uv_size": [1, 6]},
								"up": {"uv": [28, 0], "uv_size": [2, 1]},
								"down": {"uv": [30, 1], "uv_size": [2, -1]}
							}
						},
						{
							"origin": [-5.65695, 33.61898, 2.99112],
							"size": [2, 6, 1],
							"pivot": [-4.65695, 36.61898, 3.44112],
							"rotation": [1.2933, -55.2049, 3.0808],
							"uv": {
								"north": {"uv": [63, 15], "uv_size": [-2, 6]},
								"east": {"uv": [64, 15], "uv_size": [-1, 6]},
								"south": {"uv": [66, 15], "uv_size": [-2, 6]},
								"west": {"uv": [61, 15], "uv_size": [-1, 6]},
								"up": {"uv": [63, 14], "uv_size": [-2, 1]},
								"down": {"uv": [65, 15], "uv_size": [-2, -1]}
							}
						},
						{
							"origin": [3.65695, 33.61898, 2.99112],
							"size": [2, 6, 1],
							"pivot": [4.65695, 36.61898, 3.44112],
							"rotation": [1.2933, 55.2049, -3.0808],
							"uv": {
								"north": {"uv": [61, 15], "uv_size": [2, 6]},
								"east": {"uv": [60, 15], "uv_size": [1, 6]},
								"south": {"uv": [64, 15], "uv_size": [2, 6]},
								"west": {"uv": [63, 15], "uv_size": [1, 6]},
								"up": {"uv": [61, 14], "uv_size": [2, 1]},
								"down": {"uv": [63, 15], "uv_size": [2, -1]}
							}
						},
						{
							"origin": [-3.84924, 33.14972, 7.48276],
							"size": [2, 6, 1],
							"pivot": [-2.36604, 17.10616, 2.88003],
							"rotation": [49.1895, -86.7138, -42.8839],
							"uv": {
								"north": {"uv": [30, 1], "uv_size": [-2, 6]},
								"east": {"uv": [31, 1], "uv_size": [-1, 6]},
								"south": {"uv": [33, 1], "uv_size": [-2, 6]},
								"west": {"uv": [28, 1], "uv_size": [-1, 6]},
								"up": {"uv": [30, 0], "uv_size": [-2, 1]},
								"down": {"uv": [32, 1], "uv_size": [-2, -1]}
							}
						},
						{
							"origin": [-4.5, 33.4, -2.65],
							"size": [1, 8, 6],
							"uv": {
								"north": {"uv": [28, 33], "uv_size": [1, 8]},
								"east": {"uv": [22, 33], "uv_size": [6, 8]},
								"south": {"uv": [35, 33], "uv_size": [1, 8]},
								"west": {"uv": [29, 33], "uv_size": [6, 8]},
								"up": {"uv": [28, 27], "uv_size": [1, 6]},
								"down": {"uv": [29, 33], "uv_size": [1, -6]}
							}
						},
						{
							"origin": [-2.5, 33.34601, 6.88558],
							"size": [5, 5, 1],
							"pivot": [0, 19.14601, 1.88558],
							"rotation": [7.5, 0, 0],
							"uv": {
								"north": {"uv": [54, 42], "uv_size": [5, 5]},
								"east": {"uv": [53, 42], "uv_size": [1, 5]},
								"south": {"uv": [60, 42], "uv_size": [5, 5]},
								"west": {"uv": [59, 42], "uv_size": [1, 5]},
								"up": {"uv": [54, 41], "uv_size": [5, 1]},
								"down": {"uv": [59, 42], "uv_size": [5, -1]}
							}
						},
						{
							"origin": [-4, 33.6, 3],
							"size": [8, 7, 1],
							"uv": {
								"north": {"uv": [37, 35], "uv_size": [8, 7]},
								"east": {"uv": [36, 35], "uv_size": [1, 7]},
								"south": {"uv": [46, 35], "uv_size": [8, 7]},
								"west": {"uv": [45, 35], "uv_size": [1, 7]},
								"up": {"uv": [37, 34], "uv_size": [8, 1]},
								"down": {"uv": [45, 35], "uv_size": [8, -1]}
							}
						},
						{
							"origin": [-3, 34.6, 4],
							"size": [6, 6, 1],
							"uv": {
								"north": {"uv": [47, 17], "uv_size": [6, 6]},
								"east": {"uv": [46, 17], "uv_size": [1, 6]},
								"south": {"uv": [54, 17], "uv_size": [6, 6]},
								"west": {"uv": [53, 17], "uv_size": [1, 6]},
								"up": {"uv": [47, 16], "uv_size": [6, 1]},
								"down": {"uv": [53, 17], "uv_size": [6, -1]}
							}
						}
					]
				},
				{
					"name": "front_h1",
					"parent": "Hair",
					"pivot": [0, 40.5, -4.2],
					"cubes": [
						{
							"origin": [-4.3375, 36.825, -4.15],
							"size": [1, 4, 3],
							"uv": {
								"north": {"uv": [3, 58], "uv_size": [1, 4]},
								"east": {"uv": [0, 58], "uv_size": [3, 4]},
								"south": {"uv": [7, 58], "uv_size": [1, 4]},
								"west": {"uv": [4, 58], "uv_size": [3, 4]},
								"up": {"uv": [3, 55], "uv_size": [1, 3]},
								"down": {"uv": [4, 58], "uv_size": [1, -3]}
							}
						},
						{
							"origin": [-3.5, 36.925, -4.575],
							"size": [1, 4, 1],
							"uv": {
								"north": {"uv": [63, 1], "uv_size": [1, 4]},
								"east": {"uv": [62, 1], "uv_size": [1, 4]},
								"south": {"uv": [65, 1], "uv_size": [1, 4]},
								"west": {"uv": [64, 1], "uv_size": [1, 4]},
								"up": {"uv": [63, 0], "uv_size": [1, 1]},
								"down": {"uv": [64, 1], "uv_size": [1, -1]}
							}
						},
						{
							"origin": [-2.495, 38.025, -4.675],
							"size": [1, 3, 1],
							"uv": {
								"north": {"uv": [26, 47], "uv_size": [1, 3]},
								"east": {"uv": [25, 47], "uv_size": [1, 3]},
								"south": {"uv": [28, 47], "uv_size": [1, 3]},
								"west": {"uv": [27, 47], "uv_size": [1, 3]},
								"up": {"uv": [26, 46], "uv_size": [1, 1]},
								"down": {"uv": [27, 47], "uv_size": [1, -1]}
							}
						},
						{
							"origin": [-1.5, 39.025, -4.825],
							"size": [3, 2, 1],
							"uv": {
								"north": {"uv": [78, 1], "uv_size": [3, 2]},
								"east": {"uv": [77, 1], "uv_size": [1, 2]},
								"south": {"uv": [82, 1], "uv_size": [3, 2]},
								"west": {"uv": [81, 1], "uv_size": [1, 2]},
								"up": {"uv": [78, 0], "uv_size": [3, 1]},
								"down": {"uv": [81, 1], "uv_size": [3, -1]}
							}
						},
						{
							"origin": [1.499, 38.025, -5],
							"size": [1, 3, 1],
							"uv": {
								"north": {"uv": [63, 9], "uv_size": [1, 3]},
								"east": {"uv": [62, 9], "uv_size": [1, 3]},
								"south": {"uv": [65, 9], "uv_size": [1, 3]},
								"west": {"uv": [64, 9], "uv_size": [1, 3]},
								"up": {"uv": [63, 8], "uv_size": [1, 1]},
								"down": {"uv": [64, 9], "uv_size": [1, -1]}
							}
						},
						{
							"origin": [2.525, 36.925, -4.7],
							"size": [1, 4, 1],
							"uv": {
								"north": {"uv": [42, 28], "uv_size": [1, 4]},
								"east": {"uv": [41, 28], "uv_size": [1, 4]},
								"south": {"uv": [44, 28], "uv_size": [1, 4]},
								"west": {"uv": [43, 28], "uv_size": [1, 4]},
								"up": {"uv": [42, 27], "uv_size": [1, 1]},
								"down": {"uv": [43, 28], "uv_size": [1, -1]}
							}
						},
						{
							"origin": [3.3875, 36.825, -4.2],
							"size": [1, 4, 3],
							"uv": {
								"north": {"uv": [57, 37], "uv_size": [1, 4]},
								"east": {"uv": [54, 37], "uv_size": [3, 4]},
								"south": {"uv": [61, 37], "uv_size": [1, 4]},
								"west": {"uv": [58, 37], "uv_size": [3, 4]},
								"up": {"uv": [57, 34], "uv_size": [1, 3]},
								"down": {"uv": [58, 37], "uv_size": [1, -3]}
							}
						},
						{
							"origin": [1.65, 37, -5.125],
							"size": [1, 3, 1],
							"pivot": [2, 39.275, -4.7],
							"rotation": [0, 0, -22.5],
							"uv": {
								"north": {"uv": [1, 44], "uv_size": [1, 3]},
								"east": {"uv": [0, 44], "uv_size": [1, 3]},
								"south": {"uv": [3, 44], "uv_size": [1, 3]},
								"west": {"uv": [2, 44], "uv_size": [1, 3]},
								"up": {"uv": [1, 43], "uv_size": [1, 1]},
								"down": {"uv": [2, 44], "uv_size": [1, -1]}
							}
						},
						{
							"origin": [0.65, 38, -5.125],
							"size": [1, 3, 1],
							"pivot": [2, 39.275, -4.7],
							"rotation": [0, 0, -22.5],
							"uv": {
								"north": {"uv": [62, 29], "uv_size": [1, 3]},
								"east": {"uv": [61, 29], "uv_size": [1, 3]},
								"south": {"uv": [64, 29], "uv_size": [1, 3]},
								"west": {"uv": [63, 29], "uv_size": [1, 3]},
								"up": {"uv": [62, 28], "uv_size": [1, 1]},
								"down": {"uv": [63, 29], "uv_size": [1, -1]}
							}
						},
						{
							"origin": [-2.775, 36.9, -5.075],
							"size": [1, 3, 1],
							"pivot": [-2, 39.275, -4.575],
							"rotation": [0, 0, 25],
							"uv": {
								"north": {"uv": [1, 44], "uv_size": [1, 3]},
								"east": {"uv": [0, 44], "uv_size": [1, 3]},
								"south": {"uv": [3, 44], "uv_size": [1, 3]},
								"west": {"uv": [2, 44], "uv_size": [1, 3]},
								"up": {"uv": [1, 43], "uv_size": [1, 1]},
								"down": {"uv": [2, 44], "uv_size": [1, -1]}
							}
						},
						{
							"origin": [-2.2, 37.125, -5.2],
							"size": [1, 3, 1],
							"pivot": [0, 38.25, -4.7],
							"rotation": [0, 0, 12.5],
							"uv": {
								"north": {"uv": [38, 28], "uv_size": [1, 3]},
								"east": {"uv": [37, 28], "uv_size": [1, 3]},
								"south": {"uv": [40, 28], "uv_size": [1, 3]},
								"west": {"uv": [39, 28], "uv_size": [1, 3]},
								"up": {"uv": [38, 27], "uv_size": [1, 1]},
								"down": {"uv": [39, 28], "uv_size": [1, -1]}
							}
						},
						{
							"origin": [-0.2, 37.125, -5.2],
							"size": [1, 4, 1],
							"pivot": [0, 38.25, -4.7],
							"rotation": [0, 0, 12.5],
							"uv": {
								"north": {"uv": [22, 46], "uv_size": [1, 4]},
								"east": {"uv": [21, 46], "uv_size": [1, 4]},
								"south": {"uv": [24, 46], "uv_size": [1, 4]},
								"west": {"uv": [23, 46], "uv_size": [1, 4]},
								"up": {"uv": [22, 45], "uv_size": [1, 1]},
								"down": {"uv": [23, 46], "uv_size": [1, -1]}
							}
						},
						{
							"origin": [-1.2, 36.15, -5.2],
							"size": [1, 5, 1],
							"pivot": [0, 38.25, -4.7],
							"rotation": [0, 0, 12.5],
							"uv": {
								"north": {"uv": [22, 10], "uv_size": [1, 5]},
								"east": {"uv": [21, 10], "uv_size": [1, 5]},
								"south": {"uv": [24, 10], "uv_size": [1, 5]},
								"west": {"uv": [23, 10], "uv_size": [1, 5]},
								"up": {"uv": [22, 9], "uv_size": [1, 1]},
								"down": {"uv": [23, 10], "uv_size": [1, -1]}
							}
						}
					]
				},
				{
					"name": "corner_h1",
					"parent": "Hair",
					"pivot": [-4.37735, 36.62243, -2.86577],
					"cubes": [
						{
							"origin": [-4.47485, 36.44593, -3.69748],
							"size": [1.025, 2, 1],
							"pivot": [-4.37735, 36.62243, -2.86577],
							"rotation": [-0.4948, 0.2395, 7.4885],
							"uv": {
								"north": {"uv": [63, 26], "uv_size": [-1, 2]},
								"east": {"uv": [64, 26], "uv_size": [-1, 2]},
								"south": {"uv": [65, 26], "uv_size": [-1, 2]},
								"west": {"uv": [62, 26], "uv_size": [-1, 2]},
								"up": {"uv": [63, 25], "uv_size": [-1, 1]},
								"down": {"uv": [64, 26], "uv_size": [-1, -1]}
							}
						},
						{
							"origin": [3.41137, 32.09775, -3.95436],
							"size": [1.025, 2, 1],
							"pivot": [3.78868, 31.91337, -3.36686],
							"rotation": [-6.0826, -1.7565, 4.4725],
							"uv": {
								"north": {"uv": [62, 26], "uv_size": [1, 2]},
								"east": {"uv": [61, 26], "uv_size": [1, 2]},
								"south": {"uv": [64, 26], "uv_size": [1, 2]},
								"west": {"uv": [63, 26], "uv_size": [1, 2]},
								"up": {"uv": [62, 25], "uv_size": [1, 1]},
								"down": {"uv": [63, 26], "uv_size": [1, -1]}
							}
						},
						{
							"origin": [3.54631, 29.32801, -3.85436],
							"size": [1.025, 3, 1],
							"pivot": [3.78868, 31.91337, -3.36686],
							"rotation": [-6.0826, -1.7565, 4.4725],
							"uv": {
								"north": {"uv": [1, 25], "uv_size": [1, 3]},
								"east": {"uv": [0, 25], "uv_size": [1, 3]},
								"south": {"uv": [3, 25], "uv_size": [1, 3]},
								"west": {"uv": [2, 25], "uv_size": [1, 3]},
								"up": {"uv": [1, 24], "uv_size": [1, 1]},
								"down": {"uv": [2, 25], "uv_size": [1, -1]}
							}
						},
						{
							"origin": [4.41183, 32.91888, -2.9848],
							"size": [1.025, 3, 1],
							"pivot": [4.71154, 32.58917, -2.89858],
							"rotation": [-3.5529, -1.8007, -0.0898],
							"uv": {
								"north": {"uv": [1, 40], "uv_size": [1, 3]},
								"east": {"uv": [0, 40], "uv_size": [1, 3]},
								"south": {"uv": [3, 40], "uv_size": [1, 3]},
								"west": {"uv": [2, 40], "uv_size": [1, 3]},
								"up": {"uv": [1, 39], "uv_size": [1, 1]},
								"down": {"uv": [2, 40], "uv_size": [1, -1]}
							}
						},
						{
							"origin": [4.20269, 31.06569, -2.98457],
							"size": [1.025, 2, 1],
							"pivot": [4.58767, 32.6054, -2.90297],
							"rotation": [-3.8112, -1.1568, 9.8928],
							"uv": {
								"north": {"uv": [62, 26], "uv_size": [1, 2]},
								"east": {"uv": [61, 26], "uv_size": [1, 2]},
								"south": {"uv": [64, 26], "uv_size": [1, 2]},
								"west": {"uv": [63, 26], "uv_size": [1, 2]},
								"up": {"uv": [62, 25], "uv_size": [1, 1]},
								"down": {"uv": [63, 26], "uv_size": [1, -1]}
							}
						},
						{
							"origin": [4.42592, 35.66357, -2.92341],
							"size": [1.025, 2, 1],
							"pivot": [4.92833, 35.99488, -2.83741],
							"rotation": [-0.4995, 0.0219, -4.9792],
							"uv": {
								"north": {"uv": [62, 26], "uv_size": [1, 2]},
								"east": {"uv": [61, 26], "uv_size": [1, 2]},
								"south": {"uv": [64, 26], "uv_size": [1, 2]},
								"west": {"uv": [63, 26], "uv_size": [1, 2]},
								"up": {"uv": [62, 25], "uv_size": [1, 1]},
								"down": {"uv": [63, 26], "uv_size": [1, -1]}
							}
						},
						{
							"origin": [4.52853, 37.45397, -2.92152],
							"size": [1.025, 3, 1],
							"pivot": [4.52187, 36.69327, -2.86585],
							"rotation": [-0.4958, -0.0652, -14.9788],
							"uv": {
								"north": {"uv": [19, 25], "uv_size": [1, 3]},
								"east": {"uv": [18, 25], "uv_size": [1, 3]},
								"south": {"uv": [21, 25], "uv_size": [1, 3]},
								"west": {"uv": [20, 25], "uv_size": [1, 3]},
								"up": {"uv": [19, 24], "uv_size": [1, 1]},
								"down": {"uv": [20, 25], "uv_size": [1, -1]}
							}
						},
						{
							"origin": [3.48618, 33.51399, -3.67248],
							"size": [1.025, 3, 1],
							"pivot": [4.37735, 36.62243, -2.86577],
							"rotation": [-0.5218, -0.1729, 0.0112],
							"uv": {
								"north": {"uv": [19, 25], "uv_size": [1, 3]},
								"east": {"uv": [18, 25], "uv_size": [1, 3]},
								"south": {"uv": [21, 25], "uv_size": [1, 3]},
								"west": {"uv": [20, 25], "uv_size": [1, 3]},
								"up": {"uv": [19, 24], "uv_size": [1, 1]},
								"down": {"uv": [20, 25], "uv_size": [1, -1]}
							}
						},
						{
							"origin": [3.44985, 36.44593, -3.69748],
							"size": [1.025, 2, 1],
							"pivot": [4.37735, 36.62243, -2.86577],
							"rotation": [-0.4948, -0.2395, -7.4885],
							"uv": {
								"north": {"uv": [62, 26], "uv_size": [1, 2]},
								"east": {"uv": [61, 26], "uv_size": [1, 2]},
								"south": {"uv": [64, 26], "uv_size": [1, 2]},
								"west": {"uv": [63, 26], "uv_size": [1, 2]},
								"up": {"uv": [62, 25], "uv_size": [1, 1]},
								"down": {"uv": [63, 26], "uv_size": [1, -1]}
							}
						},
						{
							"origin": [-5.22769, 31.06569, -2.98457],
							"size": [1.025, 2, 1],
							"pivot": [-4.58767, 32.60539, -2.90296],
							"rotation": [-3.8111, 1.1568, -9.8928],
							"uv": {
								"north": {"uv": [63, 26], "uv_size": [-1, 2]},
								"east": {"uv": [64, 26], "uv_size": [-1, 2]},
								"south": {"uv": [65, 26], "uv_size": [-1, 2]},
								"west": {"uv": [62, 26], "uv_size": [-1, 2]},
								"up": {"uv": [63, 25], "uv_size": [-1, 1]},
								"down": {"uv": [64, 26], "uv_size": [-1, -1]}
							}
						},
						{
							"origin": [-5.43683, 32.91888, -2.9848],
							"size": [1.025, 3, 1],
							"pivot": [-4.71154, 32.58917, -2.89858],
							"rotation": [-3.5529, 1.8006, 0.0899],
							"uv": {
								"north": {"uv": [2, 40], "uv_size": [-1, 3]},
								"east": {"uv": [3, 40], "uv_size": [-1, 3]},
								"south": {"uv": [4, 40], "uv_size": [-1, 3]},
								"west": {"uv": [1, 40], "uv_size": [-1, 3]},
								"up": {"uv": [2, 39], "uv_size": [-1, 1]},
								"down": {"uv": [3, 40], "uv_size": [-1, -1]}
							}
						},
						{
							"origin": [-4.57131, 29.32801, -3.85435],
							"size": [1.025, 3, 1],
							"pivot": [-3.78868, 31.91337, -3.36685],
							"rotation": [-6.0826, 1.7564, -4.4725],
							"uv": {
								"north": {"uv": [2, 25], "uv_size": [-1, 3]},
								"east": {"uv": [3, 25], "uv_size": [-1, 3]},
								"south": {"uv": [4, 25], "uv_size": [-1, 3]},
								"west": {"uv": [1, 25], "uv_size": [-1, 3]},
								"up": {"uv": [2, 24], "uv_size": [-1, 1]},
								"down": {"uv": [3, 25], "uv_size": [-1, -1]}
							}
						},
						{
							"origin": [-4.43637, 32.09775, -3.95435],
							"size": [1.025, 2, 1],
							"pivot": [-3.78868, 31.91337, -3.36685],
							"rotation": [-6.0826, 1.7564, -4.4725],
							"uv": {
								"north": {"uv": [63, 26], "uv_size": [-1, 2]},
								"east": {"uv": [64, 26], "uv_size": [-1, 2]},
								"south": {"uv": [65, 26], "uv_size": [-1, 2]},
								"west": {"uv": [62, 26], "uv_size": [-1, 2]},
								"up": {"uv": [63, 25], "uv_size": [-1, 1]},
								"down": {"uv": [64, 26], "uv_size": [-1, -1]}
							}
						},
						{
							"origin": [-5.55353, 37.45397, -2.92152],
							"size": [1.025, 3, 1],
							"pivot": [-4.52187, 36.69327, -2.86585],
							"rotation": [-0.4958, 0.0652, 14.9788],
							"uv": {
								"north": {"uv": [20, 25], "uv_size": [-1, 3]},
								"east": {"uv": [21, 25], "uv_size": [-1, 3]},
								"south": {"uv": [22, 25], "uv_size": [-1, 3]},
								"west": {"uv": [19, 25], "uv_size": [-1, 3]},
								"up": {"uv": [20, 24], "uv_size": [-1, 1]},
								"down": {"uv": [21, 25], "uv_size": [-1, -1]}
							}
						},
						{
							"origin": [-5.45092, 35.66357, -2.92341],
							"size": [1.025, 2, 1],
							"pivot": [-4.92833, 35.99488, -2.83741],
							"rotation": [-0.4996, -0.0219, 4.9792],
							"uv": {
								"north": {"uv": [63, 26], "uv_size": [-1, 2]},
								"east": {"uv": [64, 26], "uv_size": [-1, 2]},
								"south": {"uv": [65, 26], "uv_size": [-1, 2]},
								"west": {"uv": [62, 26], "uv_size": [-1, 2]},
								"up": {"uv": [63, 25], "uv_size": [-1, 1]},
								"down": {"uv": [64, 26], "uv_size": [-1, -1]}
							}
						},
						{
							"origin": [-4.51118, 33.51399, -3.67248],
							"size": [1.025, 3, 1],
							"pivot": [-4.37735, 36.62243, -2.86577],
							"rotation": [-0.5218, 0.1729, -0.0112],
							"uv": {
								"north": {"uv": [20, 25], "uv_size": [-1, 3]},
								"east": {"uv": [21, 25], "uv_size": [-1, 3]},
								"south": {"uv": [22, 25], "uv_size": [-1, 3]},
								"west": {"uv": [19, 25], "uv_size": [-1, 3]},
								"up": {"uv": [20, 24], "uv_size": [-1, 1]},
								"down": {"uv": [21, 25], "uv_size": [-1, -1]}
							}
						}
					]
				},
				{
					"name": "FLongHair",
					"parent": "Hair",
					"pivot": [0.325, 35.56866, 5.28289]
				},
				{
					"name": "MLongHair",
					"parent": "FLongHair",
					"pivot": [0.325, 35.5687, 5.28289]
				},
				{
					"name": "LongHair",
					"parent": "MLongHair",
					"pivot": [0.325, 35.5687, 5.28289]
				},
				{
					"name": "hl_side",
					"parent": "LongHair",
					"pivot": [0, 32.71651, 5.24811],
					"cubes": [
						{
							"origin": [4.75602, 29.85383, 2.16344],
							"size": [2, 5, 1],
							"pivot": [5.48102, 32.35383, 2.66344],
							"rotation": [-5.52696, 75.26092, -18.5121],
							"uv": {
								"north": {"uv": [37, 61], "uv_size": [2, 5]},
								"east": {"uv": [36, 61], "uv_size": [1, 5]},
								"south": {"uv": [40, 61], "uv_size": [2, 5]},
								"west": {"uv": [39, 61], "uv_size": [1, 5]},
								"up": {"uv": [37, 60], "uv_size": [2, 1]},
								"down": {"uv": [39, 61], "uv_size": [2, -1]}
							}
						},
						{
							"origin": [-6.75602, 29.85383, 2.16344],
							"size": [2, 5, 1],
							"pivot": [-5.48102, 32.35383, 2.66344],
							"rotation": [-5.52696, -75.26092, 18.5121],
							"uv": {
								"north": {"uv": [39, 61], "uv_size": [-2, 5]},
								"east": {"uv": [40, 61], "uv_size": [-1, 5]},
								"south": {"uv": [42, 61], "uv_size": [-2, 5]},
								"west": {"uv": [37, 61], "uv_size": [-1, 5]},
								"up": {"uv": [39, 60], "uv_size": [-2, 1]},
								"down": {"uv": [41, 61], "uv_size": [-2, -1]}
							}
						},
						{
							"origin": [11.50505, 25.91627, 17.10662],
							"size": [3, 5, 1],
							"pivot": [-3.24919, 15.37844, 14.44856],
							"rotation": [-0.1122, 51.2465, -15.5809],
							"uv": {
								"north": {"uv": [69, 7], "uv_size": [3, 5]},
								"east": {"uv": [68, 7], "uv_size": [1, 5]},
								"south": {"uv": [73, 7], "uv_size": [3, 5]},
								"west": {"uv": [72, 7], "uv_size": [1, 5]},
								"up": {"uv": [69, 6], "uv_size": [3, 1]},
								"down": {"uv": [72, 7], "uv_size": [3, -1]}
							}
						},
						{
							"origin": [11.74434, 19.96115, 13.94924],
							"size": [2, 5, 1],
							"pivot": [-2.78264, 12.41642, 10.43881],
							"rotation": [-19.4775, 49.3157, -30.9666],
							"uv": {
								"north": {"uv": [37, 61], "uv_size": [2, 5]},
								"east": {"uv": [36, 61], "uv_size": [1, 5]},
								"south": {"uv": [40, 61], "uv_size": [2, 5]},
								"west": {"uv": [39, 61], "uv_size": [1, 5]},
								"up": {"uv": [37, 60], "uv_size": [2, 1]},
								"down": {"uv": [39, 61], "uv_size": [2, -1]}
							}
						},
						{
							"origin": [13.3521, 20.80306, 12.9267],
							"size": [1, 4, 1],
							"pivot": [-2.78264, 12.41642, 10.43881],
							"rotation": [-19.4775, 49.3157, -30.9666],
							"uv": {
								"north": {"uv": [31, 28], "uv_size": [1, 4]},
								"east": {"uv": [30, 28], "uv_size": [1, 4]},
								"south": {"uv": [33, 28], "uv_size": [1, 4]},
								"west": {"uv": [32, 28], "uv_size": [1, 4]},
								"up": {"uv": [31, 27], "uv_size": [1, 1]},
								"down": {"uv": [32, 28], "uv_size": [1, -1]}
							}
						},
						{
							"origin": [15.71874, 26.89662, 17.00257],
							"size": [3, 5, 1],
							"pivot": [1.60103, 11.01808, 20.16395],
							"rotation": [11.9446, 52.8785, -3.6717],
							"uv": {
								"north": {"uv": [69, 7], "uv_size": [3, 5]},
								"east": {"uv": [68, 7], "uv_size": [1, 5]},
								"south": {"uv": [73, 7], "uv_size": [3, 5]},
								"west": {"uv": [72, 7], "uv_size": [1, 5]},
								"up": {"uv": [69, 6], "uv_size": [3, 1]},
								"down": {"uv": [72, 7], "uv_size": [3, -1]}
							}
						},
						{
							"origin": [15.88533, 19.7841, 12.91842],
							"size": [2, 5, 1],
							"pivot": [2.44485, 7.61452, 15.87866],
							"rotation": [-8.8434, 52.9314, -20.2885],
							"uv": {
								"north": {"uv": [37, 61], "uv_size": [2, 5]},
								"east": {"uv": [36, 61], "uv_size": [1, 5]},
								"south": {"uv": [40, 61], "uv_size": [2, 5]},
								"west": {"uv": [39, 61], "uv_size": [1, 5]},
								"up": {"uv": [37, 60], "uv_size": [2, 1]},
								"down": {"uv": [39, 61], "uv_size": [2, -1]}
							}
						},
						{
							"origin": [-14.50505, 25.91627, 17.10662],
							"size": [3, 5, 1],
							"pivot": [3.24919, 15.37844, 14.44856],
							"rotation": [-0.1122, -51.2465, 15.5809],
							"uv": {
								"north": {"uv": [72, 7], "uv_size": [-3, 5]},
								"east": {"uv": [73, 7], "uv_size": [-1, 5]},
								"south": {"uv": [76, 7], "uv_size": [-3, 5]},
								"west": {"uv": [69, 7], "uv_size": [-1, 5]},
								"up": {"uv": [72, 6], "uv_size": [-3, 1]},
								"down": {"uv": [75, 7], "uv_size": [-3, -1]}
							}
						},
						{
							"origin": [-13.74434, 19.96115, 13.94924],
							"size": [2, 5, 1],
							"pivot": [2.78264, 12.41642, 10.43881],
							"rotation": [-19.4775, -49.3157, 30.9666],
							"uv": {
								"north": {"uv": [39, 61], "uv_size": [-2, 5]},
								"east": {"uv": [40, 61], "uv_size": [-1, 5]},
								"south": {"uv": [42, 61], "uv_size": [-2, 5]},
								"west": {"uv": [37, 61], "uv_size": [-1, 5]},
								"up": {"uv": [39, 60], "uv_size": [-2, 1]},
								"down": {"uv": [41, 61], "uv_size": [-2, -1]}
							}
						},
						{
							"origin": [-14.3521, 20.80306, 12.9267],
							"size": [1, 4, 1],
							"pivot": [2.78264, 12.41642, 10.43881],
							"rotation": [-19.4775, -49.3157, 30.9666],
							"uv": {
								"north": {"uv": [32, 28], "uv_size": [-1, 4]},
								"east": {"uv": [33, 28], "uv_size": [-1, 4]},
								"south": {"uv": [34, 28], "uv_size": [-1, 4]},
								"west": {"uv": [31, 28], "uv_size": [-1, 4]},
								"up": {"uv": [32, 27], "uv_size": [-1, 1]},
								"down": {"uv": [33, 28], "uv_size": [-1, -1]}
							}
						},
						{
							"origin": [-18.71874, 26.89662, 17.00257],
							"size": [3, 5, 1],
							"pivot": [-1.60103, 11.01808, 20.16395],
							"rotation": [11.9446, -52.8785, 3.6717],
							"uv": {
								"north": {"uv": [72, 7], "uv_size": [-3, 5]},
								"east": {"uv": [73, 7], "uv_size": [-1, 5]},
								"south": {"uv": [76, 7], "uv_size": [-3, 5]},
								"west": {"uv": [69, 7], "uv_size": [-1, 5]},
								"up": {"uv": [72, 6], "uv_size": [-3, 1]},
								"down": {"uv": [75, 7], "uv_size": [-3, -1]}
							}
						},
						{
							"origin": [-17.88533, 19.7841, 12.91842],
							"size": [2, 5, 1],
							"pivot": [-2.44485, 7.61452, 15.87866],
							"rotation": [-8.8434, -52.9314, 20.2885],
							"uv": {
								"north": {"uv": [39, 61], "uv_size": [-2, 5]},
								"east": {"uv": [40, 61], "uv_size": [-1, 5]},
								"south": {"uv": [42, 61], "uv_size": [-2, 5]},
								"west": {"uv": [37, 61], "uv_size": [-1, 5]},
								"up": {"uv": [39, 60], "uv_size": [-2, 1]},
								"down": {"uv": [41, 61], "uv_size": [-2, -1]}
							}
						}
					]
				},
				{
					"name": "hl_m",
					"parent": "LongHair",
					"pivot": [0, 38.12846, 4.81781],
					"cubes": [
						{
							"origin": [-4, 20.33127, 2.52525],
							"size": [1, 2, 1],
							"pivot": [-0.5, 7.13127, -1.84975],
							"rotation": [-7.5, 0, 0],
							"uv": {
								"north": {"uv": [14, 46], "uv_size": [1, 2]},
								"east": {"uv": [13, 46], "uv_size": [1, 2]},
								"south": {"uv": [16, 46], "uv_size": [1, 2]},
								"west": {"uv": [15, 46], "uv_size": [1, 2]},
								"up": {"uv": [14, 45], "uv_size": [1, 1]},
								"down": {"uv": [15, 46], "uv_size": [1, -1]}
							}
						},
						{
							"origin": [-4.85, 22.33127, 2.52525],
							"size": [2, 4, 1],
							"pivot": [-0.5, 7.13127, -1.84975],
							"rotation": [-7.5, 0, 0],
							"uv": {
								"north": {"uv": [43, 61], "uv_size": [2, 4]},
								"east": {"uv": [42, 61], "uv_size": [1, 4]},
								"south": {"uv": [46, 61], "uv_size": [2, 4]},
								"west": {"uv": [45, 61], "uv_size": [1, 4]},
								"up": {"uv": [43, 60], "uv_size": [2, 1]},
								"down": {"uv": [45, 61], "uv_size": [2, -1]}
							}
						},
						{
							"origin": [3, 20.33127, 2.52525],
							"size": [1, 2, 1],
							"pivot": [0.5, 7.13127, -1.84975],
							"rotation": [-7.5, 0, 0],
							"uv": {
								"north": {"uv": [15, 46], "uv_size": [-1, 2]},
								"east": {"uv": [16, 46], "uv_size": [-1, 2]},
								"south": {"uv": [17, 46], "uv_size": [-1, 2]},
								"west": {"uv": [14, 46], "uv_size": [-1, 2]},
								"up": {"uv": [15, 45], "uv_size": [-1, 1]},
								"down": {"uv": [16, 46], "uv_size": [-1, -1]}
							}
						},
						{
							"origin": [2.85, 22.33127, 2.52525],
							"size": [2, 4, 1],
							"pivot": [0.5, 7.13127, -1.84975],
							"rotation": [-7.5, 0, 0],
							"uv": {
								"north": {"uv": [45, 61], "uv_size": [-2, 4]},
								"east": {"uv": [46, 61], "uv_size": [-1, 4]},
								"south": {"uv": [48, 61], "uv_size": [-2, 4]},
								"west": {"uv": [43, 61], "uv_size": [-1, 4]},
								"up": {"uv": [45, 60], "uv_size": [-2, 1]},
								"down": {"uv": [47, 61], "uv_size": [-2, -1]}
							}
						},
						{
							"origin": [-1.5, 20.25295, 3.49511],
							"size": [3, 1, 1],
							"pivot": [-2, 7.05295, -1.25489],
							"rotation": [-7.5, 0, 0],
							"uv": {
								"north": {"uv": [35, 9], "uv_size": [3, 1]},
								"east": {"uv": [34, 9], "uv_size": [1, 1]},
								"south": {"uv": [39, 9], "uv_size": [3, 1]},
								"west": {"uv": [38, 9], "uv_size": [1, 1]},
								"up": {"uv": [35, 8], "uv_size": [3, 1]},
								"down": {"uv": [38, 9], "uv_size": [3, -1]}
							}
						},
						{
							"origin": [-2, 21.25295, 3.49511],
							"size": [4, 2, 1],
							"pivot": [-2.5, 7.05295, -1.25489],
							"rotation": [-7.5, 0, 0],
							"uv": {
								"north": {"uv": [54, 7], "uv_size": [4, 2]},
								"east": {"uv": [53, 7], "uv_size": [1, 2]},
								"south": {"uv": [59, 7], "uv_size": [4, 2]},
								"west": {"uv": [58, 7], "uv_size": [1, 2]},
								"up": {"uv": [54, 6], "uv_size": [4, 1]},
								"down": {"uv": [58, 7], "uv_size": [4, -1]}
							}
						},
						{
							"origin": [-2.5, 23.25295, 3.49511],
							"size": [5, 3, 1],
							"pivot": [-2, 7.05295, -1.25489],
							"rotation": [-7.5, 0, 0],
							"uv": {
								"north": {"uv": [36, 43], "uv_size": [5, 3]},
								"east": {"uv": [35, 43], "uv_size": [1, 3]},
								"south": {"uv": [42, 43], "uv_size": [5, 3]},
								"west": {"uv": [41, 43], "uv_size": [1, 3]},
								"up": {"uv": [36, 42], "uv_size": [5, 1]},
								"down": {"uv": [41, 43], "uv_size": [5, -1]}
							}
						},
						{
							"origin": [-4.85, 25.58395, 3.2935],
							"size": [3, 3, 1],
							"pivot": [0.5, 11.38395, -1.0815],
							"rotation": [-5, 0, 0],
							"uv": {
								"north": {"uv": [36, 47], "uv_size": [3, 3]},
								"east": {"uv": [35, 47], "uv_size": [1, 3]},
								"south": {"uv": [40, 47], "uv_size": [3, 3]},
								"west": {"uv": [39, 47], "uv_size": [1, 3]},
								"up": {"uv": [36, 46], "uv_size": [3, 1]},
								"down": {"uv": [39, 47], "uv_size": [3, -1]}
							}
						},
						{
							"origin": [-4, 25.53165, 4.26622],
							"size": [8, 3, 1],
							"pivot": [-1.5, 11.33165, -0.48378],
							"rotation": [-5, 0, 0],
							"uv": {
								"north": {"uv": [51, 71], "uv_size": [8, 3]},
								"east": {"uv": [50, 71], "uv_size": [1, 3]},
								"south": {"uv": [60, 71], "uv_size": [8, 3]},
								"west": {"uv": [59, 71], "uv_size": [1, 3]},
								"up": {"uv": [51, 70], "uv_size": [8, 1]},
								"down": {"uv": [59, 71], "uv_size": [8, -1]}
							}
						},
						{
							"origin": [-4.5, 28.00864, 4.67032],
							"size": [3, 4, 1],
							"uv": {
								"north": {"uv": [15, 50], "uv_size": [3, 4]},
								"east": {"uv": [14, 50], "uv_size": [1, 4]},
								"south": {"uv": [19, 50], "uv_size": [3, 4]},
								"west": {"uv": [18, 50], "uv_size": [1, 4]},
								"up": {"uv": [15, 49], "uv_size": [3, 1]},
								"down": {"uv": [18, 50], "uv_size": [3, -1]}
							}
						},
						{
							"origin": [-3.5, 27.00864, 5.64532],
							"size": [7, 5, 1],
							"uv": {
								"north": {"uv": [47, 1], "uv_size": [7, 5]},
								"east": {"uv": [46, 1], "uv_size": [1, 5]},
								"south": {"uv": [55, 1], "uv_size": [7, 5]},
								"west": {"uv": [54, 1], "uv_size": [1, 5]},
								"up": {"uv": [47, 0], "uv_size": [7, 1]},
								"down": {"uv": [54, 1], "uv_size": [7, -1]}
							}
						},
						{
							"origin": [-4, 31.32846, 6.19281],
							"size": [3, 4, 1],
							"pivot": [0.5, 18.12846, 1.81781],
							"rotation": [7.5, 0, 0],
							"uv": {
								"north": {"uv": [15, 50], "uv_size": [3, 4]},
								"east": {"uv": [14, 50], "uv_size": [1, 4]},
								"south": {"uv": [19, 50], "uv_size": [3, 4]},
								"west": {"uv": [18, 50], "uv_size": [1, 4]},
								"up": {"uv": [15, 49], "uv_size": [3, 1]},
								"down": {"uv": [18, 50], "uv_size": [3, -1]}
							}
						},
						{
							"origin": [-3, 30.40677, 7.16268],
							"size": [6, 5, 1],
							"pivot": [0.5, 18.20677, 2.41268],
							"rotation": [7.5, 0, 0],
							"uv": {
								"north": {"uv": [1, 50], "uv_size": [6, 5]},
								"east": {"uv": [0, 50], "uv_size": [1, 5]},
								"south": {"uv": [8, 50], "uv_size": [6, 5]},
								"west": {"uv": [7, 50], "uv_size": [1, 5]},
								"up": {"uv": [1, 49], "uv_size": [6, 1]},
								"down": {"uv": [7, 50], "uv_size": [6, -1]}
							}
						},
						{
							"origin": [3, 24.58395, 3.2935],
							"size": [2, 1, 1],
							"pivot": [0.5, 11.38395, -1.0815],
							"rotation": [-5, 0, 0],
							"uv": {
								"north": {"uv": [15, 40], "uv_size": [2, 1]},
								"east": {"uv": [14, 40], "uv_size": [1, 1]},
								"south": {"uv": [18, 40], "uv_size": [2, 1]},
								"west": {"uv": [17, 40], "uv_size": [1, 1]},
								"up": {"uv": [15, 39], "uv_size": [2, 1]},
								"down": {"uv": [17, 40], "uv_size": [2, -1]}
							}
						},
						{
							"origin": [1.85, 25.58395, 3.2935],
							"size": [3, 3, 1],
							"pivot": [-0.5, 11.38395, -1.0815],
							"rotation": [-5, 0, 0],
							"uv": {
								"north": {"uv": [39, 47], "uv_size": [-3, 3]},
								"east": {"uv": [40, 47], "uv_size": [-1, 3]},
								"south": {"uv": [43, 47], "uv_size": [-3, 3]},
								"west": {"uv": [36, 47], "uv_size": [-1, 3]},
								"up": {"uv": [39, 46], "uv_size": [-3, 1]},
								"down": {"uv": [42, 47], "uv_size": [-3, -1]}
							}
						},
						{
							"origin": [1.5, 28.00864, 4.67032],
							"size": [3, 4, 1],
							"uv": {
								"north": {"uv": [18, 50], "uv_size": [-3, 4]},
								"east": {"uv": [19, 50], "uv_size": [-1, 4]},
								"south": {"uv": [22, 50], "uv_size": [-3, 4]},
								"west": {"uv": [15, 50], "uv_size": [-1, 4]},
								"up": {"uv": [18, 49], "uv_size": [-3, 1]},
								"down": {"uv": [21, 50], "uv_size": [-3, -1]}
							}
						},
						{
							"origin": [1, 31.32846, 6.19281],
							"size": [3, 4, 1],
							"pivot": [-0.5, 18.12846, 1.81781],
							"rotation": [7.5, 0, 0],
							"uv": {
								"north": {"uv": [18, 50], "uv_size": [-3, 4]},
								"east": {"uv": [19, 50], "uv_size": [-1, 4]},
								"south": {"uv": [22, 50], "uv_size": [-3, 4]},
								"west": {"uv": [15, 50], "uv_size": [-1, 4]},
								"up": {"uv": [18, 49], "uv_size": [-3, 1]},
								"down": {"uv": [21, 50], "uv_size": [-3, -1]}
							}
						}
					]
				},
				{
					"name": "Ribbon",
					"parent": "Hair",
					"pivot": [-4.75, 37.95, 3.6],
					"rotation": [-1.82257, 33.0231, 8.40116],
					"cubes": [
						{
							"origin": [-5.875, 37.20128, 2.95542],
							"size": [1, 2, 1],
							"pivot": [-5.375, 38.00128, 3.63042],
							"rotation": [7.5, 0, 0],
							"uv": {
								"north": {"uv": [18, 46], "uv_size": [1, 2]},
								"east": {"uv": [17, 46], "uv_size": [1, 2]},
								"south": {"uv": [20, 46], "uv_size": [1, 2]},
								"west": {"uv": [19, 46], "uv_size": [1, 2]},
								"up": {"uv": [18, 45], "uv_size": [1, 1]},
								"down": {"uv": [19, 46], "uv_size": [1, -1]}
							}
						},
						{
							"origin": [-5.875, 33.99748, 3.74167],
							"size": [1, 4, 1],
							"pivot": [-5.375, 36.99748, 4.24167],
							"rotation": [24.65656, -2.24944, 17.35932],
							"uv": {
								"north": {"uv": [29, 61], "uv_size": [1, 4]},
								"east": {"uv": [28, 61], "uv_size": [1, 4]},
								"south": {"uv": [31, 61], "uv_size": [1, 4]},
								"west": {"uv": [30, 61], "uv_size": [1, 4]},
								"up": {"uv": [29, 60], "uv_size": [1, 1]},
								"down": {"uv": [30, 61], "uv_size": [1, -1]}
							}
						},
						{
							"origin": [-6.87418, 31.7678, 5.97342],
							"size": [1, 3, 1],
							"pivot": [-6.59918, 32.2928, 6.47342],
							"rotation": [24.5843, 2.97526, 5.99942],
							"uv": {
								"north": {"uv": [29, 66], "uv_size": [1, 3]},
								"east": {"uv": [28, 66], "uv_size": [1, 3]},
								"south": {"uv": [31, 66], "uv_size": [1, 3]},
								"west": {"uv": [30, 66], "uv_size": [1, 3]},
								"up": {"uv": [29, 65], "uv_size": [1, 1]},
								"down": {"uv": [30, 66], "uv_size": [1, -1]}
							}
						},
						{
							"origin": [-6.05642, 31.5035, 2.39264],
							"size": [1, 3, 1],
							"pivot": [-5.41523, 34.40076, 2.89632],
							"rotation": [-11.6048, -51.40255, 11.00288],
							"uv": {
								"north": {"uv": [15, 57], "uv_size": [1, 3]},
								"east": {"uv": [14, 57], "uv_size": [1, 3]},
								"south": {"uv": [17, 57], "uv_size": [1, 3]},
								"west": {"uv": [16, 57], "uv_size": [1, 3]},
								"up": {"uv": [15, 56], "uv_size": [1, 1]},
								"down": {"uv": [16, 57], "uv_size": [1, -1]}
							}
						},
						{
							"origin": [-6.0798, 34.29546, 2.4],
							"size": [1, 3, 1],
							"pivot": [-5.41523, 34.40076, 2.89632],
							"rotation": [-25.51526, -47.38001, 29.24948],
							"uv": {
								"north": {"uv": [8, 4], "uv_size": [1, 3]},
								"east": {"uv": [7, 4], "uv_size": [1, 3]},
								"south": {"uv": [10, 4], "uv_size": [1, 3]},
								"west": {"uv": [9, 4], "uv_size": [1, 3]},
								"up": {"uv": [8, 3], "uv_size": [1, 1]},
								"down": {"uv": [9, 4], "uv_size": [1, -1]}
							}
						},
						{
							"origin": [-6.1, 37.95, -0.4],
							"size": [1, 1, 4],
							"pivot": [-5.60833, 37.70856, 1.10681],
							"rotation": [0, 10, 10],
							"uv": {
								"north": {"uv": [12, 76], "uv_size": [1, 1]},
								"east": {"uv": [8, 76], "uv_size": [4, 1]},
								"south": {"uv": [17, 76], "uv_size": [1, 1]},
								"west": {"uv": [13, 76], "uv_size": [4, 1]},
								"up": {"uv": [12, 72], "uv_size": [1, 4]},
								"down": {"uv": [13, 76], "uv_size": [1, -4]}
							}
						},
						{
							"origin": [-6.1, 36.95, -0.4],
							"size": [1, 1, 1],
							"pivot": [-5.60833, 37.70856, 1.10681],
							"rotation": [0, 10, 10],
							"uv": {
								"north": {"uv": [5, 40], "uv_size": [1, 1]},
								"east": {"uv": [4, 40], "uv_size": [1, 1]},
								"south": {"uv": [7, 40], "uv_size": [1, 1]},
								"west": {"uv": [6, 40], "uv_size": [1, 1]},
								"up": {"uv": [5, 39], "uv_size": [1, 1]},
								"down": {"uv": [6, 40], "uv_size": [1, -1]}
							}
						},
						{
							"origin": [-6.64609, 38.6713, 3.46941],
							"size": [1, 1, 4],
							"pivot": [-6.12942, 38.43623, 5.9472],
							"rotation": [15.8092, -23.29439, 3.76241],
							"uv": {
								"north": {"uv": [67, 22], "uv_size": [1, 1]},
								"east": {"uv": [63, 22], "uv_size": [4, 1]},
								"south": {"uv": [72, 22], "uv_size": [1, 1]},
								"west": {"uv": [68, 22], "uv_size": [4, 1]},
								"up": {"uv": [67, 18], "uv_size": [1, 4]},
								"down": {"uv": [68, 22], "uv_size": [1, -4]}
							}
						},
						{
							"origin": [-6.64609, 37.6713, 6.46941],
							"size": [1, 1, 1],
							"pivot": [-6.12942, 38.43623, 5.9472],
							"rotation": [15.8092, -23.29439, 3.76241],
							"uv": {
								"north": {"uv": [17, 42], "uv_size": [1, 1]},
								"east": {"uv": [16, 42], "uv_size": [1, 1]},
								"south": {"uv": [19, 42], "uv_size": [1, 1]},
								"west": {"uv": [18, 42], "uv_size": [1, 1]},
								"up": {"uv": [17, 41], "uv_size": [1, 1]},
								"down": {"uv": [18, 42], "uv_size": [1, -1]}
							}
						},
						{
							"origin": [-6.59609, 37.29355, 3.62413],
							"size": [1, 1, 4],
							"pivot": [-6.12942, 38.43623, 5.9472],
							"rotation": [-6.6908, -23.29439, 3.76241],
							"uv": {
								"north": {"uv": [66, 12], "uv_size": [1, 1]},
								"east": {"uv": [62, 12], "uv_size": [4, 1]},
								"south": {"uv": [71, 12], "uv_size": [1, 1]},
								"west": {"uv": [67, 12], "uv_size": [4, 1]},
								"up": {"uv": [66, 8], "uv_size": [1, 4]},
								"down": {"uv": [67, 12], "uv_size": [1, -4]}
							}
						},
						{
							"origin": [-6.125, 36.56587, -0.60345],
							"size": [1, 1, 4],
							"pivot": [-5.60833, 37.70856, 1.10681],
							"rotation": [22.5, 10, 10],
							"uv": {
								"north": {"uv": [88, 31], "uv_size": [1, 1]},
								"east": {"uv": [84, 31], "uv_size": [4, 1]},
								"south": {"uv": [93, 31], "uv_size": [1, 1]},
								"west": {"uv": [89, 31], "uv_size": [4, 1]},
								"up": {"uv": [88, 27], "uv_size": [1, 4]},
								"down": {"uv": [89, 31], "uv_size": [1, -4]}
							}
						}
					]
				},
				{
					"name": "Face",
					"parent": "Head",
					"pivot": [-1.05, 16.05, -4.5]
				},
				{
					"name": "Eyes",
					"parent": "Face",
					"pivot": [-1.05, 16.05, -4.5]
				},
				{
					"name": "Eyebrow",
					"parent": "Eyes",
					"pivot": [0, 36, -3]
				},
				{
					"name": "RightEyebrow",
					"parent": "Eyebrow",
					"pivot": [-2.875, 35.85, -3.2],
					"cubes": [
						{
							"origin": [-3.675, 35.85, -3.7],
							"size": [2.3, 1, 1],
							"uv": {
								"north": {"uv": [48, 43], "uv_size": [2, 1]},
								"east": {"uv": [47, 43], "uv_size": [1, 1]},
								"south": {"uv": [51, 43], "uv_size": [2, 1]},
								"west": {"uv": [50, 43], "uv_size": [1, 1]},
								"up": {"uv": [48, 42], "uv_size": [2, 1]},
								"down": {"uv": [50, 43], "uv_size": [2, -1]}
							}
						},
						{
							"origin": [-4.45, 35.575, -3.95],
							"size": [1.1, 1, 1],
							"uv": {
								"north": {"uv": [50, 48], "uv_size": [1, 1]},
								"east": {"uv": [49, 48], "uv_size": [1, 1]},
								"south": {"uv": [52, 48], "uv_size": [1, 1]},
								"west": {"uv": [51, 48], "uv_size": [1, 1]},
								"up": {"uv": [50, 47], "uv_size": [1, 1]},
								"down": {"uv": [51, 48], "uv_size": [1, -1]}
							}
						}
					]
				},
				{
					"name": "LeftEyebrow",
					"parent": "Eyebrow",
					"pivot": [2.875, 35.85, -3.2],
					"cubes": [
						{
							"origin": [1.375, 35.85, -3.7],
							"size": [2.3, 1, 1],
							"uv": {
								"north": {"uv": [48, 43], "uv_size": [2, 1]},
								"east": {"uv": [47, 43], "uv_size": [1, 1]},
								"south": {"uv": [51, 43], "uv_size": [2, 1]},
								"west": {"uv": [50, 43], "uv_size": [1, 1]},
								"up": {"uv": [48, 42], "uv_size": [2, 1]},
								"down": {"uv": [50, 43], "uv_size": [2, -1]}
							}
						},
						{
							"origin": [3.35, 35.575, -3.875],
							"size": [1.1, 1, 1],
							"uv": {
								"north": {"uv": [50, 48], "uv_size": [1, 1]},
								"east": {"uv": [49, 48], "uv_size": [1, 1]},
								"south": {"uv": [52, 48], "uv_size": [1, 1]},
								"west": {"uv": [51, 48], "uv_size": [1, 1]},
								"up": {"uv": [50, 47], "uv_size": [1, 1]},
								"down": {"uv": [51, 48], "uv_size": [1, -1]}
							}
						}
					]
				},
				{
					"name": "Eyelid",
					"parent": "Eyes",
					"pivot": [0, 35.05, -3.075]
				},
				{
					"name": "RightEyelid",
					"parent": "Eyelid",
					"pivot": [-2.325, 34.55, -3.075],
					"cubes": [
						{
							"origin": [-3.5, 34.05, -3.525],
							"size": [2, 2, 1],
							"uv": {
								"north": {"uv": [23, 42], "uv_size": [2, 2]},
								"east": {"uv": [22, 42], "uv_size": [1, 2]},
								"south": {"uv": [26, 42], "uv_size": [2, 2]},
								"west": {"uv": [25, 42], "uv_size": [1, 2]},
								"up": {"uv": [23, 41], "uv_size": [2, 1]},
								"down": {"uv": [25, 42], "uv_size": [2, -1]}
							}
						}
					]
				},
				{
					"name": "RightEyesBase",
					"parent": "RightEyelid",
					"pivot": [-2.2875, 35.05, -3.0875],
					"cubes": [
						{
							"origin": [-3.025, 34.05, -3.575],
							"size": [1.4, 2, 1],
							"uv": {
								"north": {"uv": [50, 45], "uv_size": [1, 2]},
								"east": {"uv": [49, 45], "uv_size": [1, 2]},
								"south": {"uv": [52, 45], "uv_size": [1, 2]},
								"west": {"uv": [51, 45], "uv_size": [1, 2]},
								"up": {"uv": [50, 44], "uv_size": [1, 1]},
								"down": {"uv": [51, 45], "uv_size": [1, -1]}
							}
						},
						{
							"origin": [-1.95, 35.4, -3.6],
							"size": [0.4, 0.3, 1],
							"uv": {
								"north": {"uv": [9, 83], "uv_size": [1, 1]},
								"east": {"uv": [8, 83], "uv_size": [2, 1]},
								"south": {"uv": [10, 83], "uv_size": [1, 1]},
								"west": {"uv": [9, 83], "uv_size": [2, 1]},
								"up": {"uv": [10, 82], "uv_size": [-1, 2]},
								"down": {"uv": [10, 84], "uv_size": [-1, -2]}
							}
						}
					]
				},
				{
					"name": "RightPupil",
					"parent": "RightEyesBase",
					"pivot": [-2.325, 35.05, -3.125],
					"cubes": [
						{
							"origin": [-2.625, 34.55, -3.625],
							"size": [0.6, 1, 1],
							"uv": {
								"north": {"uv": [55, 48], "uv_size": [1, 1]},
								"east": {"uv": [56, 48], "uv_size": [-1, 1]},
								"south": {"uv": [55, 48], "uv_size": [1, 1]},
								"west": {"uv": [55, 48], "uv_size": [-1, 1]},
								"up": {"uv": [56, 47], "uv_size": [-1, 1]},
								"down": {"uv": [56, 48], "uv_size": [-1, -1]}
							}
						}
					]
				},
				{
					"name": "LeftEyelid",
					"parent": "Eyelid",
					"pivot": [2.325, 34.55, -3.075],
					"cubes": [
						{
							"origin": [1.5, 34.05, -3.525],
							"size": [2, 2, 1],
							"uv": {
								"north": {"uv": [23, 42], "uv_size": [2, 2]},
								"east": {"uv": [22, 42], "uv_size": [1, 2]},
								"south": {"uv": [26, 42], "uv_size": [2, 2]},
								"west": {"uv": [25, 42], "uv_size": [1, 2]},
								"up": {"uv": [23, 41], "uv_size": [2, 1]},
								"down": {"uv": [25, 42], "uv_size": [2, -1]}
							}
						}
					]
				},
				{
					"name": "LeftEyesBase",
					"parent": "LeftEyelid",
					"pivot": [2.35, 35.05, -3.0875],
					"cubes": [
						{
							"origin": [2.675, 35.4, -3.6],
							"size": [0.4, 0.3, 1],
							"uv": {
								"north": {"uv": [9, 83], "uv_size": [1, 1]},
								"east": {"uv": [8, 83], "uv_size": [2, 1]},
								"south": {"uv": [10, 83], "uv_size": [1, 1]},
								"west": {"uv": [9, 83], "uv_size": [2, 1]},
								"up": {"uv": [10, 82], "uv_size": [-1, 2]},
								"down": {"uv": [10, 84], "uv_size": [-1, -2]}
							}
						},
						{
							"origin": [1.625, 34.05, -3.575],
							"size": [1.4, 2, 1],
							"uv": {
								"north": {"uv": [50, 45], "uv_size": [1, 2]},
								"east": {"uv": [49, 45], "uv_size": [1, 2]},
								"south": {"uv": [52, 45], "uv_size": [1, 2]},
								"west": {"uv": [51, 45], "uv_size": [1, 2]},
								"up": {"uv": [50, 44], "uv_size": [1, 1]},
								"down": {"uv": [51, 45], "uv_size": [1, -1]}
							}
						}
					]
				},
				{
					"name": "LeftPupil",
					"parent": "LeftEyesBase",
					"pivot": [2.325, 35.05, -3.125],
					"cubes": [
						{
							"origin": [2.025, 34.55, -3.625],
							"size": [0.6, 1, 1],
							"uv": {
								"north": {"uv": [55, 48], "uv_size": [1, 1]},
								"east": {"uv": [54, 48], "uv_size": [1, 1]},
								"south": {"uv": [56, 48], "uv_size": [-1, 1]},
								"west": {"uv": [55, 48], "uv_size": [1, 1]},
								"up": {"uv": [56, 47], "uv_size": [-1, 1]},
								"down": {"uv": [56, 48], "uv_size": [-1, -1]}
							}
						}
					]
				},
				{
					"name": "LeftShoulderLocator",
					"parent": "Head",
					"pivot": [3, 42.8, 0]
				},
				{
					"name": "RightShoulderLocator",
					"parent": "Head",
					"pivot": [-3, 42.8, 0]
				},
				{
					"name": "Breast",
					"parent": "UpperBody",
					"pivot": [-0.0125, 28.74747, -2.15834],
					"rotation": [-32.5, 0, 0],
					"cubes": [
						{
							"origin": [-3.55, 27.24747, -3.15834],
							"size": [7.075, 3, 3],
							"uv": {
								"north": {"uv": [70, 34], "uv_size": [7, 3]},
								"east": {"uv": [67, 34], "uv_size": [3, 3]},
								"south": {"uv": [80, 34], "uv_size": [7, 3]},
								"west": {"uv": [77, 34], "uv_size": [3, 3]},
								"up": {"uv": [70, 31], "uv_size": [7, 3]},
								"down": {"uv": [77, 34], "uv_size": [7, -3]}
							}
						},
						{
							"origin": [1.975, 28.82247, -3.25834],
							"size": [0.325, 0.6, 1],
							"pivot": [2.0625, 29.32247, -2.75834],
							"rotation": [0, 0, -30],
							"uv": {
								"north": {"uv": [7, 83], "uv_size": [0, 0]},
								"east": {"uv": [6, 83], "uv_size": [1, 0]},
								"south": {"uv": [8, 83], "uv_size": [0, 0]},
								"west": {"uv": [7, 83], "uv_size": [1, 0]},
								"up": {"uv": [7, 82], "uv_size": [0, 1]},
								"down": {"uv": [7, 83], "uv_size": [0, -1]}
							}
						},
						{
							"origin": [2.525, 28.82247, -3.28334],
							"size": [0.325, 0.6, 1],
							"pivot": [2.7875, 29.32247, -2.78334],
							"rotation": [0, 0, 30],
							"uv": {
								"north": {"uv": [7, 83], "uv_size": [0, 0]},
								"east": {"uv": [6, 83], "uv_size": [1, 0]},
								"south": {"uv": [8, 83], "uv_size": [0, 0]},
								"west": {"uv": [7, 83], "uv_size": [1, 0]},
								"up": {"uv": [7, 82], "uv_size": [0, 1]},
								"down": {"uv": [7, 83], "uv_size": [0, -1]}
							}
						},
						{
							"origin": [2.25, 28.12247, -3.22834],
							"size": [0.325, 0.9, 1],
							"uv": {
								"north": {"uv": [7, 83], "uv_size": [0, 0]},
								"east": {"uv": [6, 83], "uv_size": [1, 0]},
								"south": {"uv": [8, 83], "uv_size": [0, 0]},
								"west": {"uv": [7, 83], "uv_size": [1, 0]},
								"up": {"uv": [7, 82], "uv_size": [0, 1]},
								"down": {"uv": [7, 83], "uv_size": [0, -1]}
							}
						},
						{
							"origin": [-0.85, 27.17247, -3.23334],
							"size": [0.7, 0.7, 0.7],
							"uv": {
								"north": {"uv": [1, 83], "uv_size": [0, 0]},
								"east": {"uv": [1, 83], "uv_size": [0, 0]},
								"south": {"uv": [1, 83], "uv_size": [0, 0]},
								"west": {"uv": [1, 83], "uv_size": [0, 0]},
								"up": {"uv": [1, 83], "uv_size": [0, 0]},
								"down": {"uv": [1, 83], "uv_size": [0, 0]}
							}
						},
						{
							"origin": [0.35, 27.17247, -3.23334],
							"size": [0.7, 0.7, 0.7],
							"uv": {
								"north": {"uv": [1, 83], "uv_size": [0, 0]},
								"east": {"uv": [1, 83], "uv_size": [0, 0]},
								"south": {"uv": [1, 83], "uv_size": [0, 0]},
								"west": {"uv": [1, 83], "uv_size": [0, 0]},
								"up": {"uv": [1, 83], "uv_size": [0, 0]},
								"down": {"uv": [1, 83], "uv_size": [0, 0]}
							}
						}
					]
				},
				{
					"name": "Arm",
					"parent": "UpperBody",
					"pivot": [-0.2, 31.275, 0]
				},
				{
					"name": "LeftArm",
					"parent": "Arm",
					"pivot": [3.4, 31.025, 0],
					"rotation": [0, 0, -18],
					"cubes": [
						{
							"origin": [2.45, 24.9, -1.7],
							"size": [3.25, 7.3, 3.4],
							"uv": {
								"north": {"uv": [51, 63], "uv_size": [3, 7]},
								"east": {"uv": [48, 63], "uv_size": [3, 7]},
								"south": {"uv": [57, 63], "uv_size": [3, 7]},
								"west": {"uv": [54, 63], "uv_size": [3, 7]},
								"up": {"uv": [51, 60], "uv_size": [3, 3]},
								"down": {"uv": [54, 63], "uv_size": [3, -3]}
							}
						},
						{
							"origin": [2.6, 25.075, -1.5],
							"size": [3.05, 7, 3],
							"uv": {
								"north": {"uv": [63, 63], "uv_size": [3, 7]},
								"east": {"uv": [60, 63], "uv_size": [3, 7]},
								"south": {"uv": [69, 63], "uv_size": [3, 7]},
								"west": {"uv": [66, 63], "uv_size": [3, 7]},
								"up": {"uv": [63, 60], "uv_size": [3, 3]},
								"down": {"uv": [66, 63], "uv_size": [3, -3]}
							}
						},
						{
							"origin": [2.9, 24.175, -1.1],
							"size": [2.55, 2, 2.2],
							"uv": {
								"north": {"uv": [69, 58], "uv_size": [2, 2]},
								"east": {"uv": [67, 58], "uv_size": [2, 2]},
								"south": {"uv": [73, 58], "uv_size": [2, 2]},
								"west": {"uv": [71, 58], "uv_size": [2, 2]},
								"up": {"uv": [69, 56], "uv_size": [2, 2]},
								"down": {"uv": [71, 58], "uv_size": [2, -2]}
							}
						},
						{
							"origin": [2.8, 24.125, -1.125],
							"size": [2.7, 2.05, 2.3],
							"uv": {
								"north": {"uv": [65, 49], "uv_size": [2, 2]},
								"east": {"uv": [63, 49], "uv_size": [2, 2]},
								"south": {"uv": [69, 49], "uv_size": [2, 2]},
								"west": {"uv": [67, 49], "uv_size": [2, 2]},
								"up": {"uv": [65, 47], "uv_size": [2, 2]},
								"down": {"uv": [67, 49], "uv_size": [2, -2]}
							}
						}
					]
				},
				{
					"name": "LeftForeArm",
					"parent": "LeftArm",
					"pivot": [4.125, 25.075, 0.025],
					"cubes": [
						{
							"origin": [2.625, 18.075, -1.475],
							"size": [3, 7, 3],
							"uv": {
								"north": {"uv": [87, 64], "uv_size": [3, 7]},
								"east": {"uv": [84, 64], "uv_size": [3, 7]},
								"south": {"uv": [93, 64], "uv_size": [3, 7]},
								"west": {"uv": [90, 64], "uv_size": [3, 7]},
								"up": {"uv": [87, 61], "uv_size": [3, 3]},
								"down": {"uv": [90, 64], "uv_size": [3, -3]}
							}
						},
						{
							"origin": [2.525, 20.375, -1.575],
							"size": [3.2, 5, 3.2],
							"uv": {
								"north": {"uv": [81, 55], "uv_size": [3, 5]},
								"east": {"uv": [78, 55], "uv_size": [3, 5]},
								"south": {"uv": [87, 55], "uv_size": [3, 5]},
								"west": {"uv": [84, 55], "uv_size": [3, 5]},
								"up": {"uv": [81, 52], "uv_size": [3, 3]},
								"down": {"uv": [84, 55], "uv_size": [3, -3]}
							}
						}
					]
				},
				{
					"name": "LeftHand",
					"parent": "LeftForeArm",
					"pivot": [4.125, 19.575, 0.025]
				},
				{
					"name": "LeftHandLocator",
					"parent": "LeftHand",
					"pivot": [4.125, 19.575, 0.025]
				},
				{
					"name": "SheathLocator",
					"parent": "LeftHand",
					"pivot": [4.125, 19.575, 0.025]
				},
				{
					"name": "LeftWaistLocator",
					"parent": "LeftHand",
					"pivot": [4.125, 19.575, 0.025]
				},
				{
					"name": "RightArm",
					"parent": "Arm",
					"pivot": [-3.4, 31.025, 0],
					"rotation": [0, 0, 18],
					"cubes": [
						{
							"origin": [-5.65, 25.075, -1.5],
							"size": [3.05, 7, 3],
							"uv": {
								"north": {"uv": [3, 69], "uv_size": [3, 7]},
								"east": {"uv": [0, 69], "uv_size": [3, 7]},
								"south": {"uv": [9, 69], "uv_size": [3, 7]},
								"west": {"uv": [6, 69], "uv_size": [3, 7]},
								"up": {"uv": [3, 66], "uv_size": [3, 3]},
								"down": {"uv": [6, 69], "uv_size": [3, -3]}
							}
						},
						{
							"origin": [-5.7, 24.9, -1.7],
							"size": [3.25, 7.3, 3.4],
							"uv": {
								"north": {"uv": [93, 54], "uv_size": [3, 7]},
								"east": {"uv": [90, 54], "uv_size": [3, 7]},
								"south": {"uv": [99, 54], "uv_size": [3, 7]},
								"west": {"uv": [96, 54], "uv_size": [3, 7]},
								"up": {"uv": [93, 51], "uv_size": [3, 3]},
								"down": {"uv": [96, 54], "uv_size": [3, -3]}
							}
						},
						{
							"origin": [-5.45, 24.175, -1.1],
							"size": [2.55, 2, 2.2],
							"uv": {
								"north": {"uv": [29, 44], "uv_size": [2, 2]},
								"east": {"uv": [27, 44], "uv_size": [2, 2]},
								"south": {"uv": [33, 44], "uv_size": [2, 2]},
								"west": {"uv": [31, 44], "uv_size": [2, 2]},
								"up": {"uv": [29, 42], "uv_size": [2, 2]},
								"down": {"uv": [31, 44], "uv_size": [2, -2]}
							}
						},
						{
							"origin": [-5.5, 24.125, -1.125],
							"size": [2.7, 2.05, 2.3],
							"uv": {
								"north": {"uv": [2, 2], "uv_size": [2, 2]},
								"east": {"uv": [0, 2], "uv_size": [2, 2]},
								"south": {"uv": [6, 2], "uv_size": [2, 2]},
								"west": {"uv": [4, 2], "uv_size": [2, 2]},
								"up": {"uv": [2, 0], "uv_size": [2, 2]},
								"down": {"uv": [4, 2], "uv_size": [2, -2]}
							}
						}
					]
				},
				{
					"name": "RightForeArm",
					"parent": "RightArm",
					"pivot": [-4.125, 25.075, 0.025],
					"cubes": [
						{
							"origin": [-5.725, 20.375, -1.575],
							"size": [3.2, 5, 3.2],
							"uv": {
								"north": {"uv": [86, 15], "uv_size": [3, 5]},
								"east": {"uv": [83, 15], "uv_size": [3, 5]},
								"south": {"uv": [92, 15], "uv_size": [3, 5]},
								"west": {"uv": [89, 15], "uv_size": [3, 5]},
								"up": {"uv": [86, 12], "uv_size": [3, 3]},
								"down": {"uv": [89, 15], "uv_size": [3, -3]}
							}
						},
						{
							"origin": [-5.625, 18.075, -1.475],
							"size": [3, 7, 3],
							"uv": {
								"north": {"uv": [75, 63], "uv_size": [3, 7]},
								"east": {"uv": [72, 63], "uv_size": [3, 7]},
								"south": {"uv": [81, 63], "uv_size": [3, 7]},
								"west": {"uv": [78, 63], "uv_size": [3, 7]},
								"up": {"uv": [75, 60], "uv_size": [3, 3]},
								"down": {"uv": [78, 63], "uv_size": [3, -3]}
							}
						}
					]
				},
				{
					"name": "RightHand",
					"parent": "RightForeArm",
					"pivot": [-4.125, 19.575, 0.025]
				},
				{
					"name": "RightHandLocator",
					"parent": "RightHand",
					"pivot": [-4.125, 19.575, 0.025]
				},
				{
					"name": "BladeLocator",
					"parent": "RightHand",
					"pivot": [-4.125, 19.575, 0.025]
				},
				{
					"name": "Collar",
					"parent": "UpperBody",
					"pivot": [0, 30.925, -0.025],
					"rotation": [-15, 0, 0],
					"cubes": [
						{
							"origin": [0.2, 30.125, -2.9],
							"size": [3.4, 2, 2.2],
							"pivot": [1.5, 31.125, -1.525],
							"rotation": [12.2084, -10.35575, -12.2084],
							"uv": {
								"north": {"uv": [8, 41], "uv_size": [3, 2]},
								"east": {"uv": [6, 41], "uv_size": [2, 2]},
								"south": {"uv": [13, 41], "uv_size": [3, 2]},
								"west": {"uv": [11, 41], "uv_size": [2, 2]},
								"up": {"uv": [8, 39], "uv_size": [3, 2]},
								"down": {"uv": [11, 41], "uv_size": [3, -2]}
							}
						},
						{
							"origin": [-0.96159, 28.99805, -2.8216],
							"size": [2.4, 1, 2.2],
							"pivot": [0.73841, 29.49805, -1.7216],
							"rotation": [15.87952, -1.60065, -46.32119],
							"uv": {
								"north": {"uv": [64, 40], "uv_size": [2, 1]},
								"east": {"uv": [62, 40], "uv_size": [2, 1]},
								"south": {"uv": [68, 40], "uv_size": [2, 1]},
								"west": {"uv": [66, 40], "uv_size": [2, 1]},
								"up": {"uv": [64, 38], "uv_size": [2, 2]},
								"down": {"uv": [66, 40], "uv_size": [2, -2]}
							}
						},
						{
							"origin": [-1.43841, 28.99805, -2.8216],
							"size": [2.4, 1, 2.2],
							"pivot": [-0.73841, 29.49805, -1.7216],
							"rotation": [16.03398, -8.01589, 43.57099],
							"uv": {
								"north": {"uv": [66, 40], "uv_size": [-2, 1]},
								"east": {"uv": [68, 40], "uv_size": [-2, 1]},
								"south": {"uv": [70, 40], "uv_size": [-2, 1]},
								"west": {"uv": [64, 40], "uv_size": [-2, 1]},
								"up": {"uv": [66, 38], "uv_size": [-2, 2]},
								"down": {"uv": [68, 40], "uv_size": [-2, -2]}
							}
						},
						{
							"origin": [-3.6, 30.125, -2.9],
							"size": [3.4, 2, 2.2],
							"pivot": [-1.5, 31.125, -1.525],
							"rotation": [12.2084, 10.35575, 12.2084],
							"uv": {
								"north": {"uv": [11, 41], "uv_size": [-3, 2]},
								"east": {"uv": [13, 41], "uv_size": [-2, 2]},
								"south": {"uv": [16, 41], "uv_size": [-3, 2]},
								"west": {"uv": [8, 41], "uv_size": [-2, 2]},
								"up": {"uv": [11, 39], "uv_size": [-3, 2]},
								"down": {"uv": [14, 41], "uv_size": [-3, -2]}
							}
						},
						{
							"origin": [0.4, 31.45, -3.025],
							"size": [0.5, 0.5, 1],
							"pivot": [1.5, 31.125, -1.525],
							"rotation": [12.2084, -10.35575, -12.2084],
							"uv": {
								"north": {"uv": [15, 83], "uv_size": [0, 0]},
								"east": {"uv": [14, 83], "uv_size": [1, 0]},
								"south": {"uv": [16, 83], "uv_size": [0, 0]},
								"west": {"uv": [15, 83], "uv_size": [1, 0]},
								"up": {"uv": [15, 82], "uv_size": [0, 1]},
								"down": {"uv": [15, 83], "uv_size": [0, -1]}
							}
						}
					]
				},
				{
					"name": "ElytraLocator",
					"parent": "UpperBody",
					"pivot": [0, 31.65, 2]
				},
				{
					"name": "RifleLocator",
					"parent": "UpperBody",
					"pivot": [0, 25.15, 2.3],
					"rotation": [0, 0, 45]
				},
				{
					"name": "BackpackLocator",
					"parent": "UpperBody",
					"pivot": [0, 30, 0]
				},
				{
					"name": "PistolLocator",
					"parent": "UpBody",
					"pivot": [-4, 24.75, -1.6],
					"rotation": [-30, 0, 0]
				},
				{
					"name": "RightWaistLocator",
					"parent": "UpBody",
					"pivot": [-4, 23, 0],
					"rotation": [-5, 0, 0]
				},
				{
					"name": "DownBody",
					"parent": "AllBody",
					"pivot": [0, 20.65, 0]
				},
				{
					"name": "Leg",
					"parent": "DownBody",
					"pivot": [0, 21.15, 0]
				},
				{
					"name": "LeftLeg",
					"parent": "Leg",
					"pivot": [2.4, 21.15, 0],
					"cubes": [
						{
							"origin": [0.375, 11.65, -2],
							"size": [3.65, 10, 4],
							"uv": {
								"north": {"uv": [43, 50], "uv_size": [3, 10]},
								"east": {"uv": [39, 50], "uv_size": [4, 10]},
								"south": {"uv": [50, 50], "uv_size": [3, 10]},
								"west": {"uv": [46, 50], "uv_size": [4, 10]},
								"up": {"uv": [43, 46], "uv_size": [3, 4]},
								"down": {"uv": [46, 50], "uv_size": [3, -4]}
							}
						}
					]
				},
				{
					"name": "LeftLowerLeg",
					"parent": "LeftLeg",
					"pivot": [2.2, 11.7, 0],
					"cubes": [
						{
							"origin": [0.5, 2, -1.9],
							"size": [3.4, 10, 4],
							"uv": {
								"north": {"uv": [57, 51], "uv_size": [3, 10]},
								"east": {"uv": [53, 51], "uv_size": [4, 10]},
								"south": {"uv": [64, 51], "uv_size": [3, 10]},
								"west": {"uv": [60, 51], "uv_size": [4, 10]},
								"up": {"uv": [57, 47], "uv_size": [3, 4]},
								"down": {"uv": [60, 51], "uv_size": [3, -4]}
							}
						}
					]
				},
				{
					"name": "LeftFoot",
					"parent": "LeftLowerLeg",
					"pivot": [2.1875, 2.5, 0.1375],
					"cubes": [
						{
							"origin": [0.25, 0, -2.1],
							"size": [3.875, 4, 4.375],
							"uv": {
								"north": {"uv": [88, 37], "uv_size": [3, 4]},
								"east": {"uv": [84, 37], "uv_size": [4, 4]},
								"south": {"uv": [95, 37], "uv_size": [3, 4]},
								"west": {"uv": [91, 37], "uv_size": [4, 4]},
								"up": {"uv": [88, 33], "uv_size": [3, 4]},
								"down": {"uv": [91, 37], "uv_size": [3, -4]}
							}
						},
						{
							"origin": [0.35, 0, -4.4],
							"size": [3.675, 3, 3],
							"uv": {
								"north": {"uv": [71, 73], "uv_size": [3, 3]},
								"east": {"uv": [68, 73], "uv_size": [3, 3]},
								"south": {"uv": [77, 73], "uv_size": [3, 3]},
								"west": {"uv": [74, 73], "uv_size": [3, 3]},
								"up": {"uv": [71, 70], "uv_size": [3, 3]},
								"down": {"uv": [74, 73], "uv_size": [3, -3]}
							}
						},
						{
							"origin": [0.95, 2.575, -3.2],
							"size": [2.675, 1, 2],
							"pivot": [2.6875, 2.5, -2.9],
							"rotation": [22.5, 0, 0],
							"uv": {
								"north": {"uv": [61, 36], "uv_size": [2, 1]},
								"east": {"uv": [59, 36], "uv_size": [2, 1]},
								"south": {"uv": [65, 36], "uv_size": [2, 1]},
								"west": {"uv": [63, 36], "uv_size": [2, 1]},
								"up": {"uv": [61, 34], "uv_size": [2, 2]},
								"down": {"uv": [63, 36], "uv_size": [2, -2]}
							}
						}
					]
				},
				{
					"name": "RightLeg",
					"parent": "Leg",
					"pivot": [-2.4, 21.15, 0],
					"cubes": [
						{
							"origin": [-4.025, 11.65, -2],
							"size": [3.65, 10, 4],
							"uv": {
								"north": {"uv": [29, 50], "uv_size": [3, 10]},
								"east": {"uv": [25, 50], "uv_size": [4, 10]},
								"south": {"uv": [36, 50], "uv_size": [3, 10]},
								"west": {"uv": [32, 50], "uv_size": [4, 10]},
								"up": {"uv": [29, 46], "uv_size": [3, 4]},
								"down": {"uv": [32, 50], "uv_size": [3, -4]}
							}
						}
					]
				},
				{
					"name": "RightLowerLeg",
					"parent": "RightLeg",
					"pivot": [-2.2, 11.7, 0],
					"cubes": [
						{
							"origin": [-3.9, 2, -1.9],
							"size": [3.4, 10, 4],
							"uv": {
								"north": {"uv": [18, 60], "uv_size": [3, 10]},
								"east": {"uv": [14, 60], "uv_size": [4, 10]},
								"south": {"uv": [25, 60], "uv_size": [3, 10]},
								"west": {"uv": [21, 60], "uv_size": [4, 10]},
								"up": {"uv": [18, 56], "uv_size": [3, 4]},
								"down": {"uv": [21, 60], "uv_size": [3, -4]}
							}
						}
					]
				},
				{
					"name": "RightFoot",
					"parent": "RightLowerLeg",
					"pivot": [-2.1875, 2.5, -0.1375],
					"cubes": [
						{
							"origin": [-4.125, 0, -2.1],
							"size": [3.875, 4, 4.375],
							"uv": {
								"north": {"uv": [71, 51], "uv_size": [3, 4]},
								"east": {"uv": [67, 51], "uv_size": [4, 4]},
								"south": {"uv": [78, 51], "uv_size": [3, 4]},
								"west": {"uv": [74, 51], "uv_size": [4, 4]},
								"up": {"uv": [71, 47], "uv_size": [3, 4]},
								"down": {"uv": [74, 51], "uv_size": [3, -4]}
							}
						},
						{
							"origin": [-4.025, 0, -4.4],
							"size": [3.675, 3, 3],
							"uv": {
								"north": {"uv": [17, 72], "uv_size": [3, 3]},
								"east": {"uv": [14, 72], "uv_size": [3, 3]},
								"south": {"uv": [23, 72], "uv_size": [3, 3]},
								"west": {"uv": [20, 72], "uv_size": [3, 3]},
								"up": {"uv": [17, 69], "uv_size": [3, 3]},
								"down": {"uv": [20, 72], "uv_size": [3, -3]}
							}
						},
						{
							"origin": [-3.625, 2.575, -3.2],
							"size": [2.675, 1, 2],
							"pivot": [-2.6875, 2.5, -2.9],
							"rotation": [22.5, 0, 0],
							"uv": {
								"north": {"uv": [54, 26], "uv_size": [2, 1]},
								"east": {"uv": [52, 26], "uv_size": [2, 1]},
								"south": {"uv": [58, 26], "uv_size": [2, 1]},
								"west": {"uv": [56, 26], "uv_size": [2, 1]},
								"up": {"uv": [54, 24], "uv_size": [2, 2]},
								"down": {"uv": [56, 26], "uv_size": [2, -2]}
							}
						}
					]
				},
				{
					"name": "Skirt",
					"parent": "DownBody",
					"pivot": [0, 23.85, 0.1],
					"cubes": [
						{
							"origin": [-3.95, 18.65, -2.5],
							"size": [7.95, 2.2, 5],
							"uv": {
								"north": {"uv": [47, 32], "uv_size": [7, 2]},
								"east": {"uv": [42, 32], "uv_size": [5, 2]},
								"south": {"uv": [59, 32], "uv_size": [7, 2]},
								"west": {"uv": [54, 32], "uv_size": [5, 2]},
								"up": {"uv": [47, 27], "uv_size": [7, 5]},
								"down": {"uv": [54, 32], "uv_size": [7, -5]}
							}
						},
						{
							"origin": [-4.2, 17.6, -2.8],
							"size": [8.4, 2.2, 5.475],
							"uv": {
								"north": {"uv": [26, 15], "uv_size": [8, 2]},
								"east": {"uv": [21, 15], "uv_size": [5, 2]},
								"south": {"uv": [39, 15], "uv_size": [8, 2]},
								"west": {"uv": [34, 15], "uv_size": [5, 2]},
								"up": {"uv": [26, 10], "uv_size": [8, 5]},
								"down": {"uv": [34, 15], "uv_size": [8, -5]}
							}
						},
						{
							"origin": [-4.6, 15.55, -3.1],
							"size": [9.2, 3.2, 6],
							"uv": {
								"north": {"uv": [28, 24], "uv_size": [9, 3]},
								"east": {"uv": [22, 24], "uv_size": [6, 3]},
								"south": {"uv": [43, 24], "uv_size": [9, 3]},
								"west": {"uv": [37, 24], "uv_size": [6, 3]},
								"up": {"uv": [28, 18], "uv_size": [9, 6]},
								"down": {"uv": [37, 24], "uv_size": [9, -6]}
							}
						}
					]
				},
				{
					"name": "RightSkirt",
					"parent": "Skirt",
					"pivot": [-3.525, 23.9, 0.0375],
					"rotation": [0, 0, 17.5],
					"cubes": [
						{
							"origin": [-3.625, 18.175, -2.9625],
							"size": [1, 3, 6],
							"uv": {
								"north": {"uv": [42, 73], "uv_size": [1, 3]},
								"east": {"uv": [36, 73], "uv_size": [6, 3]},
								"south": {"uv": [49, 73], "uv_size": [1, 3]},
								"west": {"uv": [43, 73], "uv_size": [6, 3]},
								"up": {"uv": [42, 67], "uv_size": [1, 6]},
								"down": {"uv": [43, 73], "uv_size": [1, -6]}
							}
						},
						{
							"origin": [-4.9, 19.275, -2.9625],
							"size": [1, 1, 6],
							"pivot": [-4.175, 19.775, 0.0375],
							"rotation": [-2.5, 0, 27.5],
							"uv": {
								"north": {"uv": [76, 13], "uv_size": [1, 1]},
								"east": {"uv": [70, 13], "uv_size": [6, 1]},
								"south": {"uv": [83, 13], "uv_size": [1, 1]},
								"west": {"uv": [77, 13], "uv_size": [6, 1]},
								"up": {"uv": [76, 7], "uv_size": [1, 6]},
								"down": {"uv": [77, 13], "uv_size": [1, -6]}
							}
						},
						{
							"origin": [-3.625, 21.175, -1.9625],
							"size": [1, 3, 4],
							"uv": {
								"north": {"uv": [36, 70], "uv_size": [1, 3]},
								"east": {"uv": [32, 70], "uv_size": [4, 3]},
								"south": {"uv": [41, 70], "uv_size": [1, 3]},
								"west": {"uv": [37, 70], "uv_size": [4, 3]},
								"up": {"uv": [36, 66], "uv_size": [1, 4]},
								"down": {"uv": [37, 70], "uv_size": [1, -4]}
							}
						}
					]
				},
				{
					"name": "LeftSkirt",
					"parent": "Skirt",
					"pivot": [3.6, 23.9, 0.0375],
					"rotation": [0, 0, -17.5],
					"cubes": [
						{
							"origin": [2.7, 18.075, -2.9625],
							"size": [1, 3, 6],
							"uv": {
								"north": {"uv": [98, 42], "uv_size": [1, 3]},
								"east": {"uv": [92, 42], "uv_size": [6, 3]},
								"south": {"uv": [105, 42], "uv_size": [1, 3]},
								"west": {"uv": [99, 42], "uv_size": [6, 3]},
								"up": {"uv": [98, 36], "uv_size": [1, 6]},
								"down": {"uv": [99, 42], "uv_size": [1, -6]}
							}
						},
						{
							"origin": [3.9, 19.275, -2.9625],
							"size": [1, 1, 6],
							"pivot": [4.175, 19.775, 0.0375],
							"rotation": [-2.5, 0, -27.5],
							"uv": {
								"north": {"uv": [77, 13], "uv_size": [-1, 1]},
								"east": {"uv": [83, 13], "uv_size": [-6, 1]},
								"south": {"uv": [84, 13], "uv_size": [-1, 1]},
								"west": {"uv": [76, 13], "uv_size": [-6, 1]},
								"up": {"uv": [77, 7], "uv_size": [-1, 6]},
								"down": {"uv": [78, 13], "uv_size": [-1, -6]}
							}
						},
						{
							"origin": [2.7, 21.075, -1.9625],
							"size": [1, 3, 4],
							"uv": {
								"north": {"uv": [82, 9], "uv_size": [1, 3]},
								"east": {"uv": [78, 9], "uv_size": [4, 3]},
								"south": {"uv": [87, 9], "uv_size": [1, 3]},
								"west": {"uv": [83, 9], "uv_size": [4, 3]},
								"up": {"uv": [82, 5], "uv_size": [1, 4]},
								"down": {"uv": [83, 9], "uv_size": [1, -4]}
							}
						}
					]
				},
				{
					"name": "FrontSkirt",
					"parent": "Skirt",
					"pivot": [0, 24.25, -2.0125],
					"rotation": [-20, 0, 0],
					"cubes": [
						{
							"origin": [-5.25, 18.25, -2.0625],
							"size": [10.475, 3, 1.1],
							"uv": {
								"north": {"uv": [66, 43], "uv_size": [10, 3]},
								"east": {"uv": [65, 43], "uv_size": [1, 3]},
								"south": {"uv": [77, 43], "uv_size": [10, 3]},
								"west": {"uv": [76, 43], "uv_size": [1, 3]},
								"up": {"uv": [66, 42], "uv_size": [10, 1]},
								"down": {"uv": [76, 43], "uv_size": [10, -1]}
							}
						},
						{
							"origin": [-4.25, 21.25, -2.0625],
							"size": [8.475, 3, 1.1],
							"uv": {
								"north": {"uv": [73, 23], "uv_size": [8, 3]},
								"east": {"uv": [72, 23], "uv_size": [1, 3]},
								"south": {"uv": [82, 23], "uv_size": [8, 3]},
								"west": {"uv": [81, 23], "uv_size": [1, 3]},
								"up": {"uv": [73, 22], "uv_size": [8, 1]},
								"down": {"uv": [81, 23], "uv_size": [8, -1]}
							}
						},
						{
							"origin": [-1.3, 18.375, -2.2125],
							"size": [1, 7, 1],
							"pivot": [-1.45, 24.95, -1.7125],
							"rotation": [0, 0, 47.5],
							"uv": {
								"north": {"uv": [67, 27], "uv_size": [1, 7]},
								"east": {"uv": [66, 27], "uv_size": [1, 7]},
								"south": {"uv": [69, 27], "uv_size": [1, 7]},
								"west": {"uv": [68, 27], "uv_size": [1, 7]},
								"up": {"uv": [67, 26], "uv_size": [1, 1]},
								"down": {"uv": [68, 27], "uv_size": [1, -1]}
							}
						},
						{
							"origin": [0.3, 18.375, -2.2125],
							"size": [1, 7, 1],
							"pivot": [1.45, 24.95, -1.7125],
							"rotation": [0, 0, -47.5],
							"uv": {
								"north": {"uv": [68, 27], "uv_size": [-1, 7]},
								"east": {"uv": [69, 27], "uv_size": [-1, 7]},
								"south": {"uv": [70, 27], "uv_size": [-1, 7]},
								"west": {"uv": [67, 27], "uv_size": [-1, 7]},
								"up": {"uv": [68, 26], "uv_size": [-1, 1]},
								"down": {"uv": [69, 27], "uv_size": [-1, -1]}
							}
						},
						{
							"origin": [-1.2, 21.79747, -2.15834],
							"size": [0.7, 0.7, 0.7],
							"uv": {
								"north": {"uv": [1, 83], "uv_size": [0, 0]},
								"east": {"uv": [1, 83], "uv_size": [0, 0]},
								"south": {"uv": [1, 83], "uv_size": [0, 0]},
								"west": {"uv": [1, 83], "uv_size": [0, 0]},
								"up": {"uv": [1, 83], "uv_size": [0, 0]},
								"down": {"uv": [1, 83], "uv_size": [0, 0]}
							}
						},
						{
							"origin": [-1.25, 19.34747, -2.15834],
							"size": [0.7, 0.7, 0.7],
							"uv": {
								"north": {"uv": [1, 83], "uv_size": [0, 0]},
								"east": {"uv": [1, 83], "uv_size": [0, 0]},
								"south": {"uv": [1, 83], "uv_size": [0, 0]},
								"west": {"uv": [1, 83], "uv_size": [0, 0]},
								"up": {"uv": [1, 83], "uv_size": [0, 0]},
								"down": {"uv": [1, 83], "uv_size": [0, 0]}
							}
						},
						{
							"origin": [0.6, 21.79747, -2.15834],
							"size": [0.7, 0.7, 0.7],
							"uv": {
								"north": {"uv": [1, 83], "uv_size": [0, 0]},
								"east": {"uv": [1, 83], "uv_size": [0, 0]},
								"south": {"uv": [1, 83], "uv_size": [0, 0]},
								"west": {"uv": [1, 83], "uv_size": [0, 0]},
								"up": {"uv": [1, 83], "uv_size": [0, 0]},
								"down": {"uv": [1, 83], "uv_size": [0, 0]}
							}
						},
						{
							"origin": [0.65, 19.34747, -2.15834],
							"size": [0.7, 0.7, 0.7],
							"uv": {
								"north": {"uv": [1, 83], "uv_size": [0, 0]},
								"east": {"uv": [1, 83], "uv_size": [0, 0]},
								"south": {"uv": [1, 83], "uv_size": [0, 0]},
								"west": {"uv": [1, 83], "uv_size": [0, 0]},
								"up": {"uv": [1, 83], "uv_size": [0, 0]},
								"down": {"uv": [1, 83], "uv_size": [0, 0]}
							}
						}
					]
				},
				{
					"name": "BackSkirt",
					"parent": "Skirt",
					"pivot": [0, 24.1, 2.4125],
					"rotation": [12.5, 0, 0],
					"cubes": [
						{
							"origin": [-5.15, 18.1, 1.3625],
							"size": [10.275, 3, 1.1],
							"uv": {
								"north": {"uv": [78, 48], "uv_size": [10, 3]},
								"east": {"uv": [77, 48], "uv_size": [1, 3]},
								"south": {"uv": [89, 48], "uv_size": [10, 3]},
								"west": {"uv": [88, 48], "uv_size": [1, 3]},
								"up": {"uv": [78, 47], "uv_size": [10, 1]},
								"down": {"uv": [88, 48], "uv_size": [10, -1]}
							}
						},
						{
							"origin": [-4.25, 21.1, 1.3625],
							"size": [8.475, 3, 1.1],
							"uv": {
								"north": {"uv": [71, 27], "uv_size": [8, 3]},
								"east": {"uv": [70, 27], "uv_size": [1, 3]},
								"south": {"uv": [80, 27], "uv_size": [8, 3]},
								"west": {"uv": [79, 27], "uv_size": [1, 3]},
								"up": {"uv": [71, 26], "uv_size": [8, 1]},
								"down": {"uv": [79, 27], "uv_size": [8, -1]}
							}
						},
						{
							"origin": [-1.3, 18.375, 1.5375],
							"size": [1, 7, 1],
							"pivot": [-1.45, 24.95, 1.7125],
							"rotation": [0, 0, 47.5],
							"uv": {
								"north": {"uv": [67, 27], "uv_size": [1, 7]},
								"east": {"uv": [66, 27], "uv_size": [1, 7]},
								"south": {"uv": [69, 27], "uv_size": [1, 7]},
								"west": {"uv": [68, 27], "uv_size": [1, 7]},
								"up": {"uv": [67, 26], "uv_size": [1, 1]},
								"down": {"uv": [68, 27], "uv_size": [1, -1]}
							}
						},
						{
							"origin": [0.3, 18.375, 1.5375],
							"size": [1, 7, 1],
							"pivot": [1.45, 24.95, 1.7125],
							"rotation": [0, 0, -47.5],
							"uv": {
								"north": {"uv": [68, 27], "uv_size": [-1, 7]},
								"east": {"uv": [69, 27], "uv_size": [-1, 7]},
								"south": {"uv": [70, 27], "uv_size": [-1, 7]},
								"west": {"uv": [67, 27], "uv_size": [-1, 7]},
								"up": {"uv": [68, 26], "uv_size": [-1, 1]},
								"down": {"uv": [69, 27], "uv_size": [-1, -1]}
							}
						}
					]
				},
				{
					"name": "molang",
					"parent": "Root",
					"pivot": [0, -0.35, 0]
				}
			]
		}
	]
}