{
	"format_version": "1.12.0",
	"minecraft:geometry": [
		{
			"description": {
				"identifier": "geometry.unknown",
				"texture_width": 256,
				"texture_height": 256,
				"visible_bounds_width": 19,
				"visible_bounds_height": 17,
				"visible_bounds_offset": [0, 0.5, 0]
			},
			"bones": [
				{
					"name": "Arm",
					"pivot": [0, 28, 1.75416]
				},
				{
					"name": "RightArm",
					"parent": "Arm",
					"pivot": [-2.54795, 28, 1.75416],
					"rotation": [0, 0, -30],
					"cubes": [
						{"origin": [-7.3247, 24.19122, 0.025], "size": [3, 5, 3], "pivot": [-5.03426, 23.72721, 1.525], "rotation": [0, 0, 30], "uv": [64, 62]},
						{"origin": [-7.98795, 26.12761, -0.025], "size": [3, 3, 3.275], "pivot": [-5.53426, 23.97721, 1.5], "rotation": [0, 0, 30], "uv": [36, 84]},
						{"origin": [-8.39096, 28.87319, -0.2], "size": [3, 1, 3.6], "pivot": [-5.28426, 23.97721, 1.4], "rotation": [0, 0, 30], "uv": [34, 90]}
					]
				},
				{
					"name": "RightForeArm",
					"parent": "RightArm",
					"pivot": [-5.53426, 24.72721, 1.5],
					"cubes": [
						{"origin": [-3.00935, 17.81227, -0.25], "size": [2, 1, 3.5], "pivot": [-5.03426, 23.72721, 1.5], "rotation": [0, 0, 19.75], "uv": [96, 88]},
						{"origin": [-7.3247, 20.19122, 0.025], "size": [3, 4, 3], "pivot": [-5.03426, 23.72721, 1.525], "rotation": [0, 0, 30], "uv": [96, 135]},
						{"origin": [-2.43872, 21.08385, 0.1], "size": [3.5, 1.175, 2.8], "pivot": [-5.03426, 23.72721, 1.5], "rotation": [0, 0, 57.5], "uv": [98, 9]},
						{"origin": [-4.42031, 22.45754, 0.075], "size": [4.5, 1.5, 2.875], "pivot": [-5.03426, 23.72721, 1.5], "rotation": [0, 0, 90], "uv": [8, 94]},
						{"origin": [-7.3247, 17.01622, 0], "size": [3, 3.175, 3], "pivot": [-5.03426, 23.72721, 1.5], "rotation": [0, 0, 30], "uv": [0, 129]},
						{"origin": [-7.09333, 18.90159, -0.25], "size": [6, 1, 3.5], "pivot": [-5.03426, 23.72721, 1.5], "rotation": [0, 0, 40], "uv": [64, 21]},
						{
							"origin": [-4.74795, 17.05, -0.24584],
							"size": [1, 7, 3.475],
							"pivot": [-4.64795, 18.05, 1.75416],
							"rotation": [0, 0, -47.5],
							"uv": {
								"north": {"uv": [2, 0], "uv_size": [-1, 7]},
								"east": {"uv": [6.95, 0], "uv_size": [-3.475, 7]},
								"south": {"uv": [2, 0], "uv_size": [-1, 7]},
								"west": {"uv": [6.95, 0], "uv_size": [-3.475, 7]},
								"up": {"uv": [1, 3.475], "uv_size": [1, -3.475]},
								"down": {"uv": [1, 3.475], "uv_size": [1, -3.475]}
							}
						}
					]
				},
				{
					"name": "rightkouzi",
					"parent": "RightForeArm",
					"pivot": [-6.29795, 16.25, 6.25416],
					"rotation": [0, 0, 45],
					"cubes": [
						{"origin": [-12.36646, 19.07006, -0.3], "size": [1.7, 1.1, 1.61], "inflate": -0.3, "pivot": [-9.87763, 19.79186, 1.825], "rotation": [0, 0, 11], "uv": [128, 39], "mirror": true},
						{"origin": [-10.78008, 19.21265, -0.3], "size": [1.7, 1.1, 1.61], "inflate": -0.3, "pivot": [-9.87763, 19.79186, 1.825], "rotation": [0, 0, 4], "uv": [128, 53], "mirror": true},
						{"origin": [-9.09799, 19.19785, -0.3], "size": [1.7, 1.1, 1.61], "inflate": -0.3, "pivot": [-9.87763, 19.99186, 1.825], "rotation": [0, 0, -3.5], "uv": [128, 55], "mirror": true},
						{"origin": [-12.36646, 19.07006, 1.74], "size": [1.7, 1.1, 1.61], "inflate": -0.3, "pivot": [-9.87763, 19.79186, 1.225], "rotation": [0, 0, 11], "uv": [128, 57], "mirror": true},
						{"origin": [-10.78008, 19.21265, 1.74], "size": [1.7, 1.1, 1.61], "inflate": -0.3, "pivot": [-9.87763, 19.79186, 1.225], "rotation": [0, 0, 4], "uv": [120, 128], "mirror": true},
						{"origin": [-9.09799, 19.19785, 1.74], "size": [1.7, 1.1, 1.61], "inflate": -0.3, "pivot": [-9.87763, 19.99186, 1.225], "rotation": [0, 0, -3.5], "uv": [128, 123], "mirror": true}
					]
				},
				{
					"name": "RightHand",
					"parent": "RightForeArm",
					"pivot": [-8.3, 19.65, 1.35],
					"cubes": [
						{"origin": [-8.8, 19.15, 0.85], "size": [1, 1, 1], "pivot": [-8.3, 19.65, 1.35], "rotation": [0, 0, 30], "uv": [124, 128], "mirror": true}
					]
				},
				{
					"name": "RightHandLocator",
					"parent": "RightHand",
					"pivot": [-8.3, 19.65, 1.35]
				},
				{
					"name": "LeftWaistLocator2",
					"parent": "RightHand",
					"pivot": [-8.3, 19.65, 1.35]
				},
				{
					"name": "SheathLocator2",
					"parent": "RightHand",
					"pivot": [-8.3, 19.65, 1.35]
				},
				{
					"name": "LeftArm",
					"parent": "Arm",
					"pivot": [2.54795, 28, 1.75416],
					"rotation": [0, 0, 30],
					"cubes": [
						{"origin": [4.3247, 24.19122, 0.025], "size": [3, 5, 3], "pivot": [5.03426, 23.72721, 1.525], "rotation": [0, 0, -30], "uv": [64, 62], "mirror": true},
						{"origin": [4.98795, 26.12761, -0.025], "size": [3, 3, 3.275], "pivot": [5.53426, 23.97721, 1.5], "rotation": [0, 0, -30], "uv": [36, 84], "mirror": true},
						{"origin": [5.39096, 28.87319, -0.2], "size": [3, 1, 3.6], "pivot": [5.28426, 23.97721, 1.4], "rotation": [0, 0, -30], "uv": [34, 90], "mirror": true}
					]
				},
				{
					"name": "LeftForeArm",
					"parent": "LeftArm",
					"pivot": [5.28426, 24.72721, 1.5],
					"cubes": [
						{"origin": [1.00935, 17.81227, -0.25], "size": [2, 1, 3.5], "pivot": [5.03426, 23.72721, 1.5], "rotation": [0, 0, -19.75], "uv": [96, 88], "mirror": true},
						{"origin": [4.3247, 20.19122, 0.025], "size": [3, 4, 3], "pivot": [5.03426, 23.72721, 1.525], "rotation": [0, 0, -30], "uv": [15, 135], "mirror": true},
						{"origin": [4.3247, 17.01622, 0], "size": [3, 3.175, 3], "pivot": [5.03426, 23.72721, 1.5], "rotation": [0, 0, -30], "uv": [0, 129], "mirror": true},
						{"origin": [-1.06128, 21.08385, 0.1], "size": [3.5, 1.175, 2.8], "pivot": [5.03426, 23.72721, 1.5], "rotation": [0, 0, -57.5], "uv": [98, 9], "mirror": true},
						{"origin": [-0.07969, 22.45754, 0.075], "size": [4.5, 1.5, 2.875], "pivot": [5.03426, 23.72721, 1.5], "rotation": [0, 0, -90], "uv": [8, 94], "mirror": true},
						{"origin": [1.09333, 18.90159, -0.25], "size": [6, 1, 3.5], "pivot": [5.03426, 23.72721, 1.5], "rotation": [0, 0, -40], "uv": [64, 21], "mirror": true},
						{
							"origin": [3.74795, 17.05, -0.24584],
							"size": [1, 7, 3.475],
							"pivot": [4.64795, 18.05, 1.75416],
							"rotation": [0, 0, 47.5],
							"uv": {
								"north": {"uv": [1, 0], "uv_size": [1, 7]},
								"east": {"uv": [3.475, 0], "uv_size": [3.475, 7]},
								"south": {"uv": [1, 0], "uv_size": [1, 7]},
								"west": {"uv": [3.475, 0], "uv_size": [3.475, 7]},
								"up": {"uv": [2, 3.475], "uv_size": [-1, -3.475]},
								"down": {"uv": [2, 3.475], "uv_size": [-1, -3.475]}
							}
						}
					]
				},
				{
					"name": "leftkouzi",
					"parent": "LeftForeArm",
					"pivot": [6.29795, 16.25, 6.25416],
					"rotation": [0, 0, -45],
					"cubes": [
						{"origin": [10.66646, 19.07006, -0.3], "size": [1.7, 1.1, 1.61], "inflate": -0.3, "pivot": [9.87763, 19.79186, 1.825], "rotation": [0, 0, -11], "uv": [128, 39]},
						{"origin": [9.08008, 19.21265, -0.3], "size": [1.7, 1.1, 1.61], "inflate": -0.3, "pivot": [9.87763, 19.79186, 1.825], "rotation": [0, 0, -4], "uv": [128, 53]},
						{"origin": [7.39799, 19.19785, -0.3], "size": [1.7, 1.1, 1.61], "inflate": -0.3, "pivot": [9.87763, 19.99186, 1.825], "rotation": [0, 0, 3.5], "uv": [128, 55]},
						{"origin": [10.66646, 19.07006, 1.74], "size": [1.7, 1.1, 1.61], "inflate": -0.3, "pivot": [9.87763, 19.79186, 1.225], "rotation": [0, 0, -11], "uv": [128, 57]},
						{"origin": [9.08008, 19.21265, 1.74], "size": [1.7, 1.1, 1.61], "inflate": -0.3, "pivot": [9.87763, 19.79186, 1.225], "rotation": [0, 0, -4], "uv": [120, 128]},
						{"origin": [7.39799, 19.19785, 1.74], "size": [1.7, 1.1, 1.61], "inflate": -0.3, "pivot": [9.87763, 19.99186, 1.225], "rotation": [0, 0, 3.5], "uv": [128, 123]}
					]
				},
				{
					"name": "LeftHand",
					"parent": "LeftForeArm",
					"pivot": [8.3, 19.65, 1.35],
					"cubes": [
						{"origin": [7.8, 19.15, 0.85], "size": [1, 1, 1], "pivot": [8.3, 19.65, 1.35], "rotation": [0, 0, -30], "uv": [124, 128]}
					]
				},
				{
					"name": "LeftHandLocator",
					"parent": "LeftHand",
					"pivot": [8.3, 19.65, 1.35],
					"rotation": [0, 0, -30]
				},
				{
					"name": "LeftWaistLocator",
					"parent": "LeftHand",
					"pivot": [8.3, 19.65, 1.35],
					"rotation": [0, 0, -30]
				},
				{
					"name": "SheathLocator",
					"parent": "LeftHand",
					"pivot": [8.3, 19.65, 1.35],
					"rotation": [0, 0, -30]
				}
			]
		}
	]
}