{
	"format_version": "1.12.0",
	"minecraft:geometry": [
		{
			"description": {
				"identifier": "geometry.unknown",
				"texture_width": 256,
				"texture_height": 256,
				"visible_bounds_width": 19,
				"visible_bounds_height": 25,
				"visible_bounds_offset": [0, 4.5, 0]
			},
			"bones": [
				{
					"name": "MRoot",
					"pivot": [0, 0, 0]
				},
				{
					"name": "Root",
					"parent": "MRoot",
					"pivot": [0, 0, 0]
				},
				{
					"name": "MAllbody",
					"parent": "Root",
					"pivot": [0, 17, 0]
				},
				{
					"name": "AllBody",
					"parent": "MAllbody",
					"pivot": [0, 16, 0]
				},
				{
					"name": "MUpBody",
					"parent": "AllBody",
					"pivot": [0, 12, 0]
				},
				{
					"name": "UpBody",
					"parent": "MUpBody",
					"pivot": [0, 12, 0]
				},
				{
					"name": "kua",
					"parent": "UpBody",
					"pivot": [0, 12.13151, 1.47083],
					"cubes": [
						{"origin": [0.675, 11, -0.05], "size": [2, 4, 3.05], "pivot": [0.175, 13, 1.475], "rotation": [0, 0, -17.5], "uv": [54, 235]},
						{"origin": [2.45, 10.025, -0.025], "size": [1, 3.15, 3.025], "pivot": [1.95, 12.025, 1.5], "rotation": [0, 0, 72.5], "uv": [90, 238]},
						{"origin": [-0.5, 10, -0.05], "size": [1, 1, 3.05], "uv": [44, 214]},
						{"origin": [-3.45, 10.025, -0.025], "size": [1, 3.15, 3.025], "pivot": [-1.95, 12.025, 1.5], "rotation": [0, 0, -72.5], "uv": [74, 250]},
						{"origin": [-2.675, 11, -0.05], "size": [2, 4, 3.05], "pivot": [-0.175, 13, 1.475], "rotation": [0, 0, 17.5], "uv": [68, 233]},
						{"origin": [-2.5, 11, -0.1], "size": [5, 5, 3.05], "uv": [54, 167]}
					]
				},
				{
					"name": "MTail",
					"parent": "UpBody",
					"pivot": [0, 13.5, 3]
				},
				{
					"name": "Tail",
					"parent": "MTail",
					"pivot": [0, 12.81773, 3.54493],
					"rotation": [-32.5, 0, 0],
					"cubes": [
						{"origin": [-1.977, 11.12573, 1.28893], "size": [3.954, 3.384, 4.512], "pivot": [0, 12.81773, 3.54493], "rotation": [-12.5, 0, 0], "uv": [0, 215]}
					]
				},
				{
					"name": "Tail2",
					"parent": "Tail",
					"pivot": [0.1, 12.38894, 4.81564],
					"rotation": [127.5, 0, 0],
					"cubes": [
						{"origin": [-25.88697, -10.55149, 10.89408], "size": [3.948, 3.4404, 4.794], "pivot": [-18.95205, 10.64478, 9.05643], "rotation": [-15, -57.25, -90], "uv": [30, 216]},
						{"origin": [-1.924, 7.85265, 2.80624], "size": [3.948, 3.384, 3.948], "pivot": [-16.95, 9.37545, 4.82254], "rotation": [-50, 0, 0], "uv": [32, 160]},
						{"origin": [-1.974, 2.7713, 8.09899], "size": [3.948, 3.4404, 4.794], "pivot": [-35.95205, 10.64478, 9.05643], "rotation": [-84.5, 0, 0], "uv": [70, 148]},
						{"origin": [-1.944, 3.30192, 8.25215], "size": [3.888, 4.6404, 3.594], "pivot": [-35.95205, 10.64478, 9.05643], "rotation": [-112, 0, 0], "uv": [76, 207]},
						{"origin": [21.93897, -10.55149, 10.89408], "size": [3.948, 3.4404, 4.794], "pivot": [18.95205, 10.64478, 9.05643], "rotation": [-15, 57.25, 90], "uv": [30, 216], "mirror": true}
					]
				},
				{
					"name": "Tail3",
					"parent": "Tail2",
					"pivot": [0, 8.32968, 7.37374],
					"cubes": [
						{"origin": [-25.88097, -10.89922, 3.62857], "size": [3.948, 3.4404, 3.666], "pivot": [-18.95205, 10.64478, 9.05643], "rotation": [16.5, -57.25, -90], "uv": [80, 173]},
						{"origin": [-1.977, 2.7093, 11.41312], "size": [3.954, 3.7224, 1.2], "pivot": [-35.95205, 10.64478, 9.05643], "rotation": [-35, 0, 0], "uv": [0, 252]},
						{"origin": [-1.974, 5.12555, 9.60731], "size": [3.948, 3.384, 4.512], "pivot": [-35.95205, 10.64478, 9.05643], "rotation": [-62.5, 0, 0], "uv": [72, 155]},
						{"origin": [-1.971, 15.70427, 7.38065], "size": [3.942, 3.4404, 3.384], "pivot": [-35.95205, 10.64478, 9.05643], "rotation": [157.25, 0, 0], "uv": [80, 187]},
						{"origin": [-1.977, 15.70359, 7.40862], "size": [3.954, 3.4404, 3.666], "pivot": [-35.95205, 10.64478, 9.05643], "rotation": [134.75, 0, 0], "uv": [0, 230]},
						{"origin": [-1.968, 14.18955, 3.84683], "size": [3.936, 3.4404, 3.666], "pivot": [-35.95205, 10.64478, 9.05643], "rotation": [84.5, 0, 0], "uv": [82, 162]},
						{"origin": [21.93297, -10.89922, 3.62857], "size": [3.948, 3.4404, 3.666], "pivot": [18.95205, 10.64478, 9.05643], "rotation": [16.5, 57.25, 90], "uv": [80, 173], "mirror": true}
					]
				},
				{
					"name": "Tail4",
					"parent": "Tail3",
					"pivot": [0, 3.75894, 8.63564],
					"cubes": [
						{"origin": [-1.8, 3.22031, 9.54934], "size": [3.6, 3.36, 4.5], "pivot": [-35.95205, 10.64478, 9.05643], "rotation": [-40, 0, 0], "uv": [72, 193]}
					]
				},
				{
					"name": "Tail5",
					"parent": "Tail4",
					"pivot": [0.1, 3.20894, 9.28564],
					"cubes": [
						{"origin": [-1.5, 1.91107, 8.73657], "size": [3, 2.4, 2.7], "pivot": [-18.95205, 10.64478, 9.05643], "rotation": [-3.5, 0, 0], "uv": [36, 228]}
					]
				},
				{
					"name": "Tail6",
					"parent": "Tail5",
					"pivot": [0.1, 3.20894, 11.08564],
					"cubes": [
						{"origin": [-1.2, 1.89158, 9.53648], "size": [2.4, 1.8, 1.8], "pivot": [-18.95205, 10.64478, 9.05643], "rotation": [9.5, 0, 0], "uv": [108, 252]}
					]
				},
				{
					"name": "Tail7",
					"parent": "Tail6",
					"pivot": [0.1, 3.50892, 12.73567],
					"cubes": [
						{"origin": [-0.6, 2.23857, 10.52218], "size": [1.2, 1.2, 1.2], "pivot": [-18.95205, 10.64478, 9.05643], "rotation": [14.5, 0, 0], "uv": [112, 220]}
					]
				},
				{
					"name": "MUpperBody",
					"parent": "UpBody",
					"pivot": [0, 15, 0]
				},
				{
					"name": "UpperBody",
					"parent": "MUpperBody",
					"pivot": [0, 15, 0]
				},
				{
					"name": "upcloth",
					"parent": "UpperBody",
					"pivot": [1.85, 21, 1.5],
					"cubes": [
						{"origin": [1.6, 14.5, -0.05], "size": [1.075, 6.6, 2.65], "pivot": [1.85, 21, 1.5], "rotation": [0, 0, 40], "uv": [40, 94]},
						{"origin": [0.425, 17.1, -0.625], "size": [3.7, 1.15, 3.9], "inflate": -0.35, "pivot": [0, 18.075, 2.125], "rotation": [4.22632, 2.29597, -127.44638], "uv": [3, 198]},
						{"origin": [-1.25, 18.525, -0.725], "size": [4.525, 1.15, 3.825], "inflate": -0.35, "pivot": [-0.075, 18.775, 2.1], "rotation": [3.16205, -3.62471, -50.13119], "uv": [0, 192]},
						{"origin": [-3.10097, 17.32822, -0.725], "size": [3.6, 1.15, 3.9], "inflate": -0.35, "pivot": [-1.00097, 17.56572, 0.625], "rotation": [3.7265, 2.83886, -49.74237], "uv": [9, 204]},
						{"origin": [1.75, 16.25, -0.175], "size": [1, 2.5, 3.275], "pivot": [2, 18.5, 1.5], "rotation": [0, 0, -12.5], "uv": [8, 97]},
						{"origin": [1.75, 18.25, 0], "size": [1, 2.775, 3], "pivot": [2, 18.5, 1.5], "rotation": [0, 0, 27.5], "uv": [98, 4]},
						{"origin": [2.35, 18.5, -0.15], "size": [1, 2.6, 3.25], "pivot": [2.6, 21, 1.5], "rotation": [0, 0, 15], "uv": [98, 45]},
						{"origin": [-2.75, 18.25, 0], "size": [1, 2.775, 3], "pivot": [-2, 18.5, 1.5], "rotation": [0, 0, -27.5], "uv": [98, 50]},
						{"origin": [-2.75, 16.25, -0.2], "size": [1, 2.5, 3.3], "pivot": [-2, 18.5, 1.5], "rotation": [0, 0, 12.5], "uv": [16, 99]},
						{"origin": [-3.35, 18.5, -0.15], "size": [1, 2.6, 3.25], "pivot": [-2.6, 21, 1.5], "rotation": [0, 0, -15], "uv": [24, 99]},
						{"origin": [-2.6, 18, -0.05], "size": [1, 3.1, 2.9], "pivot": [-1.85, 21, 1.5], "rotation": [0.5, 0, -40], "uv": [56, 103]},
						{"origin": [-3.25, 13.75, -0.5], "size": [6.5, 1, 3.75], "uv": [91, 144]},
						{"origin": [-3.25, 15.6, -0.5], "size": [6.5, 1, 3.75], "uv": [57, 178]},
						{"origin": [-3, 14.5, -0.25], "size": [6, 1.75, 3.3], "uv": [27, 176]},
						{"origin": [-2.75, 16, 0], "size": [5.5, 5, 3], "uv": [56, 46]}
					]
				},
				{
					"name": "bow",
					"parent": "UpperBody",
					"pivot": [0, 15.44844, -0.775],
					"cubes": [
						{"origin": [-0.75, 14.69844, -1.275], "size": [1.5, 1.5, 1], "uv": [54, 140]}
					]
				},
				{
					"name": "bowR",
					"parent": "bow",
					"pivot": [-0.76796, 15.37708, -0.77893],
					"cubes": [
						{"origin": [-2.84782, 14.68963, -1.17058], "size": [2.3, 1.2, 1], "pivot": [-0.66796, 15.07708, -0.77893], "rotation": [2.11751, -4.53051, -35.58377], "uv": [120, 235]},
						{"origin": [-3.09251, 14.76074, -1.19938], "size": [2.4, 1.5, 1], "pivot": [-0.76796, 15.37708, -0.77893], "rotation": [0, -5, -10.5], "uv": [44, 237]}
					]
				},
				{
					"name": "bowL",
					"parent": "bow",
					"pivot": [0.76796, 15.17708, -0.77893],
					"cubes": [
						{"origin": [0.68016, 14.73532, -1.212], "size": [2.4, 1.5, 1], "pivot": [0.90065, 15.30309, -0.79769], "rotation": [0, 5, 10.5], "uv": [138, 195]},
						{"origin": [0.62476, 14.65028, -1.17756], "size": [2.3, 1.2, 1], "pivot": [0.76796, 15.17708, -0.77893], "rotation": [2.11751, 4.53051, 35.58377], "uv": [148, 131]}
					]
				},
				{
					"name": "bowL1",
					"parent": "bow",
					"pivot": [0.64835, 15.34341, -0.66806],
					"cubes": [
						{"origin": [0.20004, 12.56692, -0.81341], "size": [1, 2.5, 1], "pivot": [0.64835, 14.64341, -0.66806], "rotation": [-21.88223, -4.08471, -5.25655], "uv": [122, 140]},
						{"origin": [0.19089, 12.70354, -0.70663], "size": [1, 2.5, 1], "pivot": [1.14835, 14.84341, -0.56806], "rotation": [-21.09913, -7.20371, -13.20321], "uv": [66, 226]}
					]
				},
				{
					"name": "bowL2",
					"parent": "bowL1",
					"pivot": [1.04835, 12.64341, -1.26806],
					"cubes": [
						{"origin": [0.42689, 9.73395, -1.56631], "size": [1, 3, 1], "pivot": [1.14835, 12.74341, -1.36806], "rotation": [-21.88223, -4.08471, -5.25655], "uv": [100, 159]},
						{"origin": [0.75453, 9.73931, -1.55081], "size": [1, 3, 1], "pivot": [1.14835, 12.74341, -1.26806], "rotation": [-21.09913, -7.20371, -13.20321], "uv": [108, 195]}
					]
				},
				{
					"name": "bowR1",
					"parent": "bow",
					"pivot": [-0.64835, 15.34341, -0.84306],
					"cubes": [
						{"origin": [-1.33838, 12.40226, -0.90685], "size": [1, 3.5, 1], "pivot": [-0.84835, 14.74341, -0.74306], "rotation": [-18.4536, 11.31542, 9.17364], "uv": [146, 252]},
						{"origin": [-1.20317, 12.44448, -0.95745], "size": [1, 3.4, 1], "pivot": [-0.74835, 14.64341, -0.74306], "rotation": [-19.86021, 8.52131, 1.02311], "uv": [150, 252]}
					]
				},
				{
					"name": "bowR2",
					"parent": "bowR1",
					"pivot": [-1.14835, 12.44341, -1.14306],
					"cubes": [
						{"origin": [-1.33961, 9.6568, -1.67586], "size": [1, 2.9, 1], "pivot": [-0.91055, 12.6168, -1.41005], "rotation": [-19.86021, 8.52131, 1.02311], "uv": [32, 241]},
						{"origin": [-1.79241, 10.46374, -1.65512], "size": [1, 2, 1], "pivot": [-1.34835, 12.44341, -1.14306], "rotation": [-18.4536, 11.31542, 9.17364], "uv": [152, 196]}
					]
				},
				{
					"name": "AllHead",
					"parent": "UpperBody",
					"pivot": [0, 21, 1.5],
					"cubes": [
						{"origin": [-1.5, 21, 0], "size": [3, 2, 3], "uv": [82, 20]}
					]
				},
				{
					"name": "MHead",
					"parent": "AllHead",
					"pivot": [0, 22, 1.25]
				},
				{
					"name": "Head",
					"parent": "MHead",
					"pivot": [0, 22, 1.5],
					"cubes": [
						{"origin": [-3.5, 22, -2], "size": [7, 7, 7], "uv": [0, 9]}
					]
				},
				{
					"name": "Eyes",
					"parent": "Head",
					"pivot": [0, 24, 0]
				},
				{
					"name": "Eyelid",
					"parent": "Eyes",
					"pivot": [0, 24, 0]
				},
				{
					"name": "LeftEyelid",
					"parent": "Eyelid",
					"pivot": [2.4, 24, -1.025],
					"cubes": [
						{"origin": [1.35, 23, -2.05], "size": [2.1, 2, 2.05], "uv": [102, 82]}
					]
				},
				{
					"name": "LeftEyelidBase",
					"parent": "LeftEyelid",
					"pivot": [2.225, 24, -1.075],
					"cubes": [
						{"origin": [1.475, 23, -2.15], "size": [1.5, 2, 2.15], "uv": [106, 93]}
					]
				},
				{
					"name": "LeftEyeDot",
					"parent": "LeftEyelidBase",
					"pivot": [2.875, 24.6, -2.15],
					"cubes": [
						{"origin": [2.275, 24.1, -2.65], "size": [1.2, 1, 1], "inflate": -0.35, "uv": [110, 86]}
					]
				},
				{
					"name": "LeftEyePublic",
					"parent": "LeftEyelidBase",
					"pivot": [2.2, 23.95, -1.61],
					"cubes": [
						{"origin": [1.625, 23.2, -2.61], "size": [1.15, 1.5, 2], "inflate": -0.3, "uv": [112, 18], "mirror": true}
					]
				},
				{
					"name": "RightEyelid",
					"parent": "Eyelid",
					"pivot": [-2.4, 24, -1.025],
					"cubes": [
						{"origin": [-3.45, 23, -2.05], "size": [2.1, 2, 2.05], "uv": [102, 38]}
					]
				},
				{
					"name": "RightEyelidBase",
					"parent": "RightEyelid",
					"pivot": [-2.225, 24, -1.075],
					"cubes": [
						{"origin": [-3, 23, -2.15], "size": [1.5, 2, 2.15], "uv": [106, 89]}
					]
				},
				{
					"name": "RightEyePublic",
					"parent": "RightEyelidBase",
					"pivot": [-2.2, 23.95, -1.61],
					"cubes": [
						{"origin": [-2.775, 23.2, -2.61], "size": [1.15, 1.5, 2], "inflate": -0.3, "uv": [112, 18]}
					]
				},
				{
					"name": "RightEyeDot",
					"parent": "RightEyelidBase",
					"pivot": [-1.425, 24.6, -2.15],
					"cubes": [
						{"origin": [-2.025, 24.1, -2.65], "size": [1.2, 1, 1], "inflate": -0.35, "uv": [110, 86]}
					]
				},
				{
					"name": "EyeBrow",
					"parent": "Eyes",
					"pivot": [0, 25, 0]
				},
				{
					"name": "RightEyebrow",
					"parent": "EyeBrow",
					"pivot": [-2.85, 25.275, -1.6125],
					"cubes": [
						{"origin": [-3.2, 24.925, -2.4], "size": [2, 1, 2.4], "uv": [104, 28]},
						{"origin": [-4, 24.5, -2.85], "size": [1, 1.25, 1.65], "uv": [16, 97]}
					]
				},
				{
					"name": "LeftEyebrow",
					"parent": "EyeBrow",
					"pivot": [2.85, 25.275, -1.6125],
					"cubes": [
						{"origin": [3, 24.5, -2.85], "size": [1, 1.25, 1.65], "uv": [16, 97], "mirror": true},
						{"origin": [1.2, 24.925, -2.4], "size": [2, 1, 2.4], "uv": [104, 31]}
					]
				},
				{
					"name": "Mouth",
					"parent": "Head",
					"pivot": [0, 22.3, -1.7]
				},
				{
					"name": "kongju",
					"parent": "Mouth",
					"pivot": [0.125, 22.5, -2.2125],
					"cubes": [
						{"origin": [-0.675, 21.975, -1.7125], "size": [1.4, 1.15, 2], "inflate": -0.5, "pivot": [0.125, 22.55, -1.2125], "rotation": [0, 0, -37.5], "uv": [12, 122]},
						{"origin": [-0.925, 22.275, -1.7125], "size": [1.4, 1.15, 2], "inflate": -0.5, "pivot": [0.15, 22.55, -1.2125], "rotation": [0, 0, -37.5], "uv": [12, 122]},
						{"origin": [-0.675, 21.75, -1.7125], "size": [1.35, 1.15, 2], "inflate": -0.5, "pivot": [0.125, 22.55, -1.2125], "rotation": [0, 0, 50], "uv": [12, 122]},
						{"origin": [-1.4603, 21.99994, -1.7125], "size": [1.4, 1.15, 2], "inflate": -0.5, "pivot": [-0.7353, 22.62494, -1.1625], "rotation": [0, 0, -42], "uv": [12, 122]},
						{"origin": [-1.15, 21.775, -1.7125], "size": [1.4, 1.15, 2], "inflate": -0.5, "pivot": [-0.275, 22.55, -1.2125], "rotation": [0, 0, 50], "uv": [12, 122]},
						{"origin": [0.0603, 21.99994, -1.7125], "size": [1.4, 1.15, 2], "inflate": -0.5, "pivot": [0.7353, 22.62494, -1.1625], "rotation": [0, 0, 42], "uv": [12, 122]},
						{"origin": [-0.25, 21.775, -1.7125], "size": [1.4, 1.15, 2], "inflate": -0.5, "pivot": [0.275, 22.55, -1.2125], "rotation": [0, 0, -50], "uv": [12, 122]},
						{"origin": [-0.475, 22.275, -1.7125], "size": [1.4, 1.15, 2], "inflate": -0.5, "pivot": [-0.15, 22.55, -1.2125], "rotation": [0, 0, 37.5], "uv": [12, 122]}
					]
				},
				{
					"name": "jingya",
					"parent": "Mouth",
					"pivot": [0.125, 23, -2.2125],
					"cubes": [
						{"origin": [-0.675, 22.275, -1.7125], "size": [1.4, 1.35, 2], "inflate": -0.5, "pivot": [0.125, 23.05, -1.2125], "rotation": [0, 0, -37.5], "uv": [12, 122]},
						{"origin": [-0.925, 22.4, -1.7125], "size": [1.4, 1.525, 2], "inflate": -0.5, "pivot": [0.15, 23.05, -1.2125], "rotation": [0, 0, -37.5], "uv": [12, 122]},
						{"origin": [-0.675, 22.25, -1.7125], "size": [1.35, 1.15, 2], "inflate": -0.5, "pivot": [0.125, 23.05, -1.2125], "rotation": [0, 0, 50], "uv": [12, 122]},
						{"origin": [-1.4603, 22.27494, -1.7125], "size": [1.4, 1.375, 2], "inflate": -0.5, "pivot": [-0.7353, 23.12494, -1.1625], "rotation": [0, 0, -42], "uv": [12, 122]},
						{"origin": [-2.1103, 21.69994, -1.7125], "size": [1.7, 2.075, 2], "inflate": -0.5, "pivot": [-0.7353, 23.12494, -1.1625], "rotation": [0, 0, -77], "uv": [66, 43]},
						{"origin": [0.4103, 21.64994, -1.7125], "size": [1.7, 2.125, 2], "inflate": -0.5, "pivot": [0.7353, 23.12494, -1.1625], "rotation": [0, 0, 77], "uv": [66, 43]},
						{"origin": [1.1103, 22.39994, -1.7125], "size": [1.2, 1.375, 2], "inflate": -0.5, "pivot": [0.7353, 23.12494, -1.1625], "rotation": [0, 0, 77], "uv": [12, 122]},
						{"origin": [1.1103, 22.02494, -1.7125], "size": [1.1, 1.375, 2], "inflate": -0.5, "pivot": [0.7353, 23.12494, -1.1625], "rotation": [0, 0, 77], "uv": [12, 122]},
						{"origin": [1.1103, 21.92494, -1.7125], "size": [1.1, 1.175, 2], "inflate": -0.5, "pivot": [0.7353, 23.12494, -1.1625], "rotation": [0, 0, 77], "uv": [12, 122]},
						{"origin": [-2.2103, 21.92494, -1.7125], "size": [1.1, 1.175, 2], "inflate": -0.5, "pivot": [-0.7353, 23.12494, -1.1625], "rotation": [0, 0, -77], "uv": [12, 122]},
						{"origin": [-2.2353, 22.07494, -1.7125], "size": [1.125, 1.325, 2], "inflate": -0.5, "pivot": [-0.7353, 23.12494, -1.1625], "rotation": [0, 0, -77], "uv": [12, 122]},
						{"origin": [-2.3103, 22.39994, -1.7125], "size": [1.2, 1.375, 2], "inflate": -0.5, "pivot": [-0.7353, 23.12494, -1.1625], "rotation": [0, 0, -77], "uv": [12, 122]},
						{"origin": [1.2353, 20.74994, -1.7125], "size": [1.1, 3.25, 2], "inflate": -0.5, "pivot": [0.7353, 23.12494, -1.1625], "rotation": [0, 0, 89.5], "uv": [26, 93]},
						{"origin": [-1.15, 22.275, -1.7125], "size": [1.4, 1.15, 2], "inflate": -0.5, "pivot": [-0.275, 23.05, -1.2125], "rotation": [0, 0, 50], "uv": [12, 122]},
						{"origin": [0.0603, 22.29994, -1.7125], "size": [1.4, 1.35, 2], "inflate": -0.5, "pivot": [0.7353, 23.12494, -1.1625], "rotation": [0, 0, 42], "uv": [12, 122]},
						{"origin": [-0.25, 22.275, -1.7125], "size": [1.4, 1.15, 2], "inflate": -0.5, "pivot": [0.275, 23.05, -1.2125], "rotation": [0, 0, -50], "uv": [12, 122]},
						{"origin": [-0.475, 22.55, -1.7125], "size": [1.4, 1.375, 2], "inflate": -0.5, "pivot": [-0.15, 23.05, -1.2125], "rotation": [0, 0, 37.5], "uv": [12, 122]}
					]
				},
				{
					"name": "xiao",
					"parent": "Mouth",
					"pivot": [0, 22.425, -2.2125],
					"cubes": [
						{"origin": [-1.4, 22.225, -1.7125], "size": [2.8, 1.1, 2], "inflate": -0.5, "uv": [72, 55]},
						{"origin": [-1.1, 21.6, -1.7125], "size": [2.2, 1.75, 2], "inflate": -0.5, "uv": [72, 55]},
						{"origin": [-1.4, 22.225, -1.7125], "size": [2.8, 1.1, 2], "inflate": -0.5, "uv": [72, 55], "mirror": true},
						{"origin": [-1.1, 21.6, -1.7125], "size": [2.2, 1.75, 2], "inflate": -0.5, "uv": [72, 55], "mirror": true}
					]
				},
				{
					"name": "bone23",
					"parent": "xiao",
					"pivot": [0.375, 23, -2.2125],
					"rotation": [0, 0, 8.25],
					"cubes": [
						{"origin": [-0.50695, 22.2531, -1.7125], "size": [1.925, 1.15, 2], "inflate": -0.5, "uv": [12, 122]},
						{"origin": [-0.48195, 22.2531, -1.7125], "size": [1.9, 1.15, 2], "inflate": -0.5, "uv": [12, 122], "mirror": true}
					]
				},
				{
					"name": "bone24",
					"parent": "xiao",
					"pivot": [-0.375, 23, -2.2125],
					"rotation": [0, 0, -8.25],
					"cubes": [
						{"origin": [-1.41805, 22.2531, -1.7125], "size": [1.9, 1.15, 2], "inflate": -0.5, "uv": [12, 122]},
						{"origin": [-1.41805, 22.2531, -1.7125], "size": [1.925, 1.15, 2], "inflate": -0.5, "uv": [12, 122], "mirror": true}
					]
				},
				{
					"name": "bone17",
					"parent": "xiao",
					"pivot": [-0.65, 22.675, -2.2125],
					"rotation": [0, 0, 65],
					"cubes": [
						{"origin": [-1.275, 21.975, -1.7125], "size": [1.675, 1.4, 2], "inflate": -0.5, "uv": [12, 122]},
						{"origin": [-1.275, 21.975, -1.7125], "size": [1.675, 1.4, 2], "inflate": -0.5, "uv": [12, 122], "mirror": true}
					]
				},
				{
					"name": "bone18",
					"parent": "xiao",
					"pivot": [0.65, 22.675, -2.2125],
					"rotation": [0, 0, -65],
					"cubes": [
						{"origin": [-0.4, 21.975, -1.7125], "size": [1.675, 1.4, 2], "inflate": -0.5, "uv": [12, 122]},
						{"origin": [-0.4, 21.975, -1.7125], "size": [1.675, 1.4, 2], "inflate": -0.5, "uv": [12, 122], "mirror": true}
					]
				},
				{
					"name": "weixiao",
					"parent": "Mouth",
					"pivot": [0, 22.5, -2.2125],
					"cubes": [
						{"origin": [-0.5625, 21.83912, -1.7125], "size": [1.125, 1.125, 2], "inflate": -0.5, "uv": [12, 122]},
						{"origin": [-0.75173, 21.86738, -1.7125], "size": [1.25, 1.125, 2], "inflate": -0.5, "pivot": [-0.07673, 22.44238, -1.2125], "rotation": [0, 0, 32], "uv": [12, 122]},
						{"origin": [-0.49827, 21.86738, -1.7125], "size": [1.25, 1.125, 2], "inflate": -0.5, "pivot": [0.07673, 22.44238, -1.2125], "rotation": [0, 0, -32], "uv": [12, 122]},
						{"origin": [-0.5625, 21.83912, -1.7125], "size": [1.125, 1.125, 2], "inflate": -0.5, "uv": [12, 122], "mirror": true},
						{"origin": [-0.49827, 21.86738, -1.7125], "size": [1.25, 1.125, 2], "inflate": -0.5, "pivot": [0.07673, 22.44238, -1.2125], "rotation": [0, 0, -32], "uv": [12, 122], "mirror": true},
						{"origin": [-0.75173, 21.86738, -1.7125], "size": [1.25, 1.125, 2], "inflate": -0.5, "pivot": [-0.07673, 22.44238, -1.2125], "rotation": [0, 0, 32], "uv": [12, 122], "mirror": true}
					]
				},
				{
					"name": "yanlei",
					"parent": "Mouth",
					"pivot": [0.01976, 22.42026, -0.9],
					"cubes": [
						{"origin": [-3.20643, 22.6303, -1.45], "size": [0.5, 0.5, 0.5], "pivot": [-2.95643, 22.8803, -1.15], "rotation": [0, 0, 90], "uv": [254, 2]},
						{"origin": [-1.35643, 22.9303, -1.2], "size": [0.3, 0.3, 0.3], "pivot": [-1.30643, 23.1803, -0.9], "rotation": [0, 0, 90], "uv": [256, 3]},
						{"origin": [1.46857, 22.9553, -1.45], "size": [0.3, 0.3, 0.3], "pivot": [1.51857, 23.2053, -1.15], "rotation": [0, 0, 90], "uv": [256, 3]},
						{"origin": [2.74357, 22.6303, -1.45], "size": [0.5, 0.5, 0.5], "pivot": [2.99357, 22.8803, -1.15], "rotation": [0, 0, 90], "uv": [254, 2]}
					]
				},
				{
					"name": "kuku",
					"parent": "Mouth",
					"pivot": [0.01976, 22.47026, -0.9],
					"cubes": [
						{"origin": [0.74357, 22.1053, -1.2], "size": [0.05, 0.85, 0.6], "pivot": [0.64357, 22.5303, -0.9], "rotation": [0, 0, -10], "uv": [18, 12]},
						{"origin": [0.69357, 22.1803, -1.2], "size": [0.05, 0.15, 0.6], "pivot": [0.59357, 22.5303, -0.9], "rotation": [0, 0, -10], "uv": [18, 12]},
						{"origin": [0.46857, 22.3053, -1.2], "size": [0.3, 0.6, 0.6], "pivot": [0.61857, 22.4803, -0.9], "rotation": [0, 0, -10], "uv": [18, 12]},
						{"origin": [0.51857, 21.7303, -1.2], "size": [0.05, 0.85, 0.6], "pivot": [0.41857, 22.1553, -0.9], "rotation": [0, 0, -70], "uv": [18, 12]},
						{"origin": [0.51857, 21.8303, -1.2], "size": [0.05, 0.15, 0.6], "pivot": [0.41857, 22.2053, -0.9], "rotation": [0, 0, -70], "uv": [18, 12]},
						{"origin": [0.51857, 21.8803, -1.2], "size": [0.05, 0.15, 0.6], "pivot": [0.41857, 22.2553, -0.9], "rotation": [0, 0, -70], "uv": [18, 12]},
						{"origin": [0.26857, 22.1553, -1.2], "size": [0.3, 0.75, 0.6], "pivot": [0.41857, 22.4803, -0.9], "rotation": [0, 0, -70], "uv": [18, 12]},
						{"origin": [-0.28143, 21.7303, -1.2], "size": [0.05, 0.85, 0.6], "pivot": [-0.38143, 22.1553, -0.9], "rotation": [0, 0, -110], "uv": [18, 12]},
						{"origin": [-0.53143, 22.0553, -1.2], "size": [0.3, 0.75, 0.6], "pivot": [-0.38143, 22.4803, -0.9], "rotation": [0, 0, -110], "uv": [18, 12]},
						{"origin": [-0.53143, 22.8053, -1.2], "size": [0.05, 0.15, 0.6], "pivot": [-0.38143, 22.4803, -0.9], "rotation": [0, 0, -110], "uv": [18, 12]},
						{"origin": [-0.53143, 22.8553, -1.2], "size": [0.05, 0.15, 0.6], "pivot": [-0.38143, 22.5303, -0.9], "rotation": [0, 0, -110], "uv": [18, 12]},
						{"origin": [0.24357, 22.2803, -1.2], "size": [0.05, 0.25, 0.6], "pivot": [0.14357, 22.5303, -0.9], "rotation": [0, 0, 90], "uv": [18, 12]},
						{"origin": [0.24357, 22.3803, -1.2], "size": [0.05, 0.15, 0.6], "pivot": [0.14357, 22.5803, -0.9], "rotation": [0, 0, 90], "uv": [18, 12]},
						{"origin": [-0.775, 22.125, -1.2], "size": [0.05, 0.85, 0.6], "pivot": [-0.66318, 22.41033, -0.9], "rotation": [0, 0, 10], "uv": [17, 12]},
						{"origin": [-0.725, 22.2, -1.2], "size": [0.05, 0.175, 0.6], "pivot": [-0.61318, 22.41033, -0.9], "rotation": [0, 0, 10], "uv": [17, 12]},
						{"origin": [-0.75, 22.325, -1.2], "size": [0.3, 0.6, 0.6], "pivot": [-0.63818, 22.36033, -0.9], "rotation": [0, 0, 10], "uv": [17, 12]},
						{"origin": [-0.525, 22.525, -1.2], "size": [0.05, 0.85, 0.6], "pivot": [-0.41318, 22.81033, -0.9], "rotation": [0, 0, 100], "uv": [17, 12]},
						{"origin": [-0.525, 22.725, -1.2], "size": [0.3, 0.6, 0.6], "pivot": [-0.41318, 22.76033, -0.9], "rotation": [0, 0, 100], "uv": [17, 12]},
						{"origin": [0.075, 22.475, -1.2], "size": [0.05, 0.85, 0.6], "pivot": [0.18682, 22.76033, -0.9], "rotation": [0, 0, 80], "uv": [17, 12]},
						{"origin": [0.075, 22.425, -1.2], "size": [0.3, 0.6, 0.6], "pivot": [0.18682, 22.71033, -0.9], "rotation": [0, 0, 80], "uv": [17, 12]}
					]
				},
				{
					"name": "Hair",
					"parent": "Head",
					"pivot": [-1.23, 26.505, -0.715],
					"cubes": [
						{"origin": [-4.5, 29, -2.5], "size": [9, 1, 8.5], "uv": [0, 0]},
						{"origin": [-4.5, 21, 4], "size": [9, 8, 2], "uv": [33, -1]},
						{"origin": [-2.5, 25.9, 6], "size": [5, 3.1, 1], "uv": [88, 73]},
						{"origin": [-3.5, 20.75, 11], "size": [7, 6, 1], "pivot": [0, -2.25, 14], "rotation": [10, 0, 0], "uv": [32, 58]},
						{"origin": [-4.5, 16.5, 11.625], "size": [9, 6, 1], "pivot": [0, -7.5, 14.625], "rotation": [10, 0, 0], "uv": [44, 27]},
						{"origin": [-5.625, 14.90569, 6.89948], "size": [2, 6.75, 1], "pivot": [-1.125, 18.65569, 7.39948], "rotation": [9.85108, -1.72794, 9.85108], "uv": [100, 70]},
						{"origin": [-6.45, 12.33069, 7.79948], "size": [2, 3.5, 1], "pivot": [-1.95, 12.83069, 8.29948], "rotation": [10.32967, 0, 0], "uv": [0, 48]},
						{"origin": [-5.5, 12.75, 12.55], "size": [11, 4, 1.1], "pivot": [0, -13.25, 15.55], "rotation": [10, 0, 0], "uv": [45, 34]},
						{"origin": [-3.5, 30, -2], "size": [7, 1, 7], "uv": [28, 9]},
						{"origin": [-2, 31, -1.5], "size": [4, 1, 6], "uv": [44, 39]},
						{"origin": [-3, 31, -0.5], "size": [1, 1, 4], "uv": [92, 25]},
						{"origin": [2, 31, -0.5], "size": [1, 1, 4], "uv": [92, 37]},
						{"origin": [-1.5, 28, -3.5], "size": [3, 2, 1], "uv": [105, 43]},
						{"origin": [-1, 28.25, -3.9], "size": [2, 1.25, 1], "pivot": [0.5, 28.5, -3.15], "rotation": [-7.5, 0, 0], "uv": [94, 35]},
						{"origin": [-1.5, 27.25, -3.8], "size": [3, 1.25, 0.9], "pivot": [0.5, 27.5, -3.15], "rotation": [3, 0, 0], "uv": [21, 44]},
						{"origin": [-1.25, 26.5, -3.75], "size": [2, 2, 1], "pivot": [0.75, 26.75, -3.15], "rotation": [-4.23371, 4.81931, -43.09877], "uv": [36, 45]},
						{"origin": [-1.75, 27.25, -4], "size": [1, 2, 1], "pivot": [-0.25, 28.25, -3.25], "rotation": [-7.32417, 1.61888, 12.39638], "uv": [72, 59]},
						{"origin": [-2.25, 25.75, -3.75], "size": [1, 3.5, 1], "pivot": [-0.75, 28.25, -3.25], "rotation": [-7.32417, 1.61888, 12.39638], "uv": [0, 29]},
						{"origin": [-3.25, 25.325, -3.65], "size": [1, 4, 1], "pivot": [-1.75, 28.325, -3.25], "rotation": [7.7386, 1.28355, 14.87459], "uv": [34, 86]},
						{"origin": [-2.1, 26.25, -3.95], "size": [1.1, 2, 1], "pivot": [-0.25, 28.25, -3.25], "rotation": [2.84344, -2.24944, -17.35932], "uv": [86, 57]},
						{"origin": [-2.5, 27, -3.5], "size": [1, 3, 1], "uv": [83, 108]},
						{"origin": [1.5, 27, -3.5], "size": [1, 3, 1], "uv": [96, 107]},
						{"origin": [2.5, 26.75, -3.4], "size": [1, 3, 1.4], "pivot": [3, 28.25, -2.75], "rotation": [0, 0, -5], "uv": [100, 107]},
						{"origin": [2, 25.5, -3.55], "size": [1, 4.25, 1], "pivot": [2.5, 28.25, -3], "rotation": [0, 0, -20], "uv": [79, 108]},
						{"origin": [3.25, 25.5, -3.2], "size": [1, 4.25, 2], "pivot": [3.75, 28.25, -2.75], "rotation": [0, 0, -15], "uv": [93, 111]},
						{"origin": [-4.375, 21.575, -2.65], "size": [1, 3, 1.4], "pivot": [-4.125, 25.075, -1.95], "rotation": [0, 0, -4], "uv": [4, 108]},
						{"origin": [-4.75, 22.75, -2.3], "size": [1, 5, 2.3], "pivot": [-4.25, 26.75, -3.7], "rotation": [-2.4905, -0.21782, 5.00473], "uv": [104, 100]},
						{"origin": [-5.55, 20.85, -2.3], "size": [1, 2, 2.3], "pivot": [-5.05, 26.1, -3.7], "rotation": [-2.38443, -0.75155, -7.48436], "uv": [16, 108]},
						{"origin": [-5.55, 19.85, -2.3], "size": [1, 1, 1.3], "pivot": [-5.05, 26.1, -3.7], "rotation": [-2.38443, -0.75155, -7.48436], "uv": [90, 37]},
						{"origin": [-5, 23.85, -3.3], "size": [1, 2, 2.3], "pivot": [-4.5, 23.85, -2.7], "rotation": [0, 0, 2.5], "uv": [62, 107]},
						{"origin": [-6.25, 22.85, 0.2], "size": [1, 3, 1], "pivot": [-5.75, 22.85, 0.8], "rotation": [0, 0, 35], "uv": [20, 108]},
						{"origin": [-5, 22.85, -3.3], "size": [1, 1, 1], "pivot": [-4.5, 23.85, -2.7], "rotation": [0, 0, 2.5], "uv": [98, 55]},
						{"origin": [-4.65, 25.725, -3.3], "size": [1, 3.5, 2.3], "pivot": [-4.15, 26.725, -2.7], "rotation": [0, 0, 15], "uv": [106, 0]},
						{"origin": [-4.875, 24.875, -2.15], "size": [1, 0, 0], "pivot": [-4.375, 26.875, -2.7], "rotation": [0, 0, 2.5], "uv": [0, 0]},
						{"origin": [0.75, 27.25, -4], "size": [1, 2, 1], "pivot": [0.25, 28.25, -3.25], "rotation": [-7.32417, -1.61888, -12.39638], "uv": [108, 110]},
						{"origin": [0.625, 26.525, -3.85], "size": [1, 2, 1.1], "pivot": [0.125, 27.525, -3], "rotation": [5.99554, 3.74196, 29.78729], "uv": [24, 111]},
						{"origin": [3.425, 22.575, -2.65], "size": [1, 2, 1.4], "pivot": [4.175, 25.075, -1.95], "rotation": [0, 0, 9], "uv": [28, 111]},
						{"origin": [4, 23.85, -3], "size": [1, 2, 2.3], "pivot": [4.5, 23.85, -2.4], "rotation": [0, 0, -2.5], "uv": [68, 107]},
						{"origin": [3.9, 20.225, -2.05], "size": [1, 3.5, 1.3], "pivot": [4.5, 26.975, -3.45], "rotation": [-2.34941, 0.85481, 9.98247], "uv": [80, 85]},
						{"origin": [-4.65, 18.725, -2.05], "size": [1, 3.5, 1.3], "pivot": [-4.25, 25.475, -3.45], "rotation": [-2.34941, -0.85481, -9.98247], "uv": [80, 85], "mirror": true},
						{"origin": [3.75, 22.75, -2.3], "size": [1, 5, 2.3], "pivot": [4.25, 26.75, -3.7], "rotation": [-2.4905, 0.21782, -5.00473], "uv": [106, 45]},
						{"origin": [5.25, 22.85, 0.2], "size": [1, 3, 1], "pivot": [5.75, 22.85, 0.8], "rotation": [0, 0, -35], "uv": [42, 108]},
						{"origin": [4.45, 12.33069, 7.79948], "size": [2, 3.5, 1], "pivot": [1.95, 12.83069, 8.29948], "rotation": [10.32967, 0, 0], "uv": [46, 108]},
						{"origin": [3.625, 14.90569, 6.89948], "size": [2, 6.75, 1], "pivot": [1.125, 18.65569, 7.39948], "rotation": [9.85108, 1.72794, -9.85108], "uv": [74, 100]},
						{"origin": [5.54085, 12.76186, 5.6461], "size": [1, 3.5, 2], "pivot": [6.04085, 14.76186, 6.6461], "rotation": [15.02717, -21.37786, -19.98266], "uv": [104, 77]},
						{"origin": [-4.5, 22, -2.5], "size": [1, 7, 7.5], "uv": [28, 17]},
						{"origin": [-5, 23, 2.5], "size": [1, 6, 2.5], "uv": [12, 102]},
						{"origin": [-9, 22, 5], "size": [1, 6, 2.5], "pivot": [-5, -1, 2.5], "rotation": [5, 0, 7.5], "uv": [102, 55]},
						{"origin": [-6.41949, 16.74299, 1.51968], "size": [1, 4, 1], "pivot": [-5.66949, 17.74299, 2.76968], "rotation": [-20.43192, -46.70141, 15.88288], "uv": [68, 79]},
						{"origin": [-11.55, 22.35, 5.5], "size": [1, 6, 2], "pivot": [-7.55, -0.65, 3], "rotation": [6.51543, 39.8173, 11.68273], "uv": [86, 94]},
						{"origin": [-6.29085, 17.51186, 3.6461], "size": [1, 5, 3], "pivot": [-5.79085, 19.51186, 4.6461], "rotation": [6.53661, 22.14976, 12.25205], "uv": [20, 35]},
						{"origin": [-5.79085, 15.76186, 5.1461], "size": [1, 5, 2], "pivot": [-5.29085, 17.76186, 6.1461], "rotation": [18.08813, 19.13974, 30.68724], "uv": [32, 99]},
						{"origin": [-6.54085, 12.76186, 5.6461], "size": [1, 3.5, 2], "pivot": [-6.04085, 14.76186, 6.6461], "rotation": [15.02717, 21.37786, 19.98266], "uv": [24, 104]},
						{"origin": [-7.04085, 13.51186, 3.9961], "size": [1, 5, 2], "pivot": [-6.54085, 15.51186, 4.9961], "rotation": [9.48556, 21.10271, 20.242], "uv": [62, 100]},
						{"origin": [-3.79146, 21.63103, 5.25], "size": [1.25, 7.725, 2], "pivot": [-3.29146, 26.38103, 6.25], "rotation": [90, 82.5, 97.82792], "uv": [66, 91]},
						{"origin": [-5, 24, 1.5], "size": [1, 5, 1], "uv": [44, 102]},
						{"origin": [-4.25, 21.75, -1.75], "size": [1, 1, 6.75], "uv": [57, 55]},
						{"origin": [3.25, 21.75, -1.75], "size": [1, 1, 6.75], "uv": [56, 54], "mirror": true},
						{"origin": [3.5, 22, -2.5], "size": [1, 7, 7.5], "uv": [28, 31]},
						{"origin": [4, 24, 1.5], "size": [1, 5, 1], "uv": [36, 106]},
						{"origin": [8, 22, 5], "size": [1, 6, 2.5], "pivot": [5, -1, 2.5], "rotation": [5, 0, -7.5], "uv": [86, 102]},
						{"origin": [4, 23, 2.5], "size": [1, 6, 2.5], "uv": [52, 103]},
						{"origin": [10.55, 22.35, 5.5], "size": [1, 6, 2], "pivot": [7.55, -0.65, 3], "rotation": [6.51543, -39.8173, -11.68273], "uv": [56, 95]},
						{"origin": [2.54146, 21.63103, 5.25], "size": [1.25, 7.725, 2], "pivot": [3.29146, 26.38103, 6.25], "rotation": [90, -82.5, -97.82792], "uv": [72, 91]},
						{"origin": [4.29449, 20.49299, 2.21968], "size": [2, 4, 1], "pivot": [5.54449, 21.49299, 3.46968], "rotation": [0.2508, 49.74086, -1.57006], "uv": [62, 95]},
						{"origin": [-6.29449, 20.49299, 2.21968], "size": [2, 4, 1], "pivot": [-5.54449, 21.49299, 3.46968], "rotation": [0.2508, -49.74086, 1.57006], "uv": [62, 95], "mirror": true},
						{"origin": [5.41949, 16.74299, 1.51968], "size": [1, 4, 1], "pivot": [5.66949, 17.74299, 2.76968], "rotation": [-20.43192, 46.70141, -15.88288], "uv": [74, 107]},
						{"origin": [5.29085, 17.51186, 3.6461], "size": [1, 5, 3], "pivot": [5.79085, 19.51186, 4.6461], "rotation": [6.53661, -22.14976, -12.25205], "uv": [58, 87]},
						{"origin": [6.04085, 13.51186, 3.9961], "size": [1, 5, 2], "pivot": [6.54085, 15.51186, 4.9961], "rotation": [9.48556, -21.10271, -20.242], "uv": [0, 136]},
						{"origin": [4.79085, 15.76186, 5.1461], "size": [1, 5, 2], "pivot": [5.29085, 17.76186, 6.1461], "rotation": [18.08813, -19.13974, -30.68724], "uv": [68, 100]}
					]
				},
				{
					"name": "Ear",
					"parent": "Head",
					"pivot": [3.56943, 30.06015, -0.35326]
				},
				{
					"name": "Left_ear3",
					"parent": "Ear",
					"pivot": [3.56943, 30.06015, -0.35326],
					"rotation": [175.29087, -4.44219, 120.58452],
					"cubes": [
						{"origin": [-27.6702, 33.43107, 7.88785], "size": [1.683, 1.452, 5.28], "pivot": [-22.50481, -25.26322, 0.45074], "rotation": [167.74077, 73.80435, -175.38615], "uv": [68, 85]},
						{"origin": [-3.87747, 29.14028, 12.90021], "size": [1.452, 2.409, 7.227], "pivot": [-21.86333, -25.34549, 1.35458], "rotation": [-86.70212, 73.36645, -75.83743], "uv": [0, 54]},
						{"origin": [-27.08327, 26.0881, 29.82363], "size": [1.419, 1.452, 4.356], "pivot": [-22.50481, -25.26322, 0.45074], "rotation": [-166.74452, 71.99091, -172.37418], "uv": [94, 12]},
						{"origin": [-22.37932, 21.25903, 35.87575], "size": [1.683, 1.32, 6.6], "pivot": [-22.50481, -25.26322, 0.45074], "rotation": [-143.81694, 77.13966, -158.67571], "uv": [72, 52]},
						{"origin": [-14.34085, 17.09693, 40.43145], "size": [1.617, 1.32, 8.052], "pivot": [-22.88109, -23.25642, 2.34414], "rotation": [16.63468, 75.49552, -5.60289], "uv": [0, 45]},
						{"origin": [-9.89958, 31.1902, 6.88988], "size": [1.617, 1.32, 9.372], "pivot": [-23.34042, -26.43897, 1.33196], "rotation": [-101.39567, 77.64667, -84.65604], "uv": [0, 35]},
						{"origin": [-23.13118, 6.89791, 50.84484], "size": [1.353, 1.32, 4.092], "pivot": [-23.91113, -23.13964, 1.83568], "rotation": [69.21155, 85.93231, 34.98354], "uv": [94, 17]},
						{"origin": [-24.16787, 23.73687, 38.0911], "size": [1.353, 1.32, 4.092], "pivot": [-21.52436, -22.33107, 1.67711], "rotation": [129.16826, 86.34408, 115.01883], "uv": [20, 94]},
						{"origin": [20.73327, -68.73736, -7.6303], "size": [1.32, 2.64, 1.32], "pivot": [-22.12828, -25.25428, 2.73909], "rotation": [9.98663, -0.52069, -109.54549], "uv": [96, 111]},
						{"origin": [-43.99726, 30.06415, -4.63235], "size": [1.32, 2.64, 1.32], "pivot": [-21.32056, -24.75044, 3.17552], "rotation": [-4.5877, 1.89227, 46.84607], "uv": [100, 111]},
						{"origin": [-54.53692, 22.41644, 9.72209], "size": [4.224, 7.92, 1.32], "pivot": [-20.98124, -26.82765, 2.98295], "rotation": [5.89276, -9.10941, 53.93983], "uv": [48, 84]}
					]
				},
				{
					"name": "Right_ear3",
					"parent": "Ear",
					"pivot": [-3.56943, 30.06015, -0.35326],
					"rotation": [175.29087, 4.44219, -120.58452],
					"cubes": [
						{"origin": [21.77818, 6.89791, 50.84484], "size": [1.353, 1.32, 4.092], "pivot": [23.91113, -23.13964, 1.83568], "rotation": [69.21155, -85.93231, -34.98354], "uv": [30, 94]},
						{"origin": [25.9872, 33.43107, 7.88785], "size": [1.683, 1.452, 5.28], "pivot": [22.50481, -25.26322, 0.45074], "rotation": [167.74077, -73.80435, 175.38615], "uv": [86, 6]},
						{"origin": [2.42547, 29.14028, 12.90021], "size": [1.452, 2.409, 7.227], "pivot": [21.86333, -25.34549, 1.35458], "rotation": [-86.70212, -73.36645, 75.83743], "uv": [54, 0]},
						{"origin": [25.66427, 26.0881, 29.82363], "size": [1.419, 1.452, 4.356], "pivot": [22.50481, -25.26322, 0.45074], "rotation": [-166.74452, -71.99091, 172.37418], "uv": [94, 30]},
						{"origin": [20.69632, 21.25903, 35.87575], "size": [1.683, 1.32, 6.6], "pivot": [22.50481, -25.26322, 0.45074], "rotation": [-143.81694, -77.13966, 158.67571], "uv": [58, 72]},
						{"origin": [12.72385, 17.09693, 40.43145], "size": [1.617, 1.32, 8.052], "pivot": [22.88109, -23.25642, 2.34414], "rotation": [16.63468, -75.49552, 5.60289], "uv": [18, 45]},
						{"origin": [8.28258, 31.1902, 6.88988], "size": [1.617, 1.32, 9.372], "pivot": [23.34042, -26.43897, 1.33196], "rotation": [-101.39567, -77.64667, 84.65604], "uv": [44, 17]},
						{"origin": [22.81487, 23.73687, 38.0911], "size": [1.353, 1.32, 4.092], "pivot": [21.52436, -22.33107, 1.67711], "rotation": [129.16826, -86.34408, -115.01883], "uv": [94, 77]},
						{"origin": [-22.05327, -68.73736, -7.6303], "size": [1.32, 2.64, 1.32], "pivot": [22.12828, -25.25428, 2.73909], "rotation": [9.98663, 0.52069, 109.54549], "uv": [104, 111]},
						{"origin": [42.67726, 30.06415, -4.63235], "size": [1.32, 2.64, 1.32], "pivot": [21.32056, -24.75044, 3.17552], "rotation": [-4.5877, -1.89227, -46.84607], "uv": [0, 112]},
						{"origin": [50.31292, 22.41644, 9.72209], "size": [4.224, 7.92, 1.32], "pivot": [20.98124, -26.82765, 2.98295], "rotation": [5.89276, 9.10941, -53.93983], "uv": [24, 86]}
					]
				},
				{
					"name": "Mask",
					"parent": "Head",
					"pivot": [5.89879, 24.16682, -0.26555],
					"rotation": [0, -90, 0],
					"cubes": [
						{"origin": [5.34903, 23.50662, -1.11707], "size": [1.1, 2.3, 1.1], "pivot": [5.34903, 25.80662, -0.56707], "rotation": [-5, 0, 0], "uv": [74, 125]},
						{"origin": [3.67848, 23.47672, -0.55533], "size": [2.2, 2.3, 1.1], "pivot": [4.77848, 25.77672, -0.00533], "rotation": [-5.3191, 19.92066, -1.81693], "uv": [120, 120]},
						{"origin": [4.98268, 24.29159, -1.2482], "size": [1.15, 2.8, 1.425], "inflate": -0.3, "pivot": [5.9389, 26.45343, 0.01884], "rotation": [5.22206, 20.68502, -5.22206], "uv": [126, 117]},
						{"origin": [3.04591, 24.90418, -1.2282], "size": [3.2, 2.1, 1.275], "inflate": -0.5, "pivot": [5.9389, 26.45343, 0.01884], "rotation": [7.97532, 19.82169, 2.71994], "uv": [118, 99]},
						{"origin": [3.32091, 26.00418, -1.2282], "size": [2.595, 2.1, 1.275], "inflate": -0.5, "pivot": [5.9389, 26.45343, 0.01884], "rotation": [7.97532, 19.82169, 2.71994], "uv": [124, 59]},
						{"origin": [3.76091, 27.10418, -1.2282], "size": [1.66, 1.66, 1.275], "inflate": -0.5, "pivot": [5.9389, 26.45343, 0.01884], "rotation": [7.97532, 19.82169, 2.71994], "uv": [128, 8]},
						{"origin": [5.07382, 26.50756, -1.2207], "size": [1.15, 2.8, 1.425], "inflate": -0.3, "pivot": [5.9389, 26.45343, 0.01884], "rotation": [-0.56425, 21.29884, -21.28182], "uv": [126, 120]},
						{"origin": [3.12263, 25.58364, -1.2482], "size": [1.15, 2.8, 1.425], "inflate": -0.3, "pivot": [5.9389, 26.45343, 0.01884], "rotation": [16.29546, 13.91663, 30.82639], "uv": [16, 127]},
						{"origin": [3.06775, 25.26667, -1.2207], "size": [1.15, 1.7, 1.425], "inflate": -0.3, "pivot": [5.9389, 26.45343, 0.01884], "rotation": [11.3747, 18.1362, 13.14556], "uv": [128, 15]},
						{"origin": [2.92412, 22.6181, -1.2482], "size": [1.15, 4.3, 1.425], "inflate": -0.3, "pivot": [5.9389, 26.45343, 0.01884], "rotation": [3.31961, 21.05766, -10.55857], "uv": [36, 127]},
						{"origin": [5.67083, 24.2818, -1.22092], "size": [1.15, 2.8, 1.425], "inflate": -0.3, "pivot": [5.9389, 26.45343, 0.01884], "rotation": [5.22206, -20.68502, 5.22206], "uv": [86, 127]},
						{"origin": [5.58475, 26.47888, -1.19342], "size": [1.15, 2.8, 1.425], "inflate": -0.3, "pivot": [5.9389, 26.45343, 0.01884], "rotation": [-0.56425, -21.29884, 21.28182], "uv": [90, 127]},
						{"origin": [7.5387, 25.61824, -1.22092], "size": [1.15, 2.8, 1.425], "inflate": -0.3, "pivot": [5.9389, 26.45343, 0.01884], "rotation": [16.29546, -13.91663, -30.82639], "uv": [94, 127]},
						{"origin": [7.58625, 25.27968, -1.19342], "size": [1.15, 1.7, 1.425], "inflate": -0.3, "pivot": [5.9389, 26.45343, 0.01884], "rotation": [11.3747, -18.1362, -13.14556], "uv": [128, 35]},
						{"origin": [5.55696, 24.90418, -1.20092], "size": [3.2, 2.1, 1.275], "inflate": -0.5, "pivot": [5.9389, 26.45343, 0.01884], "rotation": [7.97532, -19.82169, -2.71994], "uv": [118, 108]},
						{"origin": [5.85946, 26.00418, -1.20092], "size": [2.6225, 2.1, 1.275], "inflate": -0.5, "pivot": [5.9389, 26.45343, 0.01884], "rotation": [7.97532, -19.82169, -2.71994], "uv": [124, 62]},
						{"origin": [6.38196, 27.10418, -1.20092], "size": [1.66, 1.66, 1.275], "inflate": -0.5, "pivot": [5.9389, 26.45343, 0.01884], "rotation": [7.97532, -19.82169, -2.71994], "uv": [128, 37]},
						{"origin": [7.73052, 22.60188, -1.22092], "size": [1.15, 4.3, 1.425], "inflate": -0.3, "pivot": [5.9389, 26.45343, 0.01884], "rotation": [3.31961, -21.05766, 10.55857], "uv": [98, 127]},
						{"origin": [3.31987, 23.59869, -0.38791], "size": [1.1, 2.05, 1.1], "pivot": [4.36487, 25.64869, 0.13459], "rotation": [-8.80468, 18.6876, -12.33369], "uv": [78, 125]},
						{"origin": [5.91958, 23.47672, -0.55533], "size": [2.2, 2.3, 1.1], "pivot": [7.01958, 25.77672, -0.00533], "rotation": [-5.3191, -19.92066, 1.81693], "uv": [0, 121]},
						{"origin": [7.37818, 23.59869, -0.38791], "size": [1.1, 2.05, 1.1], "pivot": [7.43318, 25.64869, 0.13459], "rotation": [-8.80468, -18.6876, 12.33369], "uv": [82, 125]},
						{"origin": [4.73653, 23.14895, -3.4001], "size": [2.325, 2.1, 1.825], "inflate": -0.5, "pivot": [5.21153, 23.04395, -2.0176], "rotation": [-82.5, 0, 0], "uv": [113, 128]},
						{"origin": [5.08653, 22.89895, -3.5001], "size": [1.625, 1.65, 1.725], "inflate": -0.5, "pivot": [5.21153, 23.04395, -2.0176], "rotation": [-82.5, 0, 0], "uv": [118, 130]},
						{"origin": [5.09903, 22.27886, 0.37581], "size": [1.6, 1.7, 1.1], "pivot": [5.34903, 20.57886, 0.92581], "rotation": [30, 0, 0], "uv": [116, 127]},
						{"origin": [4.22475, 22.59312, -0.05775], "size": [1.9, 1.7, 1.35], "pivot": [4.98475, 22.19312, 0.93475], "rotation": [37.0045, 33.82584, 22.76048], "uv": [119, 114]},
						{"origin": [5.6733, 22.59312, -0.05775], "size": [1.9, 1.7, 1.35], "pivot": [6.8133, 22.19312, 0.93475], "rotation": [37.0045, -33.82584, -22.76048], "uv": [121, 8]}
					]
				},
				{
					"name": "yan",
					"parent": "Mask",
					"pivot": [4.903, 24.24609, -0.27883],
					"cubes": [
						{"origin": [4.128, 23.60859, -1.32883], "size": [1.55, 1.275, 2.1], "inflate": -0.5, "pivot": [4.903, 24.24609, -0.27883], "rotation": [11.60971, 17.12421, 48.37164], "uv": [122, 39]},
						{"origin": [3.16907, 23.77472, -1.26537], "size": [2.1, 1.275, 2.1], "inflate": -0.5, "pivot": [4.76907, 24.41222, -0.21537], "rotation": [3.97225, 20.22023, 24.82639], "uv": [118, 93]},
						{"origin": [6.52898, 23.77472, -1.26537], "size": [2.1, 1.275, 2.1], "inflate": -0.5, "pivot": [7.02898, 24.41222, -0.21537], "rotation": [3.97225, -20.22023, -24.82639], "uv": [118, 96]},
						{"origin": [6.12006, 23.60859, -1.32883], "size": [1.55, 1.275, 2.1], "inflate": -0.5, "pivot": [6.89506, 24.24609, -0.27883], "rotation": [11.60971, -17.12421, -48.37164], "uv": [60, 122]}
					]
				},
				{
					"name": "mei",
					"parent": "yan",
					"pivot": [7.82088, 24.97832, 0.13174],
					"cubes": [
						{"origin": [7.23838, 24.25832, -0.91826], "size": [1.5225, 1.3575, 2.1], "inflate": -0.5, "pivot": [7.82088, 24.97832, 0.13174], "rotation": [13.75252, -15.47524, -55.99529], "uv": [124, 25]},
						{"origin": [6.52898, 23.99472, -1.23787], "size": [1.99, 1.275, 2.1], "inflate": -0.5, "pivot": [7.02898, 24.63222, -0.18787], "rotation": [3.97225, -20.22023, -24.82639], "uv": [124, 28]},
						{"origin": [5.90006, 23.82859, -1.30133], "size": [1.77, 1.275, 2.1], "inflate": -0.5, "pivot": [6.89506, 24.46609, -0.25133], "rotation": [11.60971, -17.12421, -48.37164], "uv": [124, 42]},
						{"origin": [6.72148, 24.46222, -1.23787], "size": [1.715, 1.165, 2.1], "inflate": -0.5, "pivot": [7.05648, 24.54972, -0.18787], "rotation": [3.97225, -20.22023, -24.82639], "uv": [124, 45]},
						{"origin": [3.77608, 24.07615, -1.42309], "size": [1.715, 1.165, 2.1], "inflate": -0.5, "pivot": [5.15608, 24.16365, -0.37309], "rotation": [8.40224, 18.86669, 38.01627], "uv": [54, 122]},
						{"origin": [3.36157, 24.46222, -1.23787], "size": [1.715, 1.165, 2.1], "inflate": -0.5, "pivot": [4.74157, 24.54972, -0.18787], "rotation": [3.97225, 20.22023, 24.82639], "uv": [122, 53]},
						{"origin": [4.128, 23.82859, -1.30133], "size": [1.77, 1.275, 2.1], "inflate": -0.5, "pivot": [4.903, 24.46609, -0.25133], "rotation": [11.60971, 17.12421, 48.37164], "uv": [42, 122]},
						{"origin": [3.27907, 23.99472, -1.23787], "size": [1.99, 1.275, 2.1], "inflate": -0.5, "pivot": [4.76907, 24.63222, -0.18787], "rotation": [3.97225, 20.22023, 24.82639], "uv": [48, 122]},
						{"origin": [3.03717, 24.25832, -0.91826], "size": [1.5225, 1.3575, 2.1], "inflate": -0.5, "pivot": [3.97717, 24.97832, 0.13174], "rotation": [13.75252, 15.47524, 55.99529], "uv": [122, 56]},
						{"origin": [6.30697, 24.07615, -1.42309], "size": [1.715, 1.165, 2.1], "inflate": -0.5, "pivot": [6.64197, 24.16365, -0.37309], "rotation": [8.40224, -18.86669, -38.01627], "uv": [124, 48]}
					]
				},
				{
					"name": "mao",
					"parent": "Mask",
					"pivot": [3.9886, 23.64576, -0.21716],
					"cubes": [
						{"origin": [3.1061, 22.59576, -1.21216], "size": [2.1, 1.275, 1.165], "inflate": -0.5, "pivot": [4.2386, 23.64576, -0.21716], "rotation": [-67.27655, 26.78672, 24.13528], "uv": [98, 125]},
						{"origin": [3.23041, 22.32444, -0.9573], "size": [2.1, 1.275, 1.165], "inflate": -0.5, "pivot": [3.73041, 23.29194, 0.0927], "rotation": [-75.27235, 31.63886, 7.85085], "uv": [86, 125]},
						{"origin": [3.25791, 22.32444, -0.4348], "size": [2.1, 1.275, 1.165], "inflate": -0.5, "pivot": [3.73041, 23.29194, 0.0927], "rotation": [-84.91304, 34.24329, -9.77531], "uv": [92, 125]},
						{"origin": [6.59195, 22.59576, -1.21216], "size": [2.1, 1.275, 1.165], "inflate": -0.5, "pivot": [7.55945, 23.64576, -0.21716], "rotation": [-67.27655, -26.78672, -24.13528], "uv": [126, 11]},
						{"origin": [6.46765, 22.32444, -0.9573], "size": [2.1, 1.275, 1.165], "inflate": -0.5, "pivot": [8.06765, 23.29194, 0.0927], "rotation": [-75.27235, -31.63886, -7.85085], "uv": [126, 13]},
						{"origin": [6.44015, 22.32444, -0.4348], "size": [2.1, 1.275, 1.165], "inflate": -0.5, "pivot": [8.06765, 23.29194, 0.0927], "rotation": [-84.91304, -34.24329, 9.77531], "uv": [126, 18]}
					]
				},
				{
					"name": "zui",
					"parent": "Mask",
					"pivot": [5.34903, 20.47886, 0.37581],
					"cubes": [
						{"origin": [4.79403, 22.42886, -0.57919], "size": [2.21, 1.275, 1.95], "inflate": -0.5, "pivot": [5.34903, 20.47886, 0.37581], "rotation": [30, 0, 0], "uv": [119, 112]},
						{"origin": [6.15466, 22.54642, -0.83003], "size": [1.725, 1.275, 2.1], "inflate": -0.5, "pivot": [7.35466, 22.71142, 0.21997], "rotation": [45.37368, -19.19793, -41.22834], "uv": [109, 124]},
						{"origin": [5.72808, 22.06791, -1.46426], "size": [1.6, 1.275, 2.1], "inflate": -0.5, "pivot": [6.61308, 22.56541, -0.41426], "rotation": [15.69891, -46.43949, 9.59009], "uv": [120, 5]},
						{"origin": [5.2408, 22.36312, -1.36275], "size": [1.375, 1.275, 2.1], "inflate": -0.5, "pivot": [6.8133, 22.94312, -0.06525], "rotation": [32.52586, -38.10985, -15.14773], "uv": [114, 124]},
						{"origin": [5.18225, 22.36312, -1.36275], "size": [1.375, 1.275, 2.1], "inflate": -0.5, "pivot": [4.98475, 22.94312, -0.06525], "rotation": [32.52586, 38.10985, 15.14773], "uv": [124, 65]},
						{"origin": [4.46998, 22.06791, -1.46426], "size": [1.6, 1.275, 2.1], "inflate": -0.5, "pivot": [5.18498, 22.56541, -0.41426], "rotation": [15.69891, 46.43949, -9.59009], "uv": [119, 117]},
						{"origin": [3.9184, 22.54642, -0.83003], "size": [1.725, 1.275, 2.1], "inflate": -0.5, "pivot": [4.4434, 22.71142, 0.21997], "rotation": [45.37368, 19.19793, 41.22834], "uv": [125, 79]}
					]
				},
				{
					"name": "RightShoulderLocator",
					"parent": "Head",
					"pivot": [-3, 28.7, 0]
				},
				{
					"name": "LeftShoulderLocator",
					"parent": "Head",
					"pivot": [3, 28.7, 0]
				},
				{
					"name": "Arm",
					"parent": "UpperBody",
					"pivot": [0, 19.5, 1.75416]
				},
				{
					"name": "RightArm",
					"parent": "Arm",
					"pivot": [-2.54795, 19.5, 1.75416],
					"cubes": [
						{"origin": [-7.3247, 15.69122, 0.025], "size": [3, 5, 3], "pivot": [-5.03426, 15.22721, 1.525], "rotation": [0, 0, 30], "uv": [64, 62]},
						{"origin": [-7.98795, 17.62761, -0.025], "size": [3, 3, 3.275], "pivot": [-5.53426, 15.47721, 1.5], "rotation": [0, 0, 30], "uv": [36, 84]},
						{"origin": [-8.39096, 20.37319, -0.2], "size": [3, 1, 3.6], "pivot": [-5.28426, 15.47721, 1.4], "rotation": [0, 0, 30], "uv": [34, 90]}
					]
				},
				{
					"name": "RightForeArm",
					"parent": "RightArm",
					"pivot": [-5.53426, 16.22721, 1.5],
					"cubes": [
						{"origin": [-3.00935, 9.31227, -0.25], "size": [2, 1, 3.5], "pivot": [-5.03426, 15.22721, 1.5], "rotation": [0, 0, 19.75], "uv": [96, 88]},
						{"origin": [-7.3247, 11.69122, 0.025], "size": [3, 4, 3], "pivot": [-5.03426, 15.22721, 1.525], "rotation": [0, 0, 30], "uv": [96, 135]},
						{"origin": [-2.43872, 12.58385, 0.1], "size": [3.5, 1.175, 2.8], "pivot": [-5.03426, 15.22721, 1.5], "rotation": [0, 0, 57.5], "uv": [98, 9]},
						{"origin": [-4.42031, 13.95754, 0.075], "size": [4.5, 1.5, 2.875], "pivot": [-5.03426, 15.22721, 1.5], "rotation": [0, 0, 90], "uv": [8, 94]},
						{"origin": [-7.09333, 10.40159, -0.25], "size": [6, 1, 3.5], "pivot": [-5.03426, 15.22721, 1.5], "rotation": [0, 0, 40], "uv": [64, 21]},
						{
							"origin": [-4.74795, 8.55, -0.24584],
							"size": [1, 7, 3.475],
							"pivot": [-4.64795, 9.55, 1.75416],
							"rotation": [0, 0, -47.5],
							"uv": {
								"north": {"uv": [2, 0], "uv_size": [-1, 7]},
								"east": {"uv": [6.95, 0], "uv_size": [-3.475, 7]},
								"south": {"uv": [2, 0], "uv_size": [-1, 7]},
								"west": {"uv": [6.95, 0], "uv_size": [-3.475, 7]},
								"up": {"uv": [1, 3.475], "uv_size": [1, -3.475]},
								"down": {"uv": [1, 3.475], "uv_size": [1, -3.475]}
							}
						}
					]
				},
				{
					"name": "Rightquan",
					"parent": "RightForeArm",
					"pivot": [-8.28055, 11.18536, 1.5],
					"cubes": [
						{"origin": [-7.3247, 8.51622, 0], "size": [3, 3.175, 3], "pivot": [-5.03426, 15.22721, 1.5], "rotation": [0, 0, 30], "uv": [0, 129]}
					]
				},
				{
					"name": "rightkouzi",
					"parent": "RightForeArm",
					"pivot": [-6.29795, 7.75, 6.25416],
					"rotation": [0, 0, 45],
					"cubes": [
						{"origin": [-12.36646, 10.57006, -0.3], "size": [1.7, 1.1, 1.61], "inflate": -0.3, "pivot": [-9.87763, 11.29186, 1.825], "rotation": [0, 0, 11], "uv": [128, 39], "mirror": true},
						{"origin": [-10.78008, 10.71265, -0.3], "size": [1.7, 1.1, 1.61], "inflate": -0.3, "pivot": [-9.87763, 11.29186, 1.825], "rotation": [0, 0, 4], "uv": [128, 53], "mirror": true},
						{"origin": [-9.09799, 10.69785, -0.3], "size": [1.7, 1.1, 1.61], "inflate": -0.3, "pivot": [-9.87763, 11.49186, 1.825], "rotation": [0, 0, -3.5], "uv": [128, 55], "mirror": true},
						{"origin": [-12.36646, 10.57006, 1.74], "size": [1.7, 1.1, 1.61], "inflate": -0.3, "pivot": [-9.87763, 11.29186, 1.225], "rotation": [0, 0, 11], "uv": [128, 57], "mirror": true},
						{"origin": [-10.78008, 10.71265, 1.74], "size": [1.7, 1.1, 1.61], "inflate": -0.3, "pivot": [-9.87763, 11.29186, 1.225], "rotation": [0, 0, 4], "uv": [120, 128], "mirror": true},
						{"origin": [-9.09799, 10.69785, 1.74], "size": [1.7, 1.1, 1.61], "inflate": -0.3, "pivot": [-9.87763, 11.49186, 1.225], "rotation": [0, 0, -3.5], "uv": [128, 123], "mirror": true}
					]
				},
				{
					"name": "RightHand",
					"parent": "RightForeArm",
					"pivot": [-8.3, 11.15, 1.35],
					"cubes": [
						{"origin": [-8.8, 10.65, 0.85], "size": [1, 1, 1], "pivot": [-8.3, 11.15, 1.35], "rotation": [0, 0, 30], "uv": [124, 128], "mirror": true}
					]
				},
				{
					"name": "LeftWaistLocator2",
					"parent": "RightHand",
					"pivot": [-8.3, 11.15, 1.35]
				},
				{
					"name": "RightHandLocator",
					"parent": "RightHand",
					"pivot": [-8.3, 11.15, 1.35]
				},
				{
					"name": "SheathLocator2",
					"parent": "RightHand",
					"pivot": [-8.3, 11.15, 1.35]
				},
				{
					"name": "LeftArm",
					"parent": "Arm",
					"pivot": [2.54795, 19.5, 1.75416],
					"cubes": [
						{"origin": [4.3247, 15.69122, 0.025], "size": [3, 5, 3], "pivot": [5.03426, 15.22721, 1.525], "rotation": [0, 0, -30], "uv": [64, 62], "mirror": true},
						{"origin": [4.98795, 17.62761, -0.025], "size": [3, 3, 3.275], "pivot": [5.53426, 15.47721, 1.5], "rotation": [0, 0, -30], "uv": [36, 84], "mirror": true},
						{"origin": [5.39096, 20.37319, -0.2], "size": [3, 1, 3.6], "pivot": [5.28426, 15.47721, 1.4], "rotation": [0, 0, -30], "uv": [34, 90], "mirror": true}
					]
				},
				{
					"name": "LeftForeArm",
					"parent": "LeftArm",
					"pivot": [5.53426, 16.22721, 1.5],
					"cubes": [
						{"origin": [1.00935, 9.31227, -0.25], "size": [2, 1, 3.5], "pivot": [5.03426, 15.22721, 1.5], "rotation": [0, 0, -19.75], "uv": [96, 88], "mirror": true},
						{"origin": [4.3247, 11.69122, 0.025], "size": [3, 4, 3], "pivot": [5.03426, 15.22721, 1.525], "rotation": [0, 0, -30], "uv": [15, 135], "mirror": true},
						{"origin": [-1.06128, 12.58385, 0.1], "size": [3.5, 1.175, 2.8], "pivot": [5.03426, 15.22721, 1.5], "rotation": [0, 0, -57.5], "uv": [98, 9], "mirror": true},
						{"origin": [-0.07969, 13.95754, 0.075], "size": [4.5, 1.5, 2.875], "pivot": [5.03426, 15.22721, 1.5], "rotation": [0, 0, -90], "uv": [8, 94], "mirror": true},
						{"origin": [1.09333, 10.40159, -0.25], "size": [6, 1, 3.5], "pivot": [5.03426, 15.22721, 1.5], "rotation": [0, 0, -40], "uv": [64, 21], "mirror": true},
						{
							"origin": [3.74795, 8.55, -0.24584],
							"size": [1, 7, 3.475],
							"pivot": [4.64795, 9.55, 1.75416],
							"rotation": [0, 0, 47.5],
							"uv": {
								"north": {"uv": [1, 0], "uv_size": [1, 7]},
								"east": {"uv": [3.475, 0], "uv_size": [3.475, 7]},
								"south": {"uv": [1, 0], "uv_size": [1, 7]},
								"west": {"uv": [3.475, 0], "uv_size": [3.475, 7]},
								"up": {"uv": [2, 3.475], "uv_size": [-1, -3.475]},
								"down": {"uv": [2, 3.475], "uv_size": [-1, -3.475]}
							}
						}
					]
				},
				{
					"name": "Leftquan",
					"parent": "LeftForeArm",
					"pivot": [8.28055, 11.18536, 1.5],
					"cubes": [
						{"origin": [4.3247, 8.51622, 0], "size": [3, 3.175, 3], "pivot": [5.03426, 15.22721, 1.5], "rotation": [0, 0, -30], "uv": [0, 129], "mirror": true}
					]
				},
				{
					"name": "leftkouzi",
					"parent": "LeftForeArm",
					"pivot": [6.29795, 7.75, 6.25416],
					"rotation": [0, 0, -45],
					"cubes": [
						{"origin": [10.66646, 10.57006, -0.3], "size": [1.7, 1.1, 1.61], "inflate": -0.3, "pivot": [9.87763, 11.29186, 1.825], "rotation": [0, 0, -11], "uv": [128, 39]},
						{"origin": [9.08008, 10.71265, -0.3], "size": [1.7, 1.1, 1.61], "inflate": -0.3, "pivot": [9.87763, 11.29186, 1.825], "rotation": [0, 0, -4], "uv": [128, 53]},
						{"origin": [7.39799, 10.69785, -0.3], "size": [1.7, 1.1, 1.61], "inflate": -0.3, "pivot": [9.87763, 11.49186, 1.825], "rotation": [0, 0, 3.5], "uv": [128, 55]},
						{"origin": [10.66646, 10.57006, 1.74], "size": [1.7, 1.1, 1.61], "inflate": -0.3, "pivot": [9.87763, 11.29186, 1.225], "rotation": [0, 0, -11], "uv": [128, 57]},
						{"origin": [9.08008, 10.71265, 1.74], "size": [1.7, 1.1, 1.61], "inflate": -0.3, "pivot": [9.87763, 11.29186, 1.225], "rotation": [0, 0, -4], "uv": [120, 128]},
						{"origin": [7.39799, 10.69785, 1.74], "size": [1.7, 1.1, 1.61], "inflate": -0.3, "pivot": [9.87763, 11.49186, 1.225], "rotation": [0, 0, 3.5], "uv": [128, 123]}
					]
				},
				{
					"name": "LeftHand",
					"parent": "LeftForeArm",
					"pivot": [8.3, 11.15, 1.35],
					"cubes": [
						{"origin": [7.8, 10.65, 0.85], "size": [1, 1, 1], "pivot": [8.3, 11.15, 1.35], "rotation": [0, 0, -30], "uv": [124, 128]}
					]
				},
				{
					"name": "LeftHandLocator",
					"parent": "LeftHand",
					"pivot": [8.3, 11.15, 1.35],
					"rotation": [0, 0, -30]
				},
				{
					"name": "LeftWaistLocator",
					"parent": "LeftHand",
					"pivot": [8.3, 11.15, 1.35],
					"rotation": [0, 0, -30]
				},
				{
					"name": "SheathLocator",
					"parent": "LeftHand",
					"pivot": [8.3, 11.15, 1.35],
					"rotation": [0, 0, -30]
				},
				{
					"name": "Elytra",
					"parent": "UpperBody",
					"pivot": [0, 20.9644, 7]
				},
				{
					"name": "ElytraLocator",
					"parent": "Elytra",
					"pivot": [0, 20.9644, 7]
				},
				{
					"name": "RifleLocator",
					"parent": "UpperBody",
					"pivot": [0, 17.15, 6.3],
					"rotation": [0, 0, 45]
				},
				{
					"name": "PistolLocator",
					"parent": "UpperBody",
					"pivot": [-3.5, 13.75, 0.4],
					"rotation": [-30, 0, 0]
				},
				{
					"name": "RightWaistLocator",
					"parent": "UpperBody",
					"pivot": [-3.5, 15, 0.5],
					"rotation": [-5, 0, 0]
				},
				{
					"name": "BackpackLocator",
					"parent": "UpperBody",
					"pivot": [0, 19, 6]
				},
				{
					"name": "clothe",
					"parent": "UpBody",
					"pivot": [0.11315, 9.23914, 1.00366]
				},
				{
					"name": "RightClothe",
					"parent": "clothe",
					"pivot": [-2.2781, 9.95361, -0.31174]
				},
				{
					"name": "RM",
					"parent": "RightClothe",
					"pivot": [-2.2781, 9.95361, -0.31174],
					"cubes": [
						{"origin": [-8.44381, 10.69384, -1], "size": [4.825, 1, 5], "pivot": [-2.2781, 9.95361, -0.31174], "rotation": [0, 0, -70], "uv": [36, 46]},
						{"origin": [-3.61881, 10.69384, 0], "size": [5.5, 1, 3], "pivot": [-2.2781, 9.95361, -0.31174], "rotation": [0, 0, -70], "uv": [8, 27]}
					]
				},
				{
					"name": "RF",
					"parent": "RightClothe",
					"pivot": [-2.2781, 9.95361, -0.31174],
					"cubes": [
						{"origin": [-3.91116, 3.7675, -0.43492], "size": [1, 10.35, 1], "pivot": [-2.2781, 9.95361, -0.31174], "rotation": [-14.30924, 2.66436, 19.98323], "uv": [52, 92]}
					]
				},
				{
					"name": "RB",
					"parent": "RightClothe",
					"pivot": [-2.2781, 9.95361, 3.31174],
					"cubes": [
						{"origin": [-3.91116, 3.7675, 2.43492], "size": [1, 10.35, 1], "pivot": [-2.2781, 9.95361, 3.31174], "rotation": [14.30924, -2.66436, 19.98323], "uv": [92, 89]}
					]
				},
				{
					"name": "LeftClothe",
					"parent": "clothe",
					"pivot": [2.2781, 9.95361, -0.31174]
				},
				{
					"name": "LM",
					"parent": "LeftClothe",
					"pivot": [2.2781, 9.95361, -0.31174],
					"cubes": [
						{"origin": [-1.88119, 10.69384, 0], "size": [5.5, 1, 3], "pivot": [2.2781, 9.95361, -0.31174], "rotation": [0, 0, 70], "uv": [88, 60]},
						{"origin": [3.61881, 10.69384, -1], "size": [4.825, 1, 5], "pivot": [2.2781, 9.95361, -0.31174], "rotation": [0, 0, 70], "uv": [37, 52]}
					]
				},
				{
					"name": "LB",
					"parent": "LeftClothe",
					"pivot": [2.2781, 9.95361, 3.31174],
					"cubes": [
						{"origin": [2.91116, 3.7675, 2.43492], "size": [1, 10.35, 1], "pivot": [2.2781, 9.95361, 3.31174], "rotation": [14.30924, 2.66436, -19.98323], "uv": [4, 93]}
					]
				},
				{
					"name": "LF",
					"parent": "LeftClothe",
					"pivot": [2.2781, 9.95361, -0.31174],
					"cubes": [
						{"origin": [2.91116, 3.7675, -0.43492], "size": [1, 10.35, 1], "pivot": [2.2781, 9.95361, -0.31174], "rotation": [-14.30924, -2.66436, -19.98323], "uv": [0, 93]}
					]
				},
				{
					"name": "FrontClothe",
					"parent": "clothe",
					"pivot": [-2.2781, 9.95361, -0.31174]
				},
				{
					"name": "FFM",
					"parent": "FrontClothe",
					"pivot": [-2.2781, 9.95361, -0.56174],
					"cubes": [
						{"origin": [-1.5, 11.81056, -1.6933], "size": [4, 2, 1], "pivot": [-2.2781, 9.95361, -0.56174], "rotation": [-15, 0, 0], "uv": [72, 14]},
						{"origin": [-3.36467, 5.87061, -1.65285], "size": [2, 8, 1], "pivot": [-2.2781, 9.95361, -0.56174], "rotation": [-14.52885, 0.79426, 12.71648], "uv": [46, 92]},
						{"origin": [1, 4.51056, -1.5933], "size": [2, 8.05, 1], "pivot": [-0.7781, 9.70361, -0.46174], "rotation": [-14.78217, -2.57594, -9.6658], "uv": [14, 77]},
						{"origin": [-2.5, 4.81056, -1.6933], "size": [5, 7, 1], "pivot": [-2.2781, 9.95361, -0.56174], "rotation": [-15, 0, 0], "uv": [12, 77]}
					]
				},
				{
					"name": "FM",
					"parent": "FrontClothe",
					"pivot": [-2.2781, 9.95361, -0.31174],
					"cubes": [
						{"origin": [-3.5, 3.81056, -1.4433], "size": [7, 3, 1], "pivot": [-2.2781, 9.95361, -0.31174], "rotation": [-15, 0, 0], "uv": [14, 73]},
						{"origin": [-2.5, 6.81056, -1.4433], "size": [5, 5, 1], "pivot": [-2.2781, 9.95361, -0.31174], "rotation": [-15, 0, 0], "uv": [82, 31]},
						{"origin": [-1.5, 11.81056, -1.4433], "size": [3, 2, 1], "pivot": [-2.2781, 9.95361, -0.31174], "rotation": [-15, 0, 0], "uv": [106, 5]}
					]
				},
				{
					"name": "FR",
					"parent": "FrontClothe",
					"pivot": [-2.2781, 9.95361, -0.31174],
					"cubes": [
						{"origin": [-3.86467, 7.87061, -1.40285], "size": [2.5, 6, 1], "pivot": [-2.2781, 9.95361, -0.31174], "rotation": [-14.30924, 2.66436, 19.98323], "uv": [80, 100]},
						{"origin": [-3.86467, 3.77061, -1.40285], "size": [2.5, 4.1, 1], "pivot": [-2.2781, 9.95361, -0.31174], "rotation": [-14.30924, 2.66436, 19.98323], "uv": [106, 52]}
					]
				},
				{
					"name": "FL",
					"parent": "FrontClothe",
					"pivot": [2.2781, 9.95361, -0.31174],
					"cubes": [
						{"origin": [1.36467, 7.87061, -1.40285], "size": [2.5, 6, 1], "pivot": [2.2781, 9.95361, -0.31174], "rotation": [-14.30924, -2.66436, -19.98323], "uv": [98, 100]},
						{"origin": [1.36467, 3.77061, -1.40285], "size": [2.5, 4.1, 1], "pivot": [2.2781, 9.95361, -0.31174], "rotation": [-14.30924, -2.66436, -19.98323], "uv": [106, 65]}
					]
				},
				{
					"name": "BackClothe",
					"parent": "clothe",
					"pivot": [-2.2781, 9.95361, 3.31174]
				},
				{
					"name": "BM",
					"parent": "BackClothe",
					"pivot": [-2.2781, 9.95361, 3.31174],
					"cubes": [
						{"origin": [-2.5, 6.81056, 3.4433], "size": [5, 5, 1], "pivot": [-2.2781, 9.95361, 3.31174], "rotation": [15, 0, 0], "uv": [82, 77]},
						{"origin": [-3.5, 3.81056, 3.4433], "size": [7, 3, 1], "pivot": [-2.2781, 9.95361, 3.31174], "rotation": [15, 0, 0], "uv": [30, 76]},
						{"origin": [-1.5, 11.81056, 3.4433], "size": [3, 2, 1], "pivot": [-2.2781, 9.95361, 3.31174], "rotation": [15, 0, 0], "uv": [106, 57]}
					]
				},
				{
					"name": "BR",
					"parent": "BackClothe",
					"pivot": [-2.2781, 9.95361, 3.31174],
					"cubes": [
						{"origin": [-3.86467, 3.77061, 3.40285], "size": [2.5, 3.6, 1], "pivot": [-2.2781, 9.95361, 3.31174], "rotation": [14.30924, -2.66436, 19.98323], "uv": [106, 60]},
						{"origin": [-3.86467, 7.37061, 3.40285], "size": [2.5, 6.5, 1], "pivot": [-2.2781, 9.95361, 3.31174], "rotation": [14.30924, -2.66436, 19.98323], "uv": [92, 100]}
					]
				},
				{
					"name": "BL",
					"parent": "BackClothe",
					"pivot": [2.2781, 9.95361, 3.31174],
					"cubes": [
						{"origin": [1.36467, 7.37061, 3.40285], "size": [2.5, 6.5, 1], "pivot": [2.2781, 9.95361, 3.31174], "rotation": [14.30924, 2.66436, -19.98323], "uv": [46, 101]},
						{"origin": [1.36467, 3.77061, 3.40285], "size": [2.5, 3.6, 1], "pivot": [2.2781, 9.95361, 3.31174], "rotation": [14.30924, 2.66436, -19.98323], "uv": [106, 70]}
					]
				},
				{
					"name": "DownBody",
					"parent": "AllBody",
					"pivot": [0, 0, 0]
				},
				{
					"name": "RightLeg",
					"parent": "DownBody",
					"pivot": [-2, 10.48205, 1.47853],
					"cubes": [
						{"origin": [-3.5, 6, 0], "size": [3, 5, 3], "uv": [0, 74]},
						{"origin": [-3.375, 4.5, 2.725], "size": [2.75, 2, 2], "pivot": [18.375, 1.5, 1.725], "rotation": [30, 0, 0], "uv": [104, 12]}
					]
				},
				{
					"name": "RightLowerLeg",
					"parent": "RightLeg",
					"pivot": [-2.0125, 6.1875, 1.625],
					"cubes": [
						{"origin": [-3.5, 3, 0.125], "size": [3, 3, 3], "uv": [86, 45]},
						{"origin": [-3.65, 1.75, -0.025], "size": [3.25, 3.25, 3.3], "uv": [72, 137]},
						{"origin": [-3.65, 2.75, -0.025], "size": [3.25, 2.25, 3.3], "uv": [80, 89], "mirror": true}
					]
				},
				{
					"name": "RightFoot",
					"parent": "RightLowerLeg",
					"pivot": [-1.93536, 2.23926, 0.66383],
					"cubes": [
						{"origin": [-3.7, 1, -2], "size": [3.35, 1.75, 5.5], "uv": [64, 25]},
						{"origin": [-3.4, 1.886, -1.31737], "size": [2.775, 1.75, 3], "pivot": [-2, 1.93571, 0], "rotation": [30, 0, 0], "uv": [96, 92]},
						{"origin": [-3.825, 0, -2.25], "size": [3.525, 1, 2.25], "uv": [102, 25]},
						{"origin": [-3.85, 0.26337, -2.34452], "size": [3.6, 1.225, 5.95], "pivot": [-2, 1.93571, 0.05], "rotation": [7, 0, 0], "uv": [66, 34]},
						{"origin": [-3.8, 0, 2], "size": [3.5, 1, 1.75], "uv": [82, 37]},
						{"origin": [-0.875, 1, -1.025], "size": [1.05, 2.825, 1.1], "inflate": -0.3, "uv": [126, 31], "mirror": true},
						{"origin": [-0.84431, 3.06066, -1.04144], "size": [1.025, 1, 1], "inflate": -0.3, "pivot": [-0.39431, 3.51066, -0.59144], "rotation": [-66.2482, -0.6865, -0.3021], "uv": [0, 129], "mirror": true},
						{"origin": [-2.3, 2.43993, -2.47288], "size": [1.15, 2.525, 1], "inflate": -0.3, "pivot": [-1.8, 2.65243, -1.67288], "rotation": [-58.4384, 39.6946, 21.422], "uv": [128, 3], "mirror": true},
						{"origin": [-2.2, 2.025, -2.45], "size": [1.15, 1.225, 1.6], "inflate": -0.3, "pivot": [-1.625, 2.6625, -1.65], "rotation": [-66.25, 0, 0], "uv": [128, 127], "mirror": true},
						{"origin": [-2.075, 2.03993, -2.47288], "size": [1.15, 3.225, 1.6], "inflate": -0.3, "pivot": [-1.8, 2.65243, -1.67288], "rotation": [-50.0982, -51.1086, -33.0573], "uv": [26, 126], "mirror": true},
						{"origin": [-4.29431, 3.13566, -1.04144], "size": [1.15, 1.075, 1], "inflate": -0.3, "pivot": [-0.39431, 3.51066, -0.59144], "rotation": [-66.2482, -0.6865, -0.3021], "uv": [128, 125], "mirror": true},
						{"origin": [-4.325, 1, -1.025], "size": [1.05, 2.825, 1.1], "inflate": -0.3, "uv": [126, 20], "mirror": true},
						{"origin": [-2.2, 0.5, -2.45], "size": [1.15, 2.775, 1.6], "inflate": -0.3, "uv": [128, 0], "mirror": true}
					]
				},
				{
					"name": "LeftLeg",
					"parent": "DownBody",
					"pivot": [2, 10.48205, 1.47853],
					"cubes": [
						{"origin": [0.5, 6, 0], "size": [3, 5, 3], "uv": [46, 76]},
						{"origin": [0.625, 4.5, 2.725], "size": [2.75, 2, 2], "pivot": [-18.375, 1.5, 1.725], "rotation": [30, 0, 0], "uv": [104, 20]}
					]
				},
				{
					"name": "LeftLowerLeg",
					"parent": "LeftLeg",
					"pivot": [2.0125, 6.1875, 1.625],
					"cubes": [
						{"origin": [0.5, 3, 0.125], "size": [3, 3, 3], "uv": [86, 51]},
						{"origin": [0.4, 2.75, -0.025], "size": [3.25, 2.25, 3.3], "uv": [80, 89]},
						{"origin": [0.4, 1.75, -0.025], "size": [3.25, 3.25, 3.3], "uv": [72, 137], "mirror": true}
					]
				},
				{
					"name": "LeftFoot",
					"parent": "LeftLowerLeg",
					"pivot": [1.93536, 2.23926, 0.66383],
					"cubes": [
						{"origin": [0.625, 1.886, -1.31737], "size": [2.775, 1.75, 3], "pivot": [2, 1.93571, 0], "rotation": [30, 0, 0], "uv": [96, 96]},
						{"origin": [0.25, 0.26337, -2.34452], "size": [3.6, 1.225, 5.95], "pivot": [2, 1.93571, 0.05], "rotation": [7, 0, 0], "uv": [72, 72]},
						{"origin": [0.3, 0, 2], "size": [3.5, 1, 1.75], "uv": [86, 12]},
						{"origin": [0.35, 1, -2], "size": [3.35, 1.75, 5.5], "uv": [64, 25], "mirror": true},
						{"origin": [-0.175, 1, -1.025], "size": [1.05, 2.825, 1.1], "inflate": -0.3, "uv": [126, 31]},
						{"origin": [-0.18069, 3.06066, -1.04144], "size": [1.025, 1, 1], "inflate": -0.3, "pivot": [0.39431, 3.51066, -0.59144], "rotation": [-66.2482, 0.6865, 0.3021], "uv": [0, 129]},
						{"origin": [1.15, 2.43993, -2.47288], "size": [1.15, 2.525, 1], "inflate": -0.3, "pivot": [1.8, 2.65243, -1.67288], "rotation": [-58.4384, -39.6946, -21.422], "uv": [128, 3]},
						{"origin": [1.05, 2.025, -2.45], "size": [1.15, 1.225, 1.6], "inflate": -0.3, "pivot": [1.625, 2.6625, -1.65], "rotation": [-66.25, 0, 0], "uv": [128, 127]},
						{"origin": [0.925, 2.03993, -2.47288], "size": [1.15, 3.225, 1.6], "inflate": -0.3, "pivot": [1.8, 2.65243, -1.67288], "rotation": [-50.0982, 51.1086, 33.0573], "uv": [26, 126]},
						{"origin": [3.14431, 3.13566, -1.04144], "size": [1.15, 1.075, 1], "inflate": -0.3, "pivot": [0.39431, 3.51066, -0.59144], "rotation": [-66.2482, 0.6865, 0.3021], "uv": [128, 125]},
						{"origin": [3.275, 1, -1.025], "size": [1.05, 2.825, 1.1], "inflate": -0.3, "uv": [126, 20]},
						{"origin": [1.05, 0.5, -2.45], "size": [1.15, 2.775, 1.6], "inflate": -0.3, "uv": [128, 0]},
						{"origin": [0.3, 0, -2.25], "size": [3.525, 1, 2.25], "uv": [102, 25], "mirror": true}
					]
				},
				{
					"name": "FOX",
					"parent": "Root",
					"pivot": [0, 2.5, 1.25]
				},
				{
					"name": "AllBody2",
					"parent": "FOX",
					"pivot": [0, 2.41667, 4.75]
				},
				{
					"name": "UpBody2",
					"parent": "AllBody2",
					"pivot": [0, 4.75, -1.5625]
				},
				{
					"name": "UpperBody2",
					"parent": "UpBody2",
					"pivot": [0, 7, -4.5]
				},
				{
					"name": "AllHead2",
					"parent": "UpperBody2",
					"pivot": [0, 7, -4.5]
				},
				{
					"name": "Head3",
					"parent": "AllHead2",
					"pivot": [0, 0, 1.25],
					"cubes": [
						{
							"origin": [-4, 2.5, -5.75],
							"size": [8, 6, 6],
							"uv": {
								"north": {"uv": [207, 13], "uv_size": [8, 6]},
								"east": {"uv": [201, 13], "uv_size": [6, 6]},
								"south": {"uv": [221, 13], "uv_size": [8, 6]},
								"west": {"uv": [215, 13], "uv_size": [6, 6]},
								"up": {"uv": [207, 7], "uv_size": [8, 6]},
								"down": {"uv": [215, 13], "uv_size": [8, -6]}
							}
						}
					]
				},
				{
					"name": "zui2",
					"parent": "Head3",
					"pivot": [0, 0, 1.25],
					"cubes": [
						{
							"origin": [-2, 2.5, -8.25],
							"size": [4, 2, 2.5],
							"uv": {
								"north": {"uv": [201, 37], "uv_size": [4, 2]},
								"east": {"uv": [209, 37], "uv_size": [3, 2]},
								"south": {"uv": [205, 37], "uv_size": [4, 2]},
								"west": {"uv": [212, 37], "uv_size": [3, 2]},
								"up": {"uv": [223, 36], "uv_size": [4, 3]},
								"down": {"uv": [227, 39], "uv_size": [4, -3]}
							}
						}
					]
				},
				{
					"name": "LeftHand2",
					"parent": "zui2",
					"pivot": [1.5, 4.25, -7.5],
					"rotation": [-90, 0, 90]
				},
				{
					"name": "LeftHandLocator2",
					"parent": "LeftHand2",
					"pivot": [1.5, 4.25, -7.5]
				},
				{
					"name": "RightHand2",
					"parent": "zui2",
					"pivot": [-1.5, 4.25, -7.5],
					"rotation": [90, 0, 90]
				},
				{
					"name": "RightHandLocator2",
					"parent": "RightHand2",
					"pivot": [-1.5, 4.25, -7.5]
				},
				{
					"name": "Ear2",
					"parent": "Head3",
					"pivot": [0, 0, 1.25]
				},
				{
					"name": "RightEar",
					"parent": "Ear2",
					"pivot": [0, 0, 1.25],
					"cubes": [
						{
							"origin": [-4, 8.5, -4.75],
							"size": [2, 2, 1],
							"uv": {
								"north": {"uv": [224, 31], "uv_size": [2, 2]},
								"east": {"uv": [223, 31], "uv_size": [1, 2]},
								"south": {"uv": [227, 31], "uv_size": [2, 2]},
								"west": {"uv": [226, 31], "uv_size": [1, 2]},
								"up": {"uv": [224, 30], "uv_size": [2, 1]},
								"down": {"uv": [226, 31], "uv_size": [2, -1]}
							}
						}
					]
				},
				{
					"name": "LeftEar",
					"parent": "Ear2",
					"pivot": [0, 0, 1.25],
					"cubes": [
						{
							"origin": [2, 8.5, -4.75],
							"size": [2, 2, 1],
							"uv": {
								"north": {"uv": [226, 31], "uv_size": [-2, 2]},
								"east": {"uv": [227, 31], "uv_size": [-1, 2]},
								"south": {"uv": [229, 31], "uv_size": [-2, 2]},
								"west": {"uv": [224, 31], "uv_size": [-1, 2]},
								"up": {"uv": [226, 30], "uv_size": [-2, 1]},
								"down": {"uv": [228, 31], "uv_size": [-2, -1]}
							}
						}
					]
				},
				{
					"name": "Arm2",
					"parent": "UpperBody2",
					"pivot": [0, 1.25, -1]
				},
				{
					"name": "RightArm2",
					"parent": "Arm2",
					"pivot": [-1.25, 2.25, -1],
					"cubes": [
						{
							"origin": [-2, 0, -1.75],
							"size": [1.5, 2.5, 1.5],
							"uv": {
								"north": {"uv": [228, 34], "uv_size": [1, 2]},
								"east": {"uv": [227, 34], "uv_size": [1, 2]},
								"south": {"uv": [230, 34], "uv_size": [1, 2]},
								"west": {"uv": [229, 34], "uv_size": [1, 2]},
								"up": {"uv": [228, 33], "uv_size": [1, 1]},
								"down": {"uv": [229, 34], "uv_size": [1, -1]}
							}
						}
					]
				},
				{
					"name": "LeftArm2",
					"parent": "Arm2",
					"pivot": [1.25, 2.25, -1],
					"cubes": [
						{
							"origin": [0.5, 0, -1.75],
							"size": [1.5, 2.5, 1.5],
							"uv": {
								"north": {"uv": [224, 34], "uv_size": [1, 2]},
								"east": {"uv": [223, 34], "uv_size": [1, 2]},
								"south": {"uv": [226, 34], "uv_size": [1, 2]},
								"west": {"uv": [225, 34], "uv_size": [1, 2]},
								"up": {"uv": [224, 33], "uv_size": [1, 1]},
								"down": {"uv": [225, 34], "uv_size": [1, -1]}
							}
						}
					]
				},
				{
					"name": "Body",
					"parent": "UpperBody2",
					"pivot": [0, 4.25, 1.09375],
					"cubes": [
						{
							"origin": [-2, 2.5, 0.25],
							"size": [4, 3.5, 4.5],
							"uv": {
								"north": {"uv": [221, 23], "uv_size": [4, 3]},
								"east": {"uv": [217, 23], "uv_size": [4, 3]},
								"south": {"uv": [229, 23], "uv_size": [4, 3]},
								"west": {"uv": [225, 23], "uv_size": [4, 3]},
								"up": {"uv": [221, 19], "uv_size": [4, 4]},
								"down": {"uv": [225, 23], "uv_size": [4, -4]}
							}
						}
					]
				},
				{
					"name": "bow2",
					"parent": "Body",
					"pivot": [0, 6.77266, 1.2875],
					"rotation": [-90, 180, 0],
					"cubes": [
						{
							"origin": [-0.7875, 5.98516, 0.7625],
							"size": [1.575, 1.575, 1.05],
							"uv": {
								"north": {"uv": [230, 31], "uv_size": [1, 1]},
								"east": {"uv": [229, 31], "uv_size": [1, 1]},
								"south": {"uv": [232, 31], "uv_size": [1, 1]},
								"west": {"uv": [231, 31], "uv_size": [1, 1]},
								"up": {"uv": [230, 30], "uv_size": [1, 1]},
								"down": {"uv": [231, 31], "uv_size": [1, -1]}
							}
						},
						{
							"origin": [-0.7875, 5.98516, 0.7625],
							"size": [1.575, 1.575, 1.05],
							"uv": {
								"north": {"uv": [231, 31], "uv_size": [-1, 1]},
								"east": {"uv": [232, 31], "uv_size": [-1, 1]},
								"south": {"uv": [233, 31], "uv_size": [-1, 1]},
								"west": {"uv": [230, 31], "uv_size": [-1, 1]},
								"up": {"uv": [231, 30], "uv_size": [-1, 1]},
								"down": {"uv": [232, 31], "uv_size": [-1, -1]}
							}
						}
					]
				},
				{
					"name": "bowR3",
					"parent": "bow2",
					"pivot": [13.89364, 6.69773, 1.28338],
					"rotation": [0, 4, 0],
					"cubes": [
						{
							"origin": [-0.25983, 14.50604, 1.1073],
							"size": [2.415, 1.26, 1.05],
							"pivot": [13.99864, 6.38273, 1.28338],
							"rotation": [2.11751, -4.53051, -35.58377],
							"uv": {
								"north": {"uv": [210, 32], "uv_size": [2, 1]},
								"east": {"uv": [209, 32], "uv_size": [1, 1]},
								"south": {"uv": [213, 32], "uv_size": [2, 1]},
								"west": {"uv": [212, 32], "uv_size": [1, 1]},
								"up": {"uv": [210, 31], "uv_size": [2, 1]},
								"down": {"uv": [212, 32], "uv_size": [2, -1]}
							}
						},
						{
							"origin": [-3.00028, 8.72292, 1.07705],
							"size": [2.52, 1.575, 1.04999],
							"pivot": [13.89364, 6.69773, 1.28338],
							"rotation": [0, -5, -10.5],
							"uv": {
								"north": {"uv": [226, 27], "uv_size": [2, 1]},
								"east": {"uv": [225, 27], "uv_size": [1, 1]},
								"south": {"uv": [229, 27], "uv_size": [2, 1]},
								"west": {"uv": [228, 27], "uv_size": [1, 1]},
								"up": {"uv": [226, 26], "uv_size": [2, 1]},
								"down": {"uv": [228, 27], "uv_size": [2, -1]}
							}
						}
					]
				},
				{
					"name": "bowL3",
					"parent": "bow2",
					"pivot": [15.50636, 6.48773, 1.28338],
					"rotation": [0, -5, 0],
					"cubes": [
						{
							"origin": [0.95845, 3.35523, 0.85003],
							"size": [2.52, 1.575, 1.05],
							"pivot": [15.64569, 6.62004, 1.26368],
							"rotation": [0, 5, 10.5],
							"uv": {
								"north": {"uv": [226, 29], "uv_size": [2, 1]},
								"east": {"uv": [225, 29], "uv_size": [1, 1]},
								"south": {"uv": [229, 29], "uv_size": [2, 1]},
								"west": {"uv": [228, 29], "uv_size": [1, 1]},
								"up": {"uv": [226, 28], "uv_size": [2, 1]},
								"down": {"uv": [228, 29], "uv_size": [2, -1]}
							}
						},
						{
							"origin": [3.38251, -2.59328, 0.88619],
							"size": [2.415, 1.26, 1.05],
							"pivot": [15.50636, 6.48773, 1.28338],
							"rotation": [2.11751, 4.53051, 35.58377],
							"uv": {
								"north": {"uv": [202, 33], "uv_size": [2, 1]},
								"east": {"uv": [201, 33], "uv_size": [1, 1]},
								"south": {"uv": [205, 33], "uv_size": [2, 1]},
								"west": {"uv": [204, 33], "uv_size": [1, 1]},
								"up": {"uv": [202, 32], "uv_size": [2, 1]},
								"down": {"uv": [204, 33], "uv_size": [2, -1]}
							}
						}
					]
				},
				{
					"name": "bowL4",
					"parent": "bow2",
					"pivot": [15.48577, 5.82238, 1.50479],
					"rotation": [20.97372, 1.07468, -2.80107],
					"cubes": [
						{
							"origin": [0.39936, 6.09219, 1.42198],
							"size": [1.05, 2.625, 1.05],
							"pivot": [15.38077, 5.92738, 1.39979],
							"rotation": [-21.88223, -4.08471, -5.25655],
							"uv": {
								"north": {"uv": [230, 11], "uv_size": [1, 2]},
								"east": {"uv": [229, 11], "uv_size": [1, 2]},
								"south": {"uv": [232, 11], "uv_size": [1, 2]},
								"west": {"uv": [231, 11], "uv_size": [1, 2]},
								"up": {"uv": [230, 10], "uv_size": [1, 1]},
								"down": {"uv": [231, 11], "uv_size": [1, -1]}
							}
						},
						{
							"origin": [0.89577, 8.35469, 1.5341],
							"size": [1.05, 2.625, 1.05],
							"pivot": [15.90577, 6.13738, 1.50479],
							"rotation": [-21.09913, -7.20371, -13.20321],
							"uv": {
								"north": {"uv": [230, 14], "uv_size": [1, 2]},
								"east": {"uv": [229, 14], "uv_size": [1, 2]},
								"south": {"uv": [232, 14], "uv_size": [1, 2]},
								"west": {"uv": [231, 14], "uv_size": [1, 2]},
								"up": {"uv": [230, 13], "uv_size": [1, 1]},
								"down": {"uv": [231, 14], "uv_size": [1, -1]}
							}
						}
					]
				},
				{
					"name": "bowL5",
					"parent": "bowL4",
					"pivot": [15.80077, 3.82738, 0.76979],
					"cubes": [
						{
							"origin": [0.63756, 3.11757, 0.63144],
							"size": [1.05, 3.15, 1.05],
							"pivot": [15.90577, 3.93238, 0.66479],
							"rotation": [-21.88223, -4.08471, -5.25655],
							"uv": {
								"north": {"uv": [205, 34], "uv_size": [1, 3]},
								"east": {"uv": [206, 34], "uv_size": [1, 3]},
								"south": {"uv": [215, 37], "uv_size": [1, 3]},
								"west": {"uv": [216, 37], "uv_size": [1, 3]},
								"up": {"uv": [215, 31], "uv_size": [1, 1]},
								"down": {"uv": [216, 32], "uv_size": [1, -1]}
							}
						},
						{
							"origin": [1.4876, 5.24226, 0.64771],
							"size": [1.05, 3.15, 1.05],
							"pivot": [15.90577, 3.93238, 0.76979],
							"rotation": [-21.09913, -7.20371, -13.20321],
							"uv": {
								"north": {"uv": [208, 34], "uv_size": [1, 3]},
								"east": {"uv": [207, 34], "uv_size": [1, 3]},
								"south": {"uv": [210, 34], "uv_size": [1, 3]},
								"west": {"uv": [209, 34], "uv_size": [1, 3]},
								"up": {"uv": [208, 33], "uv_size": [1, 1]},
								"down": {"uv": [209, 34], "uv_size": [1, -1]}
							}
						}
					]
				},
				{
					"name": "bowR4",
					"parent": "bow2",
					"pivot": [14.01924, 5.92738, 1.32104],
					"rotation": [21.8831, -9.14577, 7.38562],
					"cubes": [
						{
							"origin": [-0.5123, -1.46098, 1.4712],
							"size": [1.05, 3.67499, 1.05],
							"pivot": [13.80924, 6.03237, 1.32104],
							"rotation": [-18.4536, 11.31542, 9.17364],
							"uv": {
								"north": {"uv": [212, 34], "uv_size": [1, 3]},
								"east": {"uv": [211, 34], "uv_size": [1, 3]},
								"south": {"uv": [214, 34], "uv_size": [1, 3]},
								"west": {"uv": [213, 34], "uv_size": [1, 3]},
								"up": {"uv": [212, 33], "uv_size": [1, 1]},
								"down": {"uv": [213, 34], "uv_size": [1, -1]}
							}
						},
						{
							"origin": [-0.96292, 0.67945, 1.41807],
							"size": [1.05, 3.57, 1.05],
							"pivot": [13.91424, 5.92738, 1.32104],
							"rotation": [-19.86021, 8.52131, 1.02311],
							"uv": {
								"north": {"uv": [216, 34], "uv_size": [1, 3]},
								"east": {"uv": [215, 34], "uv_size": [1, 3]},
								"south": {"uv": [218, 34], "uv_size": [1, 3]},
								"west": {"uv": [217, 34], "uv_size": [1, 3]},
								"up": {"uv": [216, 33], "uv_size": [1, 1]},
								"down": {"uv": [217, 34], "uv_size": [1, -1]}
							}
						}
					]
				},
				{
					"name": "bowR5",
					"parent": "bowR4",
					"pivot": [13.49424, 3.61738, 0.90104],
					"cubes": [
						{
							"origin": [-1.10618, -2.2476, 0.66375],
							"size": [1.05, 3.045, 1.05],
							"pivot": [13.74393, 3.79944, 0.6207],
							"rotation": [-19.86021, 8.52131, 1.02311],
							"uv": {
								"north": {"uv": [220, 34], "uv_size": [1, 3]},
								"east": {"uv": [219, 34], "uv_size": [1, 3]},
								"south": {"uv": [222, 34], "uv_size": [1, 3]},
								"west": {"uv": [221, 34], "uv_size": [1, 3]},
								"up": {"uv": [220, 33], "uv_size": [1, 1]},
								"down": {"uv": [221, 34], "uv_size": [1, -1]}
							}
						},
						{
							"origin": [-0.98904, -3.49643, 0.68551],
							"size": [1.05, 2.1, 1.05],
							"pivot": [13.28424, 3.61738, 0.90104],
							"rotation": [-18.4536, 11.31542, 9.17364],
							"uv": {
								"north": {"uv": [230, 17], "uv_size": [1, 2]},
								"east": {"uv": [229, 17], "uv_size": [1, 2]},
								"south": {"uv": [232, 17], "uv_size": [1, 2]},
								"west": {"uv": [231, 17], "uv_size": [1, 2]},
								"up": {"uv": [230, 16], "uv_size": [1, 1]},
								"down": {"uv": [231, 17], "uv_size": [1, -1]}
							}
						}
					]
				},
				{
					"name": "weibo",
					"parent": "Body",
					"pivot": [1.35, 2.35, 0.55],
					"cubes": [
						{
							"origin": [-2.25, 2.35, 0.3],
							"size": [4.5, 4, 0.5],
							"uv": {
								"north": {"uv": [201, 7], "uv_size": [4.5, 4]},
								"east": {"uv": [201, 7], "uv_size": [0.5, 4]},
								"south": {"uv": [201, 7], "uv_size": [4.5, 4]},
								"west": {"uv": [201, 7], "uv_size": [0.5, 4]},
								"up": {"uv": [205.5, 7.5], "uv_size": [-4.5, -0.5]},
								"down": {"uv": [205.5, 7.5], "uv_size": [-4.5, -0.5]}
							}
						},
						{
							"origin": [-2.15, 2.45, 0.55],
							"size": [4.25, 3.75, 1],
							"uv": {
								"north": {"uv": [214, 31], "uv_size": [4, 3]},
								"east": {"uv": [213, 31], "uv_size": [1, 3]},
								"south": {"uv": [219, 31], "uv_size": [4, 3]},
								"west": {"uv": [218, 31], "uv_size": [1, 3]},
								"up": {"uv": [214, 30], "uv_size": [4, 1]},
								"down": {"uv": [218, 31], "uv_size": [4, -1]}
							}
						},
						{
							"origin": [-2.25, 2.35, 1.3],
							"size": [4.5, 4, 0.5],
							"uv": {
								"north": {"uv": [201, 7], "uv_size": [4.5, 4]},
								"east": {"uv": [201, 7], "uv_size": [0.5, 4]},
								"south": {"uv": [201, 7], "uv_size": [4.5, 4]},
								"west": {"uv": [201, 7], "uv_size": [0.5, 4]},
								"up": {"uv": [205.5, 7.5], "uv_size": [-4.5, -0.5]},
								"down": {"uv": [205.5, 7.5], "uv_size": [-4.5, -0.5]}
							}
						}
					]
				},
				{
					"name": "weibo2",
					"parent": "Body",
					"pivot": [-1.35, 2.35, 0.55],
					"cubes": [
						{
							"origin": [-2.1, 2.45, 0.55],
							"size": [4.25, 3.75, 1],
							"uv": {
								"north": {"uv": [218, 31], "uv_size": [-4, 3]},
								"east": {"uv": [219, 31], "uv_size": [-1, 3]},
								"south": {"uv": [223, 31], "uv_size": [-4, 3]},
								"west": {"uv": [214, 31], "uv_size": [-1, 3]},
								"up": {"uv": [218, 30], "uv_size": [-4, 1]},
								"down": {"uv": [222, 31], "uv_size": [-4, -1]}
							}
						}
					]
				},
				{
					"name": "DownBody2",
					"parent": "AllBody2",
					"pivot": [0, 2.41667, 4.75]
				},
				{
					"name": "Leg",
					"parent": "DownBody2",
					"pivot": [0, 0, 1.25]
				},
				{
					"name": "RightLeg2",
					"parent": "Leg",
					"pivot": [-1.25, 2.25, 3.5],
					"cubes": [
						{
							"origin": [-2, 0, 2.75],
							"size": [1.5, 2.5, 1.5],
							"uv": {
								"north": {"uv": [202, 35], "uv_size": [1, 2]},
								"east": {"uv": [201, 35], "uv_size": [1, 2]},
								"south": {"uv": [204, 35], "uv_size": [1, 2]},
								"west": {"uv": [203, 35], "uv_size": [1, 2]},
								"up": {"uv": [202, 34], "uv_size": [1, 1]},
								"down": {"uv": [203, 35], "uv_size": [1, -1]}
							}
						}
					]
				},
				{
					"name": "LeftLeg2",
					"parent": "Leg",
					"pivot": [1.25, 2.25, 3.5],
					"cubes": [
						{
							"origin": [0.5, 0, 2.75],
							"size": [1.5, 2.5, 1.5],
							"uv": {
								"north": {"uv": [230, 8], "uv_size": [1, 2]},
								"east": {"uv": [229, 8], "uv_size": [1, 2]},
								"south": {"uv": [232, 8], "uv_size": [1, 2]},
								"west": {"uv": [231, 8], "uv_size": [1, 2]},
								"up": {"uv": [230, 7], "uv_size": [1, 1]},
								"down": {"uv": [231, 8], "uv_size": [1, -1]}
							}
						}
					]
				},
				{
					"name": "wb",
					"parent": "DownBody2",
					"pivot": [0, 4.5, 4.5],
					"cubes": [
						{
							"origin": [-1.25, 3.25, 4.25],
							"size": [2.5, 3, 6],
							"uv": {
								"north": {"uv": [207, 25], "uv_size": [2, 3]},
								"east": {"uv": [201, 25], "uv_size": [6, 3]},
								"south": {"uv": [215, 25], "uv_size": [2, 3]},
								"west": {"uv": [209, 25], "uv_size": [6, 3]},
								"up": {"uv": [207, 19], "uv_size": [2, 6]},
								"down": {"uv": [209, 25], "uv_size": [2, -6]}
							}
						}
					]
				},
				{
					"name": "gui",
					"pivot": [0, 0, 0]
				},
				{
					"name": "curtain",
					"parent": "gui",
					"pivot": [0, 2.5, -0.5],
					"cubes": [
						{"origin": [-3, 0, -1], "size": [6, 5, 1], "uv": [190, 89]}
					]
				},
				{
					"name": "lan4",
					"parent": "gui",
					"pivot": [0, 2.5, -6.5],
					"cubes": [
						{"origin": [-3, 0, -1], "size": [6, 5, 1], "uv": [222, 89]}
					]
				},
				{
					"name": "lan3",
					"parent": "gui",
					"pivot": [0, 2.5, -0.5],
					"cubes": [
						{"origin": [-3, 0, -1], "size": [6, 5, 1], "uv": [242, 0]}
					]
				},
				{
					"name": "lan2",
					"parent": "gui",
					"pivot": [0, 2.5, -0.5],
					"cubes": [
						{"origin": [-3, 0, -1], "size": [6, 5, 1], "uv": [242, 70]}
					]
				},
				{
					"name": "lan",
					"parent": "gui",
					"pivot": [0, 2.5, -6.5],
					"cubes": [
						{"origin": [-3, 0, -1], "size": [6, 5, 1], "uv": [242, 76]}
					]
				},
				{
					"name": "bai",
					"parent": "gui",
					"pivot": [0, 2.5, 0],
					"cubes": [
						{"origin": [-3.5, 0, -1], "size": [7, 5, 2], "uv": [146, 74]}
					]
				},
				{
					"name": "molang",
					"pivot": [0, 0, 0]
				},
				{
					"name": "molang2",
					"pivot": [0, 0, 0]
				},
				{
					"name": "molang3",
					"pivot": [0, 0, 0]
				}
			]
		}
	]
}