{
	"format_version": "1.8.0",
	"animations": {
		"water": {
			"loop": true,
			"bones": {
				"Boat": {
					"position": [0, 4.5, 0]
				}
			}
		},
		"ground": {
			"loop": true
		},
		"fly": {
			"loop": true
		},
		"forward": {
			"loop": true
		},
		"idle": {
			"loop": true
		},
		"has_ride": {
			"loop": true
		},
		"not_ride": {
			"loop": true
		},
		"pre_parallel0": {
			"loop": true
		},
		"pre_parallel1": {
			"loop": true
		},
		"pre_parallel2": {
			"loop": true
		},
		"pre_parallel3": {
			"loop": true
		},
		"pre_parallel4": {
			"loop": true
		},
		"pre_parallel5": {
			"loop": true
		},
		"pre_parallel6": {
			"loop": true
		},
		"pre_parallel7": {
			"loop": true
		},
		"parallel0": {
			"loop": true
		},
		"parallel1": {
			"loop": true
		},
		"parallel2": {
			"loop": true
		},
		"parallel3": {
			"loop": true
		},
		"parallel4": {
			"loop": true
		},
		"parallel5": {
			"loop": true
		},
		"parallel6": {
			"loop": true
		},
		"parallel7": {
			"loop": true
		}
	},
	"geckolib_format_version": 2
}